FIPStxt,State,CENSUS_2020_POP
0,US,"331,449,281"
1000,AL,"5,024,279"
1001,AL,"58,805"
1003,AL,"231,767"
1005,AL,"25,223"
1007,AL,"22,293"
1009,AL,"59,134"
1011,AL,"10,357"
1013,AL,"19,051"
1015,AL,"116,441"
1017,AL,"34,772"
1019,AL,"24,971"
1021,AL,"45,014"
1023,AL,"12,665"
1025,AL,"23,087"
1027,AL,"14,236"
1029,AL,"15,056"
1031,AL,"53,465"
1033,AL,"57,227"
1035,AL,"11,597"
1037,AL,"10,387"
1039,AL,"37,570"
1041,AL,"13,194"
1043,AL,"87,866"
1045,AL,"49,326"
1047,AL,"38,462"
1049,AL,"71,608"
1051,AL,"87,977"
1053,AL,"36,757"
1055,AL,"103,436"
1057,AL,"16,321"
1059,AL,"32,113"
1061,AL,"26,659"
1063,AL,"7,730"
1065,AL,"14,785"
1067,AL,"17,146"
1069,AL,"107,202"
1071,AL,"52,579"
1073,AL,"674,721"
1075,AL,"13,972"
1077,AL,"93,564"
1079,AL,"33,073"
1081,AL,"174,241"
1083,AL,"103,570"
1085,AL,"10,311"
1087,AL,"19,532"
1089,AL,"388,153"
1091,AL,"19,323"
1093,AL,"29,341"
1095,AL,"97,612"
1097,AL,"414,809"
1099,AL,"19,772"
1101,AL,"228,954"
1103,AL,"123,421"
1105,AL,"8,511"
1107,AL,"19,123"
1109,AL,"33,009"
1111,AL,"21,967"
1113,AL,"59,183"
1115,AL,"91,103"
1117,AL,"223,024"
1119,AL,"12,345"
1121,AL,"82,149"
1123,AL,"41,311"
1125,AL,"227,036"
1127,AL,"65,342"
1129,AL,"15,388"
1131,AL,"10,600"
1133,AL,"23,540"
2000,AK,"733,391"
2013,AK,"3,420"
2016,AK,"5,232"
2020,AK,"291,247"
2050,AK,"18,666"
2060,AK,844
2063,AK,"7,102"
2066,AK,"2,617"
2068,AK,"1,619"
2070,AK,"4,857"
2090,AK,"95,655"
2100,AK,"2,080"
2105,AK,"2,365"
2110,AK,"32,255"
2122,AK,"58,799"
2130,AK,"13,948"
2150,AK,"13,101"
2158,AK,"8,368"
2164,AK,"1,476"
2170,AK,"107,081"
2180,AK,"10,046"
2185,AK,"11,031"
2188,AK,"7,793"
2195,AK,"3,398"
2198,AK,"5,753"
2220,AK,"8,458"
2230,AK,"1,240"
2240,AK,"6,808"
2275,AK,"2,127"
2282,AK,662
2290,AK,"5,343"
4000,AZ,"7,151,502"
4001,AZ,"66,021"
4003,AZ,"125,447"
4005,AZ,"145,101"
4007,AZ,"53,272"
4009,AZ,"38,533"
4011,AZ,"9,563"
4012,AZ,"16,557"
4013,AZ,"4,420,568"
4015,AZ,"213,267"
4017,AZ,"106,717"
4019,AZ,"1,043,433"
4021,AZ,"425,264"
4023,AZ,"47,669"
4025,AZ,"236,209"
4027,AZ,"203,881"
5000,AR,"3,011,524"
5001,AR,"17,149"
5003,AR,"19,062"
5005,AR,"41,627"
5007,AR,"284,333"
5009,AR,"37,373"
5011,AR,"10,545"
5013,AR,"4,739"
5015,AR,"28,260"
5017,AR,"10,208"
5019,AR,"21,446"
5021,AR,"14,552"
5023,AR,"24,711"
5025,AR,"7,550"
5027,AR,"22,801"
5029,AR,"20,715"
5031,AR,"111,231"
5033,AR,"60,133"
5035,AR,"48,163"
5037,AR,"16,833"
5039,AR,"6,482"
5041,AR,"11,395"
5043,AR,"17,350"
5045,AR,"123,498"
5047,AR,"17,097"
5049,AR,"12,075"
5051,AR,"100,180"
5053,AR,"17,958"
5055,AR,"45,736"
5057,AR,"20,065"
5059,AR,"33,040"
5061,AR,"12,785"
5063,AR,"37,938"
5065,AR,"13,577"
5067,AR,"16,755"
5069,AR,"67,260"
5071,AR,"25,749"
5073,AR,"6,308"
5075,AR,"16,216"
5077,AR,"8,600"
5079,AR,"12,941"
5081,AR,"12,026"
5083,AR,"21,131"
5085,AR,"74,015"
5087,AR,"16,521"
5089,AR,"16,826"
5091,AR,"42,600"
5093,AR,"40,685"
5095,AR,"6,799"
5097,AR,"8,484"
5099,AR,"8,310"
5101,AR,"7,225"
5103,AR,"22,650"
5105,AR,"10,019"
5107,AR,"16,568"
5109,AR,"10,171"
5111,AR,"22,965"
5113,AR,"19,221"
5115,AR,"63,381"
5117,AR,"8,282"
5119,AR,"399,125"
5121,AR,"18,571"
5123,AR,"23,090"
5125,AR,"123,416"
5127,AR,"9,836"
5129,AR,"7,828"
5131,AR,"127,799"
5133,AR,"15,839"
5135,AR,"17,271"
5137,AR,"12,359"
5139,AR,"39,054"
5141,AR,"15,796"
5143,AR,"245,871"
5145,AR,"76,822"
5147,AR,"6,269"
5149,AR,"20,263"
6000,CA,"39,538,223"
6001,CA,"1,682,353"
6003,CA,"1,204"
6005,CA,"40,474"
6007,CA,"211,632"
6009,CA,"45,292"
6011,CA,"21,839"
6013,CA,"1,165,927"
6015,CA,"27,743"
6017,CA,"191,185"
6019,CA,"1,008,654"
6021,CA,"28,917"
6023,CA,"136,463"
6025,CA,"179,702"
6027,CA,"19,016"
6029,CA,"909,235"
6031,CA,"152,486"
6033,CA,"68,163"
6035,CA,"32,730"
6037,CA,"10,014,009"
6039,CA,"156,255"
6041,CA,"262,321"
6043,CA,"17,131"
6045,CA,"91,601"
6047,CA,"281,202"
6049,CA,"8,700"
6051,CA,"13,195"
6053,CA,"439,035"
6055,CA,"138,019"
6057,CA,"102,241"
6059,CA,"3,186,989"
6061,CA,"404,739"
6063,CA,"19,790"
6065,CA,"2,418,185"
6067,CA,"1,585,055"
6069,CA,"64,209"
6071,CA,"2,181,654"
6073,CA,"3,298,634"
6075,CA,"873,965"
6077,CA,"779,233"
6079,CA,"282,424"
6081,CA,"764,442"
6083,CA,"448,229"
6085,CA,"1,936,259"
6087,CA,"270,861"
6089,CA,"182,155"
6091,CA,"3,236"
6093,CA,"44,076"
6095,CA,"453,491"
6097,CA,"488,863"
6099,CA,"552,878"
6101,CA,"99,633"
6103,CA,"65,829"
6105,CA,"16,112"
6107,CA,"473,117"
6109,CA,"55,620"
6111,CA,"843,843"
6113,CA,"216,403"
6115,CA,"81,575"
8000,CO,"5,773,714"
8001,CO,"519,572"
8003,CO,"16,376"
8005,CO,"655,070"
8007,CO,"13,359"
8009,CO,"3,506"
8011,CO,"5,650"
8013,CO,"330,758"
8014,CO,"74,112"
8015,CO,"19,476"
8017,CO,"1,748"
8019,CO,"9,397"
8021,CO,"7,461"
8023,CO,"3,499"
8025,CO,"5,922"
8027,CO,"4,704"
8029,CO,"31,196"
8031,CO,"715,522"
8033,CO,"2,326"
8035,CO,"357,978"
8037,CO,"55,731"
8039,CO,"26,062"
8041,CO,"730,395"
8043,CO,"48,939"
8045,CO,"61,685"
8047,CO,"5,808"
8049,CO,"15,717"
8051,CO,"16,918"
8053,CO,788
8055,CO,"6,820"
8057,CO,"1,379"
8059,CO,"582,910"
8061,CO,"1,446"
8063,CO,"7,087"
8065,CO,"7,436"
8067,CO,"55,638"
8069,CO,"359,066"
8071,CO,"14,555"
8073,CO,"5,675"
8075,CO,"21,528"
8077,CO,"155,703"
8079,CO,865
8081,CO,"13,292"
8083,CO,"25,849"
8085,CO,"42,679"
8087,CO,"29,111"
8089,CO,"18,690"
8091,CO,"4,874"
8093,CO,"17,390"
8095,CO,"4,530"
8097,CO,"17,358"
8099,CO,"11,999"
8101,CO,"168,162"
8103,CO,"6,529"
8105,CO,"11,539"
8107,CO,"24,829"
8109,CO,"6,368"
8111,CO,705
8113,CO,"8,072"
8115,CO,"2,404"
8117,CO,"31,055"
8119,CO,"24,710"
8121,CO,"4,817"
8123,CO,"328,981"
8125,CO,"9,988"
9000,CT,"3,605,944"
9001,CT,"957,419"
9003,CT,"899,498"
9005,CT,"185,186"
9007,CT,"164,245"
9009,CT,"864,835"
9011,CT,"268,555"
9013,CT,"149,788"
9015,CT,"116,418"
9110,CT,
9120,CT,
9130,CT,
9140,CT,
9150,CT,
9160,CT,
9170,CT,
9180,CT,
9190,CT,
10000,DE,"989,948"
10001,DE,"181,851"
10003,DE,"570,719"
10005,DE,"237,378"
11000,DC,"689,545"
11001,DC,"689,545"
12000,FL,"21,538,187"
12001,FL,"278,468"
12003,FL,"28,259"
12005,FL,"175,216"
12007,FL,"28,303"
12009,FL,"606,612"
12011,FL,"1,944,375"
12013,FL,"13,648"
12015,FL,"186,847"
12017,FL,"153,843"
12019,FL,"218,245"
12021,FL,"375,752"
12023,FL,"69,698"
12027,FL,"33,976"
12029,FL,"16,759"
12031,FL,"995,567"
12033,FL,"321,905"
12035,FL,"115,378"
12037,FL,"12,451"
12039,FL,"43,826"
12041,FL,"17,864"
12043,FL,"12,126"
12045,FL,"14,192"
12047,FL,"14,004"
12049,FL,"25,327"
12051,FL,"39,619"
12053,FL,"194,515"
12055,FL,"101,235"
12057,FL,"1,459,762"
12059,FL,"19,653"
12061,FL,"159,788"
12063,FL,"47,319"
12065,FL,"14,510"
12067,FL,"8,226"
12069,FL,"383,956"
12071,FL,"760,822"
12073,FL,"292,198"
12075,FL,"42,915"
12077,FL,"7,974"
12079,FL,"17,968"
12081,FL,"399,710"
12083,FL,"375,908"
12085,FL,"158,431"
12086,FL,"2,701,767"
12087,FL,"82,874"
12089,FL,"90,352"
12091,FL,"211,668"
12093,FL,"39,644"
12095,FL,"1,429,908"
12097,FL,"388,656"
12099,FL,"1,492,191"
12101,FL,"561,891"
12103,FL,"959,107"
12105,FL,"725,046"
12107,FL,"73,321"
12109,FL,"273,425"
12111,FL,"329,226"
12113,FL,"188,000"
12115,FL,"434,006"
12117,FL,"470,856"
12119,FL,"129,752"
12121,FL,"43,474"
12123,FL,"21,796"
12125,FL,"16,147"
12127,FL,"553,543"
12129,FL,"33,764"
12131,FL,"75,305"
12133,FL,"25,318"
13000,GA,"10,711,908"
13001,GA,"18,444"
13003,GA,"8,286"
13005,GA,"11,140"
13007,GA,"2,876"
13009,GA,"43,799"
13011,GA,"18,035"
13013,GA,"83,505"
13015,GA,"108,901"
13017,GA,"17,194"
13019,GA,"18,160"
13021,GA,"157,346"
13023,GA,"12,583"
13025,GA,"18,021"
13027,GA,"16,301"
13029,GA,"44,738"
13031,GA,"81,099"
13033,GA,"24,596"
13035,GA,"25,434"
13037,GA,"5,573"
13039,GA,"54,768"
13043,GA,"10,981"
13045,GA,"119,148"
13047,GA,"67,872"
13049,GA,"12,518"
13051,GA,"295,291"
13053,GA,"9,565"
13055,GA,"24,965"
13057,GA,"266,620"
13059,GA,"128,671"
13061,GA,"2,848"
13063,GA,"297,595"
13065,GA,"6,749"
13067,GA,"766,149"
13069,GA,"43,092"
13071,GA,"45,898"
13073,GA,"156,010"
13075,GA,"17,229"
13077,GA,"146,158"
13079,GA,"12,130"
13081,GA,"20,128"
13083,GA,"16,251"
13085,GA,"26,798"
13087,GA,"29,367"
13089,GA,"764,382"
13091,GA,"19,925"
13093,GA,"11,208"
13095,GA,"85,790"
13097,GA,"144,237"
13099,GA,"10,854"
13101,GA,"3,697"
13103,GA,"64,769"
13105,GA,"19,637"
13107,GA,"22,768"
13109,GA,"10,774"
13111,GA,"25,319"
13113,GA,"119,194"
13115,GA,"98,584"
13117,GA,"251,283"
13119,GA,"23,424"
13121,GA,"1,066,710"
13123,GA,"31,353"
13125,GA,"2,884"
13127,GA,"84,499"
13129,GA,"57,544"
13131,GA,"26,236"
13133,GA,"18,915"
13135,GA,"957,062"
13137,GA,"46,031"
13139,GA,"203,136"
13141,GA,"8,735"
13143,GA,"29,919"
13145,GA,"34,668"
13147,GA,"25,828"
13149,GA,"11,412"
13151,GA,"240,712"
13153,GA,"163,633"
13155,GA,"9,666"
13157,GA,"75,907"
13159,GA,"14,588"
13161,GA,"14,779"
13163,GA,"15,709"
13165,GA,"8,674"
13167,GA,"9,189"
13169,GA,"28,347"
13171,GA,"18,500"
13173,GA,"9,877"
13175,GA,"49,570"
13177,GA,"33,163"
13179,GA,"65,256"
13181,GA,"7,690"
13183,GA,"16,168"
13185,GA,"118,251"
13187,GA,"33,488"
13189,GA,"21,632"
13191,GA,"10,975"
13193,GA,"12,082"
13195,GA,"30,120"
13197,GA,"7,498"
13199,GA,"20,613"
13201,GA,"6,000"
13205,GA,"21,755"
13207,GA,"27,957"
13209,GA,"8,610"
13211,GA,"20,097"
13213,GA,"39,973"
13215,GA,"206,922"
13217,GA,"112,483"
13219,GA,"41,799"
13221,GA,"14,825"
13223,GA,"168,661"
13225,GA,"27,981"
13227,GA,"33,216"
13229,GA,"19,716"
13231,GA,"18,889"
13233,GA,"42,853"
13235,GA,"9,855"
13237,GA,"22,047"
13239,GA,"2,235"
13241,GA,"16,883"
13243,GA,"6,425"
13245,GA,"206,607"
13247,GA,"93,570"
13249,GA,"4,547"
13251,GA,"14,067"
13253,GA,"9,147"
13255,GA,"67,306"
13257,GA,"26,784"
13259,GA,"5,314"
13261,GA,"29,616"
13263,GA,"5,733"
13265,GA,"1,559"
13267,GA,"22,842"
13269,GA,"7,816"
13271,GA,"12,477"
13273,GA,"9,185"
13275,GA,"45,798"
13277,GA,"41,344"
13279,GA,"27,030"
13281,GA,"12,493"
13283,GA,"6,406"
13285,GA,"69,426"
13287,GA,"9,006"
13289,GA,"8,022"
13291,GA,"24,632"
13293,GA,"27,700"
13295,GA,"67,654"
13297,GA,"96,673"
13299,GA,"36,251"
13301,GA,"5,215"
13303,GA,"19,988"
13305,GA,"30,144"
13307,GA,"2,348"
13309,GA,"7,471"
13311,GA,"28,003"
13313,GA,"102,864"
13315,GA,"8,766"
13317,GA,"9,565"
13319,GA,"8,877"
13321,GA,"20,784"
15000,HI,"1,455,271"
15001,HI,"200,629"
15003,HI,"1,016,508"
15005,HI,82
15007,HI,"73,298"
15009,HI,"164,754"
16000,ID,"1,839,106"
16001,ID,"494,967"
16003,ID,"4,379"
16005,ID,"87,018"
16007,ID,"6,372"
16009,ID,"9,530"
16011,ID,"47,992"
16013,ID,"24,272"
16015,ID,"7,610"
16017,ID,"47,110"
16019,ID,"123,964"
16021,ID,"12,056"
16023,ID,"2,574"
16025,ID,"1,077"
16027,ID,"231,105"
16029,ID,"7,027"
16031,ID,"24,655"
16033,ID,790
16035,ID,"8,734"
16037,ID,"4,275"
16039,ID,"28,666"
16041,ID,"14,194"
16043,ID,"13,388"
16045,ID,"19,123"
16047,ID,"15,598"
16049,ID,"16,541"
16051,ID,"30,891"
16053,ID,"24,237"
16055,ID,"171,362"
16057,ID,"39,517"
16059,ID,"7,974"
16061,ID,"3,533"
16063,ID,"5,127"
16065,ID,"52,913"
16067,ID,"21,613"
16069,ID,"42,090"
16071,ID,"4,564"
16073,ID,"11,913"
16075,ID,"25,386"
16077,ID,"7,878"
16079,ID,"13,169"
16081,ID,"11,630"
16083,ID,"90,046"
16085,ID,"11,746"
16087,ID,"10,500"
17000,IL,"12,812,508"
17001,IL,"65,737"
17003,IL,"5,240"
17005,IL,"16,725"
17007,IL,"53,448"
17009,IL,"6,244"
17011,IL,"33,244"
17013,IL,"4,437"
17015,IL,"15,702"
17017,IL,"13,042"
17019,IL,"205,865"
17021,IL,"34,032"
17023,IL,"15,455"
17025,IL,"13,288"
17027,IL,"36,899"
17029,IL,"46,863"
17031,IL,"5,275,541"
17033,IL,"18,679"
17035,IL,"10,450"
17037,IL,"100,420"
17039,IL,"15,516"
17041,IL,"19,740"
17043,IL,"932,877"
17045,IL,"16,866"
17047,IL,"6,245"
17049,IL,"34,668"
17051,IL,"21,488"
17053,IL,"13,534"
17055,IL,"37,804"
17057,IL,"33,609"
17059,IL,"4,946"
17061,IL,"11,985"
17063,IL,"52,533"
17065,IL,"7,993"
17067,IL,"17,620"
17069,IL,"3,649"
17071,IL,"6,387"
17073,IL,"49,284"
17075,IL,"27,077"
17077,IL,"52,974"
17079,IL,"9,287"
17081,IL,"37,113"
17083,IL,"21,512"
17085,IL,"22,035"
17087,IL,"13,308"
17089,IL,"516,522"
17091,IL,"107,502"
17093,IL,"131,869"
17095,IL,"49,967"
17097,IL,"714,342"
17099,IL,"109,658"
17101,IL,"15,280"
17103,IL,"34,145"
17105,IL,"35,815"
17107,IL,"27,987"
17109,IL,"27,238"
17111,IL,"310,229"
17113,IL,"170,954"
17115,IL,"103,998"
17117,IL,"44,967"
17119,IL,"265,859"
17121,IL,"37,729"
17123,IL,"11,742"
17125,IL,"13,086"
17127,IL,"14,169"
17129,IL,"12,297"
17131,IL,"15,699"
17133,IL,"34,962"
17135,IL,"28,288"
17137,IL,"32,915"
17139,IL,"14,526"
17141,IL,"51,788"
17143,IL,"181,830"
17145,IL,"20,945"
17147,IL,"16,673"
17149,IL,"14,739"
17151,IL,"3,763"
17153,IL,"5,193"
17155,IL,"5,637"
17157,IL,"30,163"
17159,IL,"15,813"
17161,IL,"144,672"
17163,IL,"257,400"
17165,IL,"23,768"
17167,IL,"196,343"
17169,IL,"6,902"
17171,IL,"4,949"
17173,IL,"20,990"
17175,IL,"5,400"
17177,IL,"44,630"
17179,IL,"131,343"
17181,IL,"17,244"
17183,IL,"74,188"
17185,IL,"11,361"
17187,IL,"16,835"
17189,IL,"13,761"
17191,IL,"16,179"
17193,IL,"13,877"
17195,IL,"55,691"
17197,IL,"696,355"
17199,IL,"67,153"
17201,IL,"285,350"
17203,IL,"38,467"
18000,IN,"6,785,528"
18001,IN,"35,809"
18003,IN,"385,410"
18005,IN,"82,208"
18007,IN,"8,719"
18009,IN,"12,112"
18011,IN,"70,812"
18013,IN,"15,475"
18015,IN,"20,306"
18017,IN,"37,870"
18019,IN,"121,093"
18021,IN,"26,466"
18023,IN,"33,190"
18025,IN,"10,526"
18027,IN,"33,381"
18029,IN,"50,679"
18031,IN,"26,472"
18033,IN,"43,265"
18035,IN,"111,903"
18037,IN,"43,637"
18039,IN,"207,047"
18041,IN,"23,398"
18043,IN,"80,484"
18045,IN,"16,479"
18047,IN,"22,785"
18049,IN,"20,480"
18051,IN,"33,011"
18053,IN,"66,674"
18055,IN,"30,803"
18057,IN,"347,467"
18059,IN,"79,840"
18061,IN,"39,654"
18063,IN,"174,788"
18065,IN,"48,914"
18067,IN,"83,658"
18069,IN,"36,662"
18071,IN,"46,428"
18073,IN,"32,918"
18075,IN,"20,478"
18077,IN,"33,147"
18079,IN,"27,613"
18081,IN,"161,765"
18083,IN,"36,282"
18085,IN,"80,240"
18087,IN,"40,446"
18089,IN,"498,700"
18091,IN,"112,417"
18093,IN,"45,011"
18095,IN,"130,129"
18097,IN,"977,203"
18099,IN,"46,095"
18101,IN,"9,812"
18103,IN,"35,962"
18105,IN,"139,718"
18107,IN,"37,936"
18109,IN,"71,780"
18111,IN,"13,830"
18113,IN,"47,457"
18115,IN,"5,940"
18117,IN,"19,867"
18119,IN,"21,321"
18121,IN,"16,156"
18123,IN,"19,170"
18125,IN,"12,250"
18127,IN,"173,215"
18129,IN,"25,222"
18131,IN,"12,514"
18133,IN,"36,726"
18135,IN,"24,502"
18137,IN,"28,995"
18139,IN,"16,752"
18141,IN,"272,912"
18143,IN,"24,384"
18145,IN,"45,055"
18147,IN,"19,810"
18149,IN,"23,371"
18151,IN,"34,435"
18153,IN,"20,817"
18155,IN,"9,737"
18157,IN,"186,251"
18159,IN,"15,359"
18161,IN,"7,087"
18163,IN,"180,136"
18165,IN,"15,439"
18167,IN,"106,153"
18169,IN,"30,976"
18171,IN,"8,440"
18173,IN,"63,898"
18175,IN,"28,182"
18177,IN,"66,553"
18179,IN,"28,180"
18181,IN,"24,688"
18183,IN,"34,191"
19000,IA,"3,190,369"
19001,IA,"7,496"
19003,IA,"3,704"
19005,IA,"14,061"
19007,IA,"12,317"
19009,IA,"5,674"
19011,IA,"25,575"
19013,IA,"131,144"
19015,IA,"26,715"
19017,IA,"24,988"
19019,IA,"20,565"
19021,IA,"20,823"
19023,IA,"14,334"
19025,IA,"9,927"
19027,IA,"20,760"
19029,IA,"13,127"
19031,IA,"18,505"
19033,IA,"43,127"
19035,IA,"11,658"
19037,IA,"12,012"
19039,IA,"9,748"
19041,IA,"16,384"
19043,IA,"17,043"
19045,IA,"46,460"
19047,IA,"16,525"
19049,IA,"99,678"
19051,IA,"9,110"
19053,IA,"7,645"
19055,IA,"17,488"
19057,IA,"38,910"
19059,IA,"17,703"
19061,IA,"99,266"
19063,IA,"9,388"
19065,IA,"19,509"
19067,IA,"15,627"
19069,IA,"10,019"
19071,IA,"6,605"
19073,IA,"8,771"
19075,IA,"12,329"
19077,IA,"10,623"
19079,IA,"15,039"
19081,IA,"10,795"
19083,IA,"16,878"
19085,IA,"14,582"
19087,IA,"20,482"
19089,IA,"9,469"
19091,IA,"9,597"
19093,IA,"7,005"
19095,IA,"16,662"
19097,IA,"19,485"
19099,IA,"37,813"
19101,IA,"15,663"
19103,IA,"152,854"
19105,IA,"20,646"
19107,IA,"10,033"
19109,IA,"14,828"
19111,IA,"33,555"
19113,IA,"230,299"
19115,IA,"10,837"
19117,IA,"8,634"
19119,IA,"11,934"
19121,IA,"16,548"
19123,IA,"22,190"
19125,IA,"33,414"
19127,IA,"40,105"
19129,IA,"14,484"
19131,IA,"10,565"
19133,IA,"8,751"
19135,IA,"7,577"
19137,IA,"10,330"
19139,IA,"43,235"
19141,IA,"14,182"
19143,IA,"6,192"
19145,IA,"15,211"
19147,IA,"8,996"
19149,IA,"25,698"
19151,IA,"7,078"
19153,IA,"492,401"
19155,IA,"93,667"
19157,IA,"18,662"
19159,IA,"4,663"
19161,IA,"9,814"
19163,IA,"174,669"
19165,IA,"11,746"
19167,IA,"35,872"
19169,IA,"98,537"
19171,IA,"17,135"
19173,IA,"5,896"
19175,IA,"12,138"
19177,IA,"7,203"
19179,IA,"35,437"
19181,IA,"52,403"
19183,IA,"22,565"
19185,IA,"6,497"
19187,IA,"36,999"
19189,IA,"10,679"
19191,IA,"20,070"
19193,IA,"105,941"
19195,IA,"7,443"
19197,IA,"12,943"
20000,KS,"2,937,880"
20001,KS,"12,526"
20003,KS,"7,836"
20005,KS,"16,348"
20007,KS,"4,228"
20009,KS,"25,493"
20011,KS,"14,360"
20013,KS,"9,508"
20015,KS,"67,380"
20017,KS,"2,572"
20019,KS,"3,379"
20021,KS,"19,362"
20023,KS,"2,616"
20025,KS,"1,991"
20027,KS,"8,117"
20029,KS,"9,032"
20031,KS,"8,360"
20033,KS,"1,689"
20035,KS,"34,549"
20037,KS,"38,972"
20039,KS,"2,764"
20041,KS,"18,402"
20043,KS,"7,510"
20045,KS,"118,785"
20047,KS,"2,907"
20049,KS,"2,483"
20051,KS,"28,934"
20053,KS,"6,376"
20055,KS,"38,470"
20057,KS,"34,287"
20059,KS,"25,996"
20061,KS,"36,739"
20063,KS,"2,718"
20065,KS,"2,415"
20067,KS,"7,352"
20069,KS,"5,653"
20071,KS,"1,284"
20073,KS,"6,016"
20075,KS,"2,518"
20077,KS,"5,485"
20079,KS,"34,024"
20081,KS,"3,780"
20083,KS,"1,723"
20085,KS,"13,232"
20087,KS,"18,368"
20089,KS,"2,932"
20091,KS,"609,863"
20093,KS,"3,983"
20095,KS,"7,470"
20097,KS,"2,460"
20099,KS,"20,184"
20101,KS,"1,574"
20103,KS,"81,881"
20105,KS,"2,939"
20107,KS,"9,591"
20109,KS,"2,762"
20111,KS,"32,179"
20113,KS,"30,223"
20115,KS,"11,823"
20117,KS,"10,038"
20119,KS,"4,055"
20121,KS,"34,191"
20123,KS,"5,796"
20125,KS,"31,486"
20127,KS,"5,386"
20129,KS,"2,701"
20131,KS,"10,273"
20133,KS,"15,904"
20135,KS,"2,687"
20137,KS,"5,459"
20139,KS,"15,766"
20141,KS,"3,500"
20143,KS,"5,735"
20145,KS,"6,253"
20147,KS,"4,981"
20149,KS,"25,348"
20151,KS,"9,157"
20153,KS,"2,561"
20155,KS,"61,898"
20157,KS,"4,674"
20159,KS,"9,427"
20161,KS,"71,959"
20163,KS,"4,919"
20165,KS,"2,956"
20167,KS,"6,691"
20169,KS,"54,303"
20171,KS,"5,151"
20173,KS,"523,824"
20175,KS,"21,964"
20177,KS,"178,909"
20179,KS,"2,447"
20181,KS,"5,927"
20183,KS,"3,570"
20185,KS,"4,072"
20187,KS,"2,084"
20189,KS,"5,250"
20191,KS,"22,382"
20193,KS,"7,930"
20195,KS,"2,808"
20197,KS,"6,877"
20199,KS,"1,512"
20201,KS,"5,530"
20203,KS,"2,152"
20205,KS,"8,624"
20207,KS,"3,115"
20209,KS,"169,245"
21000,KY,"4,505,836"
21001,KY,"18,903"
21003,KY,"20,588"
21005,KY,"23,852"
21007,KY,"7,728"
21009,KY,"44,485"
21011,KY,"12,750"
21013,KY,"24,097"
21015,KY,"135,968"
21017,KY,"20,252"
21019,KY,"48,261"
21021,KY,"30,614"
21023,KY,"8,400"
21025,KY,"13,718"
21027,KY,"20,432"
21029,KY,"82,217"
21031,KY,"12,371"
21033,KY,"12,649"
21035,KY,"37,103"
21037,KY,"93,076"
21039,KY,"4,826"
21041,KY,"10,810"
21043,KY,"26,627"
21045,KY,"15,941"
21047,KY,"72,748"
21049,KY,"36,972"
21051,KY,"20,345"
21053,KY,"9,253"
21055,KY,"8,990"
21057,KY,"5,888"
21059,KY,"103,312"
21061,KY,"12,126"
21063,KY,"7,354"
21065,KY,"14,163"
21067,KY,"322,570"
21069,KY,"15,082"
21071,KY,"35,942"
21073,KY,"51,541"
21075,KY,"6,515"
21077,KY,"8,690"
21079,KY,"16,953"
21081,KY,"24,941"
21083,KY,"36,649"
21085,KY,"26,420"
21087,KY,"11,107"
21089,KY,"35,962"
21091,KY,"9,095"
21093,KY,"110,702"
21095,KY,"26,831"
21097,KY,"18,692"
21099,KY,"19,288"
21101,KY,"44,793"
21103,KY,"15,678"
21105,KY,"4,521"
21107,KY,"45,423"
21109,KY,"12,955"
21111,KY,"782,969"
21113,KY,"52,991"
21115,KY,"22,680"
21117,KY,"169,064"
21119,KY,"14,251"
21121,KY,"30,193"
21123,KY,"14,867"
21125,KY,"62,613"
21127,KY,"16,293"
21129,KY,"7,395"
21131,KY,"10,513"
21133,KY,"21,548"
21135,KY,"13,080"
21137,KY,"24,275"
21139,KY,"8,888"
21141,KY,"27,432"
21143,KY,"8,680"
21145,KY,"67,875"
21147,KY,"16,888"
21149,KY,"9,152"
21151,KY,"92,701"
21153,KY,"11,637"
21155,KY,"19,581"
21157,KY,"31,659"
21159,KY,"11,287"
21161,KY,"17,120"
21163,KY,"30,003"
21165,KY,"6,113"
21167,KY,"22,641"
21169,KY,"10,286"
21171,KY,"11,338"
21173,KY,"28,114"
21175,KY,"13,726"
21177,KY,"30,928"
21179,KY,"46,738"
21181,KY,"7,537"
21183,KY,"23,772"
21185,KY,"67,607"
21187,KY,"11,278"
21189,KY,"4,051"
21191,KY,"14,644"
21193,KY,"28,473"
21195,KY,"58,669"
21197,KY,"13,129"
21199,KY,"65,034"
21201,KY,"2,193"
21203,KY,"16,037"
21205,KY,"24,662"
21207,KY,"17,991"
21209,KY,"57,155"
21211,KY,"48,065"
21213,KY,"19,594"
21215,KY,"19,490"
21217,KY,"26,023"
21219,KY,"12,243"
21221,KY,"14,061"
21223,KY,"8,474"
21225,KY,"13,668"
21227,KY,"134,554"
21229,KY,"12,027"
21231,KY,"19,555"
21233,KY,"13,017"
21235,KY,"36,712"
21237,KY,"6,562"
21239,KY,"26,871"
22000,LA,"4,657,757"
22001,LA,"57,576"
22003,LA,"22,750"
22005,LA,"126,500"
22007,LA,"21,039"
22009,LA,"39,693"
22011,LA,"36,549"
22013,LA,"12,981"
22015,LA,"128,746"
22017,LA,"237,848"
22019,LA,"216,785"
22021,LA,"9,645"
22023,LA,"5,617"
22025,LA,"8,906"
22027,LA,"14,170"
22029,LA,"18,687"
22031,LA,"26,812"
22033,LA,"456,781"
22035,LA,"7,459"
22037,LA,"19,539"
22039,LA,"32,350"
22041,LA,"19,774"
22043,LA,"22,169"
22045,LA,"69,929"
22047,LA,"30,241"
22049,LA,"15,031"
22051,LA,"440,781"
22053,LA,"32,250"
22055,LA,"241,753"
22057,LA,"97,557"
22059,LA,"14,791"
22061,LA,"48,396"
22063,LA,"142,282"
22065,LA,"10,017"
22067,LA,"25,629"
22069,LA,"37,515"
22071,LA,"383,997"
22073,LA,"160,368"
22075,LA,"23,515"
22077,LA,"20,758"
22079,LA,"130,023"
22081,LA,"7,620"
22083,LA,"20,043"
22085,LA,"22,155"
22087,LA,"43,764"
22089,LA,"52,549"
22091,LA,"10,920"
22093,LA,"20,192"
22095,LA,"42,477"
22097,LA,"82,540"
22099,LA,"51,767"
22101,LA,"49,406"
22103,LA,"264,570"
22105,LA,"133,157"
22107,LA,"4,147"
22109,LA,"109,580"
22111,LA,"21,107"
22113,LA,"57,359"
22115,LA,"48,750"
22117,LA,"45,463"
22119,LA,"36,967"
22121,LA,"27,199"
22123,LA,"9,751"
22125,LA,"15,310"
22127,LA,"13,755"
23000,ME,"1,362,359"
23001,ME,"111,139"
23003,ME,"67,105"
23005,ME,"303,069"
23007,ME,"29,456"
23009,ME,"55,478"
23011,ME,"123,642"
23013,ME,"40,607"
23015,ME,"35,237"
23017,ME,"57,777"
23019,ME,"152,199"
23021,ME,"16,800"
23023,ME,"36,699"
23025,ME,"50,477"
23027,ME,"39,607"
23029,ME,"31,095"
23031,ME,"211,972"
24000,MD,"6,177,224"
24001,MD,"68,106"
24003,MD,"588,261"
24005,MD,"854,535"
24009,MD,"92,783"
24011,MD,"33,293"
24013,MD,"172,891"
24015,MD,"103,725"
24017,MD,"166,617"
24019,MD,"32,531"
24021,MD,"271,717"
24023,MD,"28,806"
24025,MD,"260,924"
24027,MD,"332,317"
24029,MD,"19,198"
24031,MD,"1,062,061"
24033,MD,"967,201"
24035,MD,"49,874"
24037,MD,"113,777"
24039,MD,"24,620"
24041,MD,"37,526"
24043,MD,"154,705"
24045,MD,"103,588"
24047,MD,"52,460"
24510,MD,"585,708"
25000,MA,"7,029,917"
25001,MA,"228,996"
25003,MA,"129,026"
25005,MA,"579,200"
25007,MA,"20,600"
25009,MA,"809,829"
25011,MA,"71,029"
25013,MA,"465,825"
25015,MA,"162,308"
25017,MA,"1,632,002"
25019,MA,"14,255"
25021,MA,"725,981"
25023,MA,"530,819"
25025,MA,"797,936"
25027,MA,"862,111"
26000,MI,"10,077,331"
26001,MI,"10,167"
26003,MI,"8,842"
26005,MI,"120,502"
26007,MI,"28,907"
26009,MI,"23,431"
26011,MI,"15,002"
26013,MI,"8,158"
26015,MI,"62,423"
26017,MI,"103,856"
26019,MI,"17,970"
26021,MI,"154,316"
26023,MI,"44,862"
26025,MI,"134,310"
26027,MI,"51,589"
26029,MI,"26,054"
26031,MI,"25,579"
26033,MI,"36,785"
26035,MI,"30,856"
26037,MI,"79,128"
26039,MI,"12,988"
26041,MI,"36,903"
26043,MI,"25,947"
26045,MI,"109,175"
26047,MI,"34,112"
26049,MI,"406,211"
26051,MI,"25,386"
26053,MI,"14,380"
26055,MI,"95,238"
26057,MI,"41,761"
26059,MI,"45,746"
26061,MI,"37,361"
26063,MI,"31,407"
26065,MI,"284,900"
26067,MI,"66,804"
26069,MI,"25,237"
26071,MI,"11,631"
26073,MI,"64,394"
26075,MI,"160,366"
26077,MI,"261,670"
26079,MI,"17,939"
26081,MI,"657,974"
26083,MI,"2,046"
26085,MI,"12,096"
26087,MI,"88,619"
26089,MI,"22,301"
26091,MI,"99,423"
26093,MI,"193,866"
26095,MI,"5,339"
26097,MI,"10,834"
26099,MI,"881,217"
26101,MI,"25,032"
26103,MI,"66,017"
26105,MI,"29,052"
26107,MI,"39,714"
26109,MI,"23,502"
26111,MI,"83,494"
26113,MI,"15,052"
26115,MI,"154,809"
26117,MI,"66,614"
26119,MI,"9,153"
26121,MI,"175,824"
26123,MI,"49,978"
26125,MI,"1,274,395"
26127,MI,"26,659"
26129,MI,"20,770"
26131,MI,"5,816"
26133,MI,"22,891"
26135,MI,"8,219"
26137,MI,"25,091"
26139,MI,"296,200"
26141,MI,"12,982"
26143,MI,"23,459"
26145,MI,"190,124"
26147,MI,"160,383"
26149,MI,"60,939"
26151,MI,"40,611"
26153,MI,"8,047"
26155,MI,"68,094"
26157,MI,"53,323"
26159,MI,"75,587"
26161,MI,"372,258"
26163,MI,"1,793,561"
26165,MI,"33,673"
27000,MN,"5,706,494"
27001,MN,"15,697"
27003,MN,"363,887"
27005,MN,"35,183"
27007,MN,"46,228"
27009,MN,"41,379"
27011,MN,"5,166"
27013,MN,"69,112"
27015,MN,"25,912"
27017,MN,"36,207"
27019,MN,"106,922"
27021,MN,"30,066"
27023,MN,"12,598"
27025,MN,"56,621"
27027,MN,"65,318"
27029,MN,"8,524"
27031,MN,"5,600"
27033,MN,"11,517"
27035,MN,"66,123"
27037,MN,"439,882"
27039,MN,"20,867"
27041,MN,"39,006"
27043,MN,"13,921"
27045,MN,"21,228"
27047,MN,"30,895"
27049,MN,"47,582"
27051,MN,"6,074"
27053,MN,"1,281,565"
27055,MN,"18,843"
27057,MN,"21,344"
27059,MN,"41,135"
27061,MN,"45,014"
27063,MN,"9,989"
27065,MN,"16,032"
27067,MN,"43,732"
27069,MN,"4,207"
27071,MN,"12,062"
27073,MN,"6,719"
27075,MN,"10,905"
27077,MN,"3,763"
27079,MN,"28,674"
27081,MN,"5,640"
27083,MN,"25,269"
27085,MN,"36,771"
27087,MN,"5,411"
27089,MN,"9,040"
27091,MN,"20,025"
27093,MN,"23,400"
27095,MN,"26,459"
27097,MN,"34,010"
27099,MN,"40,029"
27101,MN,"8,179"
27103,MN,"34,454"
27105,MN,"22,290"
27107,MN,"6,441"
27109,MN,"162,847"
27111,MN,"60,081"
27113,MN,"13,992"
27115,MN,"28,876"
27117,MN,"9,424"
27119,MN,"31,192"
27121,MN,"11,308"
27123,MN,"552,352"
27125,MN,"3,935"
27127,MN,"15,425"
27129,MN,"14,723"
27131,MN,"67,097"
27133,MN,"9,704"
27135,MN,"15,331"
27137,MN,"200,231"
27139,MN,"150,928"
27141,MN,"97,183"
27143,MN,"14,836"
27145,MN,"158,292"
27147,MN,"37,406"
27149,MN,"9,671"
27151,MN,"9,838"
27153,MN,"25,262"
27155,MN,"3,360"
27157,MN,"21,387"
27159,MN,"14,065"
27161,MN,"18,968"
27163,MN,"267,568"
27165,MN,"11,253"
27167,MN,"6,506"
27169,MN,"49,671"
27171,MN,"141,337"
27173,MN,"9,528"
28000,MS,"2,961,279"
28001,MS,"29,538"
28003,MS,"34,740"
28005,MS,"12,720"
28007,MS,"17,889"
28009,MS,"7,646"
28011,MS,"30,985"
28013,MS,"13,266"
28015,MS,"9,998"
28017,MS,"17,106"
28019,MS,"8,246"
28021,MS,"9,135"
28023,MS,"15,615"
28025,MS,"18,636"
28027,MS,"21,390"
28029,MS,"28,368"
28031,MS,"18,340"
28033,MS,"185,314"
28035,MS,"78,158"
28037,MS,"7,675"
28039,MS,"24,350"
28041,MS,"13,530"
28043,MS,"21,629"
28045,MS,"46,053"
28047,MS,"208,621"
28049,MS,"227,742"
28051,MS,"17,000"
28053,MS,"7,785"
28055,MS,"1,338"
28057,MS,"23,863"
28059,MS,"143,252"
28061,MS,"16,367"
28063,MS,"7,260"
28065,MS,"11,321"
28067,MS,"67,246"
28069,MS,"8,988"
28071,MS,"55,813"
28073,MS,"64,222"
28075,MS,"72,984"
28077,MS,"12,016"
28079,MS,"21,275"
28081,MS,"83,343"
28083,MS,"28,339"
28085,MS,"34,907"
28087,MS,"58,879"
28089,MS,"109,145"
28091,MS,"24,441"
28093,MS,"33,752"
28095,MS,"34,180"
28097,MS,"9,822"
28099,MS,"29,087"
28101,MS,"21,291"
28103,MS,"10,285"
28105,MS,"51,788"
28107,MS,"33,208"
28109,MS,"56,145"
28111,MS,"11,511"
28113,MS,"40,324"
28115,MS,"31,184"
28117,MS,"25,008"
28119,MS,"6,176"
28121,MS,"157,031"
28123,MS,"27,990"
28125,MS,"3,800"
28127,MS,"25,949"
28129,MS,"14,209"
28131,MS,"18,333"
28133,MS,"25,971"
28135,MS,"12,715"
28137,MS,"28,064"
28139,MS,"21,815"
28141,MS,"18,850"
28143,MS,"9,782"
28145,MS,"27,777"
28147,MS,"13,884"
28149,MS,"44,722"
28151,MS,"44,922"
28153,MS,"19,779"
28155,MS,"9,926"
28157,MS,"8,587"
28159,MS,"17,714"
28161,MS,"12,481"
28163,MS,"26,743"
29000,MO,"6,154,913"
29001,MO,"25,314"
29003,MO,"18,135"
29005,MO,"5,305"
29007,MO,"24,962"
29009,MO,"34,534"
29011,MO,"11,637"
29013,MO,"16,042"
29015,MO,"19,394"
29017,MO,"10,567"
29019,MO,"183,610"
29021,MO,"84,793"
29023,MO,"42,130"
29025,MO,"8,815"
29027,MO,"44,283"
29029,MO,"42,745"
29031,MO,"81,710"
29033,MO,"8,495"
29035,MO,"5,202"
29037,MO,"107,824"
29039,MO,"14,188"
29041,MO,"7,408"
29043,MO,"88,842"
29045,MO,"6,634"
29047,MO,"253,335"
29049,MO,"21,184"
29051,MO,"77,279"
29053,MO,"17,103"
29055,MO,"23,056"
29057,MO,"7,569"
29059,MO,"17,071"
29061,MO,"8,430"
29063,MO,"11,029"
29065,MO,"14,421"
29067,MO,"11,578"
29069,MO,"28,283"
29071,MO,"104,682"
29073,MO,"14,794"
29075,MO,"6,162"
29077,MO,"298,915"
29079,MO,"9,808"
29081,MO,"8,157"
29083,MO,"21,946"
29085,MO,"8,279"
29087,MO,"4,223"
29089,MO,"10,151"
29091,MO,"39,750"
29093,MO,"9,537"
29095,MO,"717,204"
29097,MO,"122,761"
29099,MO,"226,739"
29101,MO,"54,013"
29103,MO,"3,744"
29105,MO,"36,039"
29107,MO,"32,984"
29109,MO,"38,001"
29111,MO,"10,032"
29113,MO,"59,574"
29115,MO,"11,874"
29117,MO,"14,557"
29119,MO,"23,303"
29121,MO,"15,209"
29123,MO,"12,626"
29125,MO,"8,432"
29127,MO,"28,525"
29129,MO,"3,538"
29131,MO,"24,722"
29133,MO,"12,577"
29135,MO,"15,473"
29137,MO,"8,666"
29139,MO,"11,322"
29141,MO,"21,006"
29143,MO,"16,434"
29145,MO,"58,648"
29147,MO,"21,241"
29149,MO,"8,635"
29151,MO,"13,274"
29153,MO,"8,553"
29155,MO,"15,661"
29157,MO,"18,956"
29159,MO,"42,980"
29161,MO,"44,638"
29163,MO,"17,587"
29165,MO,"106,718"
29167,MO,"31,519"
29169,MO,"53,955"
29171,MO,"4,681"
29173,MO,"10,355"
29175,MO,"24,716"
29177,MO,"23,158"
29179,MO,"6,096"
29181,MO,"10,679"
29183,MO,"405,262"
29185,MO,"9,284"
29186,MO,"18,479"
29187,MO,"66,922"
29189,MO,"1,004,125"
29195,MO,"23,333"
29197,MO,"4,032"
29199,MO,"4,716"
29201,MO,"38,059"
29203,MO,"7,031"
29205,MO,"6,103"
29207,MO,"28,672"
29209,MO,"31,076"
29211,MO,"5,999"
29213,MO,"56,066"
29215,MO,"24,487"
29217,MO,"19,707"
29219,MO,"35,532"
29221,MO,"23,514"
29223,MO,"10,974"
29225,MO,"39,085"
29227,MO,"1,973"
29229,MO,"18,188"
29510,MO,"301,578"
30000,MT,"1,084,225"
30001,MT,"9,371"
30003,MT,"13,124"
30005,MT,"7,044"
30007,MT,"6,774"
30009,MT,"10,473"
30011,MT,"1,415"
30013,MT,"84,414"
30015,MT,"5,895"
30017,MT,"11,867"
30019,MT,"1,661"
30021,MT,"8,940"
30023,MT,"9,421"
30025,MT,"3,049"
30027,MT,"11,446"
30029,MT,"104,357"
30031,MT,"118,960"
30033,MT,"1,173"
30035,MT,"13,778"
30037,MT,823
30039,MT,"3,309"
30041,MT,"16,309"
30043,MT,"12,085"
30045,MT,"2,023"
30047,MT,"31,134"
30049,MT,"70,973"
30051,MT,"1,959"
30053,MT,"19,677"
30055,MT,"1,729"
30057,MT,"8,623"
30059,MT,"1,927"
30061,MT,"4,535"
30063,MT,"117,922"
30065,MT,"4,730"
30067,MT,"17,191"
30069,MT,496
30071,MT,"4,217"
30073,MT,"5,898"
30075,MT,"1,694"
30077,MT,"6,946"
30079,MT,"1,088"
30081,MT,"44,174"
30083,MT,"11,491"
30085,MT,"10,794"
30087,MT,"8,329"
30089,MT,"12,400"
30091,MT,"3,539"
30093,MT,"35,133"
30095,MT,"8,963"
30097,MT,"3,678"
30099,MT,"6,226"
30101,MT,"4,971"
30103,MT,762
30105,MT,"7,578"
30107,MT,"2,069"
30109,MT,937
30111,MT,"164,731"
31000,NE,"1,961,504"
31001,NE,"31,205"
31003,NE,"6,295"
31005,NE,434
31007,NE,674
31009,NE,431
31011,NE,"5,379"
31013,NE,"10,842"
31015,NE,"1,810"
31017,NE,"2,903"
31019,NE,"50,084"
31021,NE,"6,722"
31023,NE,"8,369"
31025,NE,"26,598"
31027,NE,"8,380"
31029,NE,"3,893"
31031,NE,"5,455"
31033,NE,"9,468"
31035,NE,"6,104"
31037,NE,"10,582"
31039,NE,"9,013"
31041,NE,"10,545"
31043,NE,"21,582"
31045,NE,"8,199"
31047,NE,"24,111"
31049,NE,"1,838"
31051,NE,"5,606"
31053,NE,"37,167"
31055,NE,"584,526"
31057,NE,"1,654"
31059,NE,"5,551"
31061,NE,"2,889"
31063,NE,"2,519"
31065,NE,"4,636"
31067,NE,"21,704"
31069,NE,"1,874"
31071,NE,"1,813"
31073,NE,"1,893"
31075,NE,611
31077,NE,"2,188"
31079,NE,"62,895"
31081,NE,"9,429"
31083,NE,"3,073"
31085,NE,856
31087,NE,"2,616"
31089,NE,"10,127"
31091,NE,711
31093,NE,"6,475"
31095,NE,"7,240"
31097,NE,"5,290"
31099,NE,"6,688"
31101,NE,"8,335"
31103,NE,769
31105,NE,"3,434"
31107,NE,"8,391"
31109,NE,"322,608"
31111,NE,"34,676"
31113,NE,716
31115,NE,607
31117,NE,399
31119,NE,"35,585"
31121,NE,"7,668"
31123,NE,"4,555"
31125,NE,"3,380"
31127,NE,"7,074"
31129,NE,"4,095"
31131,NE,"15,912"
31133,NE,"2,544"
31135,NE,"2,858"
31137,NE,"8,968"
31139,NE,"7,317"
31141,NE,"34,296"
31143,NE,"5,214"
31145,NE,"10,702"
31147,NE,"7,871"
31149,NE,"1,262"
31151,NE,"14,292"
31153,NE,"190,604"
31155,NE,"22,278"
31157,NE,"36,084"
31159,NE,"17,609"
31161,NE,"5,127"
31163,NE,"2,959"
31165,NE,"1,135"
31167,NE,"5,842"
31169,NE,"5,034"
31171,NE,669
31173,NE,"6,773"
31175,NE,"4,059"
31177,NE,"20,865"
31179,NE,"9,697"
31181,NE,"3,395"
31183,NE,774
31185,NE,"14,125"
32000,NV,"3,104,614"
32001,NV,"25,516"
32003,NV,"2,265,461"
32005,NV,"49,488"
32007,NV,"53,702"
32009,NV,729
32011,NV,"1,855"
32013,NV,"17,285"
32015,NV,"5,734"
32017,NV,"4,499"
32019,NV,"59,235"
32021,NV,"4,554"
32023,NV,"51,591"
32027,NV,"6,650"
32029,NV,"4,104"
32031,NV,"486,492"
32033,NV,"9,080"
32510,NV,"58,639"
33000,NH,"1,377,529"
33001,NH,"63,705"
33003,NH,"50,107"
33005,NH,"76,458"
33007,NH,"31,268"
33009,NH,"91,118"
33011,NH,"422,937"
33013,NH,"153,808"
33015,NH,"314,176"
33017,NH,"130,889"
33019,NH,"43,063"
34000,NJ,"9,288,994"
34001,NJ,"274,534"
34003,NJ,"955,732"
34005,NJ,"461,860"
34007,NJ,"523,485"
34009,NJ,"95,263"
34011,NJ,"154,152"
34013,NJ,"863,728"
34015,NJ,"302,294"
34017,NJ,"724,854"
34019,NJ,"128,947"
34021,NJ,"387,340"
34023,NJ,"863,162"
34025,NJ,"643,615"
34027,NJ,"509,285"
34029,NJ,"637,229"
34031,NJ,"524,118"
34033,NJ,"64,837"
34035,NJ,"345,361"
34037,NJ,"144,221"
34039,NJ,"575,345"
34041,NJ,"109,632"
35000,NM,"2,117,522"
35001,NM,"676,444"
35003,NM,"3,579"
35005,NM,"65,157"
35006,NM,"27,172"
35007,NM,"12,387"
35009,NM,"48,430"
35011,NM,"1,698"
35013,NM,"219,561"
35015,NM,"62,314"
35017,NM,"28,185"
35019,NM,"4,452"
35021,NM,657
35023,NM,"4,178"
35025,NM,"74,455"
35027,NM,"20,269"
35028,NM,"19,419"
35029,NM,"25,427"
35031,NM,"72,902"
35033,NM,"4,189"
35035,NM,"67,839"
35037,NM,"8,746"
35039,NM,"40,363"
35041,NM,"19,191"
35043,NM,"148,834"
35045,NM,"121,661"
35047,NM,"27,201"
35049,NM,"154,823"
35051,NM,"11,576"
35053,NM,"16,595"
35055,NM,"34,489"
35057,NM,"15,045"
35059,NM,"4,079"
35061,NM,"76,205"
36000,NY,"20,201,249"
36001,NY,"314,848"
36003,NY,"46,456"
36005,NY,"1,472,654"
36007,NY,"198,683"
36009,NY,"77,042"
36011,NY,"76,248"
36013,NY,"127,657"
36015,NY,"84,148"
36017,NY,"47,220"
36019,NY,"79,843"
36021,NY,"61,570"
36023,NY,"46,809"
36025,NY,"44,308"
36027,NY,"295,911"
36029,NY,"954,236"
36031,NY,"37,381"
36033,NY,"47,555"
36035,NY,"53,324"
36037,NY,"58,388"
36039,NY,"47,931"
36041,NY,"5,107"
36043,NY,"60,139"
36045,NY,"116,721"
36047,NY,"2,736,074"
36049,NY,"26,582"
36051,NY,"61,834"
36053,NY,"68,016"
36055,NY,"759,443"
36057,NY,"49,532"
36059,NY,"1,395,774"
36061,NY,"1,694,251"
36063,NY,"212,666"
36065,NY,"232,125"
36067,NY,"476,516"
36069,NY,"112,458"
36071,NY,"401,310"
36073,NY,"40,343"
36075,NY,"117,525"
36077,NY,"58,524"
36079,NY,"97,668"
36081,NY,"2,405,464"
36083,NY,"161,130"
36085,NY,"495,747"
36087,NY,"338,329"
36089,NY,"108,505"
36091,NY,"235,509"
36093,NY,"158,061"
36095,NY,"29,714"
36097,NY,"17,898"
36099,NY,"33,814"
36101,NY,"93,584"
36103,NY,"1,525,920"
36105,NY,"78,624"
36107,NY,"48,455"
36109,NY,"105,740"
36111,NY,"181,851"
36113,NY,"65,737"
36115,NY,"61,302"
36117,NY,"91,283"
36119,NY,"1,004,457"
36121,NY,"40,531"
36123,NY,"24,774"
37000,NC,"10,439,388"
37001,NC,"171,415"
37003,NC,"36,444"
37005,NC,"10,888"
37007,NC,"22,055"
37009,NC,"26,577"
37011,NC,"17,806"
37013,NC,"44,652"
37015,NC,"17,934"
37017,NC,"29,606"
37019,NC,"136,693"
37021,NC,"269,452"
37023,NC,"87,570"
37025,NC,"225,804"
37027,NC,"80,652"
37029,NC,"10,355"
37031,NC,"67,686"
37033,NC,"22,736"
37035,NC,"160,610"
37037,NC,"76,285"
37039,NC,"28,774"
37041,NC,"13,708"
37043,NC,"11,089"
37045,NC,"99,519"
37047,NC,"50,623"
37049,NC,"100,720"
37051,NC,"334,728"
37053,NC,"28,100"
37055,NC,"36,915"
37057,NC,"168,930"
37059,NC,"42,712"
37061,NC,"48,715"
37063,NC,"324,833"
37065,NC,"48,900"
37067,NC,"382,590"
37069,NC,"68,573"
37071,NC,"227,943"
37073,NC,"10,478"
37075,NC,"8,030"
37077,NC,"60,992"
37079,NC,"20,451"
37081,NC,"541,299"
37083,NC,"48,622"
37085,NC,"133,568"
37087,NC,"62,089"
37089,NC,"116,281"
37091,NC,"21,552"
37093,NC,"52,082"
37095,NC,"4,589"
37097,NC,"186,693"
37099,NC,"43,109"
37101,NC,"215,999"
37103,NC,"9,172"
37105,NC,"63,285"
37107,NC,"55,122"
37109,NC,"86,810"
37111,NC,"44,578"
37113,NC,"37,014"
37115,NC,"21,193"
37117,NC,"22,031"
37119,NC,"1,115,482"
37121,NC,"14,903"
37123,NC,"25,751"
37125,NC,"99,727"
37127,NC,"94,970"
37129,NC,"225,702"
37131,NC,"17,471"
37133,NC,"204,576"
37135,NC,"148,696"
37137,NC,"12,276"
37139,NC,"40,568"
37141,NC,"60,203"
37143,NC,"13,005"
37145,NC,"39,097"
37147,NC,"170,243"
37149,NC,"19,328"
37151,NC,"144,171"
37153,NC,"42,946"
37155,NC,"116,530"
37157,NC,"91,096"
37159,NC,"146,875"
37161,NC,"64,444"
37163,NC,"59,036"
37165,NC,"34,174"
37167,NC,"62,504"
37169,NC,"44,520"
37171,NC,"71,359"
37173,NC,"14,117"
37175,NC,"32,986"
37177,NC,"3,245"
37179,NC,"238,267"
37181,NC,"42,578"
37183,NC,"1,129,410"
37185,NC,"18,642"
37187,NC,"11,003"
37189,NC,"54,086"
37191,NC,"117,333"
37193,NC,"65,969"
37195,NC,"78,784"
37197,NC,"37,214"
37199,NC,"18,470"
38000,ND,"779,094"
38001,ND,"2,200"
38003,ND,"10,853"
38005,ND,"5,964"
38007,ND,945
38009,ND,"6,379"
38011,ND,"2,993"
38013,ND,"2,201"
38015,ND,"98,458"
38017,ND,"184,525"
38019,ND,"3,704"
38021,ND,"4,999"
38023,ND,"2,195"
38025,ND,"4,095"
38027,ND,"2,347"
38029,ND,"3,301"
38031,ND,"3,397"
38033,ND,"1,736"
38035,ND,"73,170"
38037,ND,"2,301"
38039,ND,"2,306"
38041,ND,"2,489"
38043,ND,"2,394"
38045,ND,"4,093"
38047,ND,"1,876"
38049,ND,"5,345"
38051,ND,"2,530"
38053,ND,"14,704"
38055,ND,"9,771"
38057,ND,"8,350"
38059,ND,"33,291"
38061,ND,"9,809"
38063,ND,"3,015"
38065,ND,"1,877"
38067,ND,"6,844"
38069,ND,"3,990"
38071,ND,"11,605"
38073,ND,"5,703"
38075,ND,"2,282"
38077,ND,"16,529"
38079,ND,"12,187"
38081,ND,"3,862"
38083,ND,"1,265"
38085,ND,"3,898"
38087,ND,706
38089,ND,"33,646"
38091,ND,"1,798"
38093,ND,"21,593"
38095,ND,"2,162"
38097,ND,"7,997"
38099,ND,"10,563"
38101,ND,"69,919"
38103,ND,"3,982"
38105,ND,"40,950"
39000,OH,"11,799,448"
39001,OH,"27,477"
39003,OH,"102,206"
39005,OH,"52,447"
39007,OH,"97,574"
39009,OH,"62,431"
39011,OH,"46,422"
39013,OH,"66,497"
39015,OH,"43,676"
39017,OH,"390,357"
39019,OH,"26,721"
39021,OH,"38,714"
39023,OH,"136,001"
39025,OH,"208,601"
39027,OH,"42,018"
39029,OH,"101,877"
39031,OH,"36,612"
39033,OH,"42,025"
39035,OH,"1,264,817"
39037,OH,"51,881"
39039,OH,"38,286"
39041,OH,"214,124"
39043,OH,"75,622"
39045,OH,"158,921"
39047,OH,"28,951"
39049,OH,"1,323,807"
39051,OH,"42,713"
39053,OH,"29,220"
39055,OH,"95,397"
39057,OH,"167,966"
39059,OH,"38,438"
39061,OH,"830,639"
39063,OH,"74,920"
39065,OH,"30,696"
39067,OH,"14,483"
39069,OH,"27,662"
39071,OH,"43,317"
39073,OH,"28,050"
39075,OH,"44,223"
39077,OH,"58,565"
39079,OH,"32,653"
39081,OH,"65,249"
39083,OH,"62,721"
39085,OH,"232,603"
39087,OH,"58,240"
39089,OH,"178,519"
39091,OH,"46,150"
39093,OH,"312,964"
39095,OH,"431,279"
39097,OH,"43,824"
39099,OH,"228,614"
39101,OH,"65,359"
39103,OH,"182,470"
39105,OH,"22,210"
39107,OH,"42,528"
39109,OH,"108,774"
39111,OH,"13,385"
39113,OH,"537,309"
39115,OH,"13,802"
39117,OH,"34,950"
39119,OH,"86,410"
39121,OH,"14,115"
39123,OH,"40,364"
39125,OH,"18,806"
39127,OH,"35,408"
39129,OH,"58,539"
39131,OH,"27,088"
39133,OH,"161,791"
39135,OH,"40,999"
39137,OH,"34,451"
39139,OH,"124,936"
39141,OH,"77,093"
39143,OH,"58,896"
39145,OH,"74,008"
39147,OH,"55,069"
39149,OH,"48,230"
39151,OH,"374,853"
39153,OH,"540,428"
39155,OH,"201,977"
39157,OH,"93,263"
39159,OH,"62,784"
39161,OH,"28,931"
39163,OH,"12,800"
39165,OH,"242,337"
39167,OH,"59,771"
39169,OH,"116,894"
39171,OH,"37,102"
39173,OH,"132,248"
39175,OH,"21,900"
40000,OK,"3,959,353"
40001,OK,"19,495"
40003,OK,"5,699"
40005,OK,"14,143"
40007,OK,"5,049"
40009,OK,"22,410"
40011,OK,"8,735"
40013,OK,"46,067"
40015,OK,"26,945"
40017,OK,"154,405"
40019,OK,"48,003"
40021,OK,"47,078"
40023,OK,"14,204"
40025,OK,"2,296"
40027,OK,"295,528"
40029,OK,"5,266"
40031,OK,"121,125"
40033,OK,"5,527"
40035,OK,"14,107"
40037,OK,"71,754"
40039,OK,"28,513"
40041,OK,"40,397"
40043,OK,"4,484"
40045,OK,"3,749"
40047,OK,"62,846"
40049,OK,"25,656"
40051,OK,"54,795"
40053,OK,"4,169"
40055,OK,"5,491"
40057,OK,"2,488"
40059,OK,"3,272"
40061,OK,"11,561"
40063,OK,"13,367"
40065,OK,"24,785"
40067,OK,"5,337"
40069,OK,"10,272"
40071,OK,"43,700"
40073,OK,"15,184"
40075,OK,"8,509"
40077,OK,"9,444"
40079,OK,"48,129"
40081,OK,"33,458"
40083,OK,"49,555"
40085,OK,"10,146"
40087,OK,"41,662"
40089,OK,"30,814"
40091,OK,"18,941"
40093,OK,"7,782"
40095,OK,"15,312"
40097,OK,"39,046"
40099,OK,"13,904"
40101,OK,"66,339"
40103,OK,"10,924"
40105,OK,"9,320"
40107,OK,"11,310"
40109,OK,"796,292"
40111,OK,"36,706"
40113,OK,"45,818"
40115,OK,"30,285"
40117,OK,"15,553"
40119,OK,"81,646"
40121,OK,"43,773"
40123,OK,"38,065"
40125,OK,"72,454"
40127,OK,"10,812"
40129,OK,"3,442"
40131,OK,"95,240"
40133,OK,"23,556"
40135,OK,"39,281"
40137,OK,"42,848"
40139,OK,"21,384"
40141,OK,"6,968"
40143,OK,"669,279"
40145,OK,"80,981"
40147,OK,"52,455"
40149,OK,"10,924"
40151,OK,"8,624"
40153,OK,"20,470"
41000,OR,"4,237,256"
41001,OR,"16,668"
41003,OR,"95,184"
41005,OR,"421,401"
41007,OR,"41,072"
41009,OR,"52,589"
41011,OR,"64,929"
41013,OR,"24,738"
41015,OR,"23,446"
41017,OR,"198,253"
41019,OR,"111,201"
41021,OR,"1,995"
41023,OR,"7,233"
41025,OR,"7,495"
41027,OR,"23,977"
41029,OR,"223,259"
41031,OR,"24,502"
41033,OR,"88,090"
41035,OR,"69,413"
41037,OR,"8,160"
41039,OR,"382,971"
41041,OR,"50,395"
41043,OR,"128,610"
41045,OR,"31,571"
41047,OR,"345,920"
41049,OR,"12,186"
41051,OR,"815,428"
41053,OR,"87,433"
41055,OR,"1,870"
41057,OR,"27,390"
41059,OR,"80,075"
41061,OR,"26,196"
41063,OR,"7,391"
41065,OR,"26,670"
41067,OR,"600,372"
41069,OR,"1,451"
41071,OR,"107,722"
42000,PA,"13,002,700"
42001,PA,"103,852"
42003,PA,"1,250,578"
42005,PA,"65,558"
42007,PA,"168,215"
42009,PA,"47,577"
42011,PA,"428,849"
42013,PA,"122,822"
42015,PA,"59,967"
42017,PA,"646,538"
42019,PA,"193,763"
42021,PA,"133,472"
42023,PA,"4,547"
42025,PA,"64,749"
42027,PA,"158,172"
42029,PA,"534,413"
42031,PA,"37,241"
42033,PA,"80,562"
42035,PA,"37,450"
42037,PA,"64,727"
42039,PA,"83,938"
42041,PA,"259,469"
42043,PA,"286,401"
42045,PA,"576,830"
42047,PA,"30,990"
42049,PA,"270,876"
42051,PA,"128,804"
42053,PA,"6,973"
42055,PA,"155,932"
42057,PA,"14,556"
42059,PA,"35,954"
42061,PA,"44,092"
42063,PA,"83,246"
42065,PA,"44,492"
42067,PA,"23,509"
42069,PA,"215,896"
42071,PA,"552,984"
42073,PA,"86,070"
42075,PA,"143,257"
42077,PA,"374,557"
42079,PA,"325,594"
42081,PA,"114,188"
42083,PA,"40,432"
42085,PA,"110,652"
42087,PA,"46,143"
42089,PA,"168,327"
42091,PA,"856,553"
42093,PA,"18,136"
42095,PA,"312,951"
42097,PA,"91,647"
42099,PA,"45,842"
42101,PA,"1,603,797"
42103,PA,"58,535"
42105,PA,"16,396"
42107,PA,"143,049"
42109,PA,"39,736"
42111,PA,"74,129"
42113,PA,"5,840"
42115,PA,"38,434"
42117,PA,"41,045"
42119,PA,"42,681"
42121,PA,"50,454"
42123,PA,"38,587"
42125,PA,"209,349"
42127,PA,"51,155"
42129,PA,"354,663"
42131,PA,"26,069"
42133,PA,"456,438"
44000,RI,"1,097,379"
44001,RI,"50,793"
44003,RI,"170,363"
44005,RI,"85,643"
44007,RI,"660,741"
44009,RI,"129,839"
45000,SC,"5,118,425"
45001,SC,"24,295"
45003,SC,"168,808"
45005,SC,"8,039"
45007,SC,"203,718"
45009,SC,"13,311"
45011,SC,"20,589"
45013,SC,"187,117"
45015,SC,"229,861"
45017,SC,"14,119"
45019,SC,"408,235"
45021,SC,"56,216"
45023,SC,"32,294"
45025,SC,"43,273"
45027,SC,"31,144"
45029,SC,"38,604"
45031,SC,"62,905"
45033,SC,"28,292"
45035,SC,"161,540"
45037,SC,"25,657"
45039,SC,"20,948"
45041,SC,"137,059"
45043,SC,"63,404"
45045,SC,"525,534"
45047,SC,"69,351"
45049,SC,"18,561"
45051,SC,"351,029"
45053,SC,"28,791"
45055,SC,"65,403"
45057,SC,"96,016"
45059,SC,"67,539"
45061,SC,"16,531"
45063,SC,"293,991"
45065,SC,"9,526"
45067,SC,"29,183"
45069,SC,"26,667"
45071,SC,"37,719"
45073,SC,"78,607"
45075,SC,"84,223"
45077,SC,"131,404"
45079,SC,"416,147"
45081,SC,"18,862"
45083,SC,"327,997"
45085,SC,"105,556"
45087,SC,"27,244"
45089,SC,"31,026"
45091,SC,"282,090"
46000,SD,"886,667"
46003,SD,"2,747"
46005,SD,"19,149"
46007,SD,"3,381"
46009,SD,"7,003"
46011,SD,"34,375"
46013,SD,"38,301"
46015,SD,"5,247"
46017,SD,"1,948"
46019,SD,"10,243"
46021,SD,"1,377"
46023,SD,"9,373"
46025,SD,"3,837"
46027,SD,"14,967"
46029,SD,"28,325"
46031,SD,"3,902"
46033,SD,"8,318"
46035,SD,"19,956"
46037,SD,"5,449"
46039,SD,"4,295"
46041,SD,"5,239"
46043,SD,"2,835"
46045,SD,"3,986"
46047,SD,"6,973"
46049,SD,"2,125"
46051,SD,"7,556"
46053,SD,"3,994"
46055,SD,"1,872"
46057,SD,"6,164"
46059,SD,"3,145"
46061,SD,"3,461"
46063,SD,"1,311"
46065,SD,"17,765"
46067,SD,"7,427"
46069,SD,"1,262"
46071,SD,"2,806"
46073,SD,"1,663"
46075,SD,917
46077,SD,"5,187"
46079,SD,"11,059"
46081,SD,"25,768"
46083,SD,"65,161"
46085,SD,"3,718"
46087,SD,"5,682"
46089,SD,"2,411"
46091,SD,"4,306"
46093,SD,"29,852"
46095,SD,"1,918"
46097,SD,"2,298"
46099,SD,"197,214"
46101,SD,"6,336"
46102,SD,"13,672"
46103,SD,"109,222"
46105,SD,"2,835"
46107,SD,"2,472"
46109,SD,"10,280"
46111,SD,"2,330"
46115,SD,"6,361"
46117,SD,"2,980"
46119,SD,"1,446"
46121,SD,"9,319"
46123,SD,"5,624"
46125,SD,"8,673"
46127,SD,"16,811"
46129,SD,"5,315"
46135,SD,"23,310"
46137,SD,"2,413"
47000,TN,"6,910,840"
47001,TN,"77,123"
47003,TN,"50,237"
47005,TN,"15,864"
47007,TN,"14,913"
47009,TN,"135,280"
47011,TN,"108,620"
47013,TN,"39,272"
47015,TN,"14,506"
47017,TN,"28,440"
47019,TN,"56,356"
47021,TN,"41,072"
47023,TN,"17,341"
47025,TN,"32,043"
47027,TN,"7,581"
47029,TN,"35,999"
47031,TN,"57,889"
47033,TN,"13,911"
47035,TN,"61,145"
47037,TN,"715,884"
47039,TN,"11,435"
47041,TN,"20,080"
47043,TN,"54,315"
47045,TN,"36,801"
47047,TN,"41,990"
47049,TN,"18,489"
47051,TN,"42,774"
47053,TN,"50,429"
47055,TN,"30,346"
47057,TN,"23,527"
47059,TN,"70,152"
47061,TN,"13,529"
47063,TN,"64,499"
47065,TN,"366,207"
47067,TN,"6,662"
47069,TN,"25,462"
47071,TN,"26,831"
47073,TN,"56,721"
47075,TN,"17,864"
47077,TN,"27,842"
47079,TN,"32,199"
47081,TN,"24,925"
47083,TN,"8,283"
47085,TN,"18,990"
47087,TN,"11,617"
47089,TN,"54,683"
47091,TN,"17,948"
47093,TN,"478,971"
47095,TN,"7,005"
47097,TN,"25,143"
47099,TN,"44,159"
47101,TN,"12,582"
47103,TN,"35,319"
47105,TN,"54,886"
47107,TN,"53,276"
47109,TN,"25,866"
47111,TN,"25,216"
47113,TN,"98,823"
47115,TN,"28,837"
47117,TN,"34,318"
47119,TN,"100,974"
47121,TN,"12,758"
47123,TN,"46,250"
47125,TN,"220,069"
47127,TN,"6,461"
47129,TN,"21,035"
47131,TN,"30,787"
47133,TN,"22,511"
47135,TN,"8,366"
47137,TN,"5,001"
47139,TN,"17,544"
47141,TN,"79,854"
47143,TN,"32,870"
47145,TN,"53,404"
47147,TN,"72,803"
47149,TN,"341,486"
47151,TN,"21,850"
47153,TN,"15,826"
47155,TN,"98,380"
47157,TN,"929,744"
47159,TN,"19,904"
47161,TN,"13,657"
47163,TN,"158,163"
47165,TN,"196,281"
47167,TN,"60,970"
47169,TN,"11,615"
47171,TN,"17,928"
47173,TN,"19,802"
47175,TN,"6,168"
47177,TN,"40,953"
47179,TN,"133,001"
47181,TN,"16,232"
47183,TN,"32,902"
47185,TN,"27,351"
47187,TN,"247,726"
47189,TN,"147,737"
48000,TX,"29,145,505"
48001,TX,"57,922"
48003,TX,"18,610"
48005,TX,"86,395"
48007,TX,"23,830"
48009,TX,"8,560"
48011,TX,"1,848"
48013,TX,"48,981"
48015,TX,"30,167"
48017,TX,"6,904"
48019,TX,"20,851"
48021,TX,"97,216"
48023,TX,"3,465"
48025,TX,"31,047"
48027,TX,"370,647"
48029,TX,"2,009,324"
48031,TX,"11,374"
48033,TX,631
48035,TX,"18,235"
48037,TX,"92,893"
48039,TX,"372,031"
48041,TX,"233,849"
48043,TX,"9,546"
48045,TX,"1,435"
48047,TX,"7,076"
48049,TX,"38,095"
48051,TX,"17,642"
48053,TX,"49,130"
48055,TX,"45,883"
48057,TX,"20,106"
48059,TX,"13,708"
48061,TX,"421,017"
48063,TX,"12,464"
48065,TX,"5,807"
48067,TX,"28,454"
48069,TX,"7,371"
48071,TX,"46,571"
48073,TX,"50,412"
48075,TX,"6,664"
48077,TX,"10,218"
48079,TX,"2,547"
48081,TX,"3,285"
48083,TX,"7,684"
48085,TX,"1,064,465"
48087,TX,"2,652"
48089,TX,"20,557"
48091,TX,"161,501"
48093,TX,"13,594"
48095,TX,"3,303"
48097,TX,"41,668"
48099,TX,"83,093"
48101,TX,"1,380"
48103,TX,"4,675"
48105,TX,"3,098"
48107,TX,"5,133"
48109,TX,"2,188"
48111,TX,"7,115"
48113,TX,"2,613,539"
48115,TX,"12,456"
48117,TX,"18,583"
48119,TX,"5,230"
48121,TX,"906,422"
48123,TX,"19,824"
48125,TX,"1,770"
48127,TX,"8,615"
48129,TX,"3,258"
48131,TX,"9,831"
48133,TX,"17,725"
48135,TX,"165,171"
48137,TX,"1,422"
48139,TX,"192,455"
48141,TX,"865,657"
48143,TX,"42,545"
48145,TX,"16,968"
48147,TX,"35,662"
48149,TX,"24,435"
48151,TX,"3,672"
48153,TX,"5,402"
48155,TX,"1,095"
48157,TX,"822,779"
48159,TX,"10,359"
48161,TX,"19,435"
48163,TX,"18,385"
48165,TX,"21,598"
48167,TX,"350,682"
48169,TX,"5,816"
48171,TX,"26,725"
48173,TX,"1,116"
48175,TX,"7,012"
48177,TX,"19,653"
48179,TX,"21,227"
48181,TX,"135,543"
48183,TX,"124,239"
48185,TX,"29,268"
48187,TX,"172,706"
48189,TX,"32,522"
48191,TX,"2,825"
48193,TX,"8,222"
48195,TX,"5,285"
48197,TX,"3,549"
48199,TX,"56,231"
48201,TX,"4,731,145"
48203,TX,"68,839"
48205,TX,"5,382"
48207,TX,"5,416"
48209,TX,"241,067"
48211,TX,"3,382"
48213,TX,"82,150"
48215,TX,"870,781"
48217,TX,"35,874"
48219,TX,"21,537"
48221,TX,"61,598"
48223,TX,"36,787"
48225,TX,"22,066"
48227,TX,"34,860"
48229,TX,"3,202"
48231,TX,"99,956"
48233,TX,"20,617"
48235,TX,"1,513"
48237,TX,"8,472"
48239,TX,"14,988"
48241,TX,"32,980"
48243,TX,"1,996"
48245,TX,"256,526"
48247,TX,"4,838"
48249,TX,"38,891"
48251,TX,"179,927"
48253,TX,"19,663"
48255,TX,"14,710"
48257,TX,"145,310"
48259,TX,"44,279"
48261,TX,350
48263,TX,753
48265,TX,"52,598"
48267,TX,"4,286"
48269,TX,265
48271,TX,"3,129"
48273,TX,"31,040"
48275,TX,"3,353"
48277,TX,"50,088"
48279,TX,"13,045"
48281,TX,"21,627"
48283,TX,"6,664"
48285,TX,"20,337"
48287,TX,"17,478"
48289,TX,"15,719"
48291,TX,"91,628"
48293,TX,"22,146"
48295,TX,"3,059"
48297,TX,"11,335"
48299,TX,"21,243"
48301,TX,64
48303,TX,"310,639"
48305,TX,"5,596"
48307,TX,"7,630"
48309,TX,"260,579"
48311,TX,600
48313,TX,"13,455"
48315,TX,"9,725"
48317,TX,"5,237"
48319,TX,"3,953"
48321,TX,"36,255"
48323,TX,"57,887"
48325,TX,"50,748"
48327,TX,"1,962"
48329,TX,"169,983"
48331,TX,"24,754"
48333,TX,"4,456"
48335,TX,"8,990"
48337,TX,"19,965"
48339,TX,"620,443"
48341,TX,"21,358"
48343,TX,"11,973"
48345,TX,"1,063"
48347,TX,"64,653"
48349,TX,"52,624"
48351,TX,"12,217"
48353,TX,"14,738"
48355,TX,"353,178"
48357,TX,"10,015"
48359,TX,"1,758"
48361,TX,"84,808"
48363,TX,"28,409"
48365,TX,"22,491"
48367,TX,"148,222"
48369,TX,"9,869"
48371,TX,"15,193"
48373,TX,"50,123"
48375,TX,"118,525"
48377,TX,"6,131"
48379,TX,"12,164"
48381,TX,"140,753"
48383,TX,"3,385"
48385,TX,"2,758"
48387,TX,"11,587"
48389,TX,"14,748"
48391,TX,"6,741"
48393,TX,827
48395,TX,"16,757"
48397,TX,"107,819"
48399,TX,"9,900"
48401,TX,"52,214"
48403,TX,"9,894"
48405,TX,"7,918"
48407,TX,"27,402"
48409,TX,"68,755"
48411,TX,"5,730"
48413,TX,"2,451"
48415,TX,"16,932"
48417,TX,"3,105"
48419,TX,"24,022"
48421,TX,"2,782"
48423,TX,"233,479"
48425,TX,"9,205"
48427,TX,"65,920"
48429,TX,"9,101"
48431,TX,"1,372"
48433,TX,"1,245"
48435,TX,"3,372"
48437,TX,"6,971"
48439,TX,"2,110,640"
48441,TX,"143,208"
48443,TX,760
48445,TX,"11,831"
48447,TX,"1,440"
48449,TX,"31,247"
48451,TX,"120,003"
48453,TX,"1,290,188"
48455,TX,"13,602"
48457,TX,"19,798"
48459,TX,"40,892"
48461,TX,"3,308"
48463,TX,"24,564"
48465,TX,"47,586"
48467,TX,"59,541"
48469,TX,"91,319"
48471,TX,"76,400"
48473,TX,"56,794"
48475,TX,"11,644"
48477,TX,"35,805"
48479,TX,"267,114"
48481,TX,"41,570"
48483,TX,"4,990"
48485,TX,"129,350"
48487,TX,"12,887"
48489,TX,"20,164"
48491,TX,"609,017"
48493,TX,"49,753"
48495,TX,"7,791"
48497,TX,"68,632"
48499,TX,"44,843"
48501,TX,"7,694"
48503,TX,"17,867"
48505,TX,"13,889"
48507,TX,"9,670"
49000,UT,"3,271,616"
49001,UT,"7,072"
49003,UT,"57,666"
49005,UT,"133,154"
49007,UT,"20,412"
49009,UT,935
49011,UT,"362,679"
49013,UT,"19,596"
49015,UT,"9,825"
49017,UT,"5,083"
49019,UT,"9,669"
49021,UT,"57,289"
49023,UT,"11,786"
49025,UT,"7,667"
49027,UT,"12,975"
49029,UT,"12,295"
49031,UT,"1,438"
49033,UT,"2,510"
49035,UT,"1,185,238"
49037,UT,"14,518"
49039,UT,"28,437"
49041,UT,"21,522"
49043,UT,"42,357"
49045,UT,"72,698"
49047,UT,"35,620"
49049,UT,"659,399"
49051,UT,"34,788"
49053,UT,"180,279"
49055,UT,"2,486"
49057,UT,"262,223"
50000,VT,"643,077"
50001,VT,"37,363"
50003,VT,"37,347"
50005,VT,"30,233"
50007,VT,"168,323"
50009,VT,"5,920"
50011,VT,"49,946"
50013,VT,"7,293"
50015,VT,"25,945"
50017,VT,"29,277"
50019,VT,"27,393"
50021,VT,"60,572"
50023,VT,"59,807"
50025,VT,"45,905"
50027,VT,"57,753"
51000,VA,"8,631,393"
51001,VA,"33,413"
51003,VA,"112,395"
51005,VA,"15,223"
51007,VA,"13,265"
51009,VA,"31,307"
51011,VA,"16,119"
51013,VA,"238,643"
51015,VA,"77,487"
51017,VA,"4,209"
51019,VA,"79,462"
51021,VA,"6,270"
51023,VA,"33,596"
51025,VA,"15,849"
51027,VA,"20,355"
51029,VA,"16,824"
51031,VA,"55,696"
51033,VA,"30,887"
51035,VA,"29,155"
51036,VA,"6,773"
51037,VA,"11,529"
51041,VA,"364,548"
51043,VA,"14,783"
51045,VA,"4,892"
51047,VA,"52,552"
51049,VA,"9,675"
51051,VA,"14,124"
51053,VA,"27,947"
51057,VA,"10,599"
51059,VA,"1,150,309"
51061,VA,"72,972"
51063,VA,"15,476"
51065,VA,"27,249"
51067,VA,"54,477"
51069,VA,"91,419"
51071,VA,"16,787"
51073,VA,"38,711"
51075,VA,"24,727"
51077,VA,"15,333"
51079,VA,"20,552"
51081,VA,"11,391"
51083,VA,"34,022"
51085,VA,"109,979"
51087,VA,"334,389"
51089,VA,"50,948"
51091,VA,"2,232"
51093,VA,"38,606"
51095,VA,"78,254"
51097,VA,"6,608"
51099,VA,"26,723"
51101,VA,"17,810"
51103,VA,"10,919"
51105,VA,"22,173"
51107,VA,"420,959"
51109,VA,"37,596"
51111,VA,"11,936"
51113,VA,"13,837"
51115,VA,"8,533"
51117,VA,"30,319"
51119,VA,"10,625"
51121,VA,"99,721"
51125,VA,"14,775"
51127,VA,"22,945"
51131,VA,"12,282"
51133,VA,"11,839"
51135,VA,"15,642"
51137,VA,"36,254"
51139,VA,"23,709"
51141,VA,"17,608"
51143,VA,"60,501"
51145,VA,"30,333"
51147,VA,"21,849"
51149,VA,"43,010"
51153,VA,"482,204"
51155,VA,"33,800"
51157,VA,"7,348"
51159,VA,"8,923"
51161,VA,"96,929"
51163,VA,"22,650"
51165,VA,"83,757"
51167,VA,"25,781"
51169,VA,"21,576"
51171,VA,"44,186"
51173,VA,"29,800"
51175,VA,"17,996"
51177,VA,"140,032"
51179,VA,"156,927"
51181,VA,"6,561"
51183,VA,"10,829"
51185,VA,"40,429"
51187,VA,"40,727"
51191,VA,"53,935"
51193,VA,"18,477"
51195,VA,"36,130"
51197,VA,"28,290"
51199,VA,"70,045"
51510,VA,"159,467"
51520,VA,"17,219"
51530,VA,"6,641"
51540,VA,"46,553"
51550,VA,"249,422"
51570,VA,"18,170"
51580,VA,"5,737"
51590,VA,"42,590"
51595,VA,"5,766"
51600,VA,"24,146"
51610,VA,"14,658"
51620,VA,"8,180"
51630,VA,"27,982"
51640,VA,"6,720"
51650,VA,"137,148"
51660,VA,"51,814"
51670,VA,"23,033"
51678,VA,"7,320"
51680,VA,"79,009"
51683,VA,"42,772"
51685,VA,"17,219"
51690,VA,"13,485"
51700,VA,"186,247"
51710,VA,"238,005"
51720,VA,"3,687"
51730,VA,"33,458"
51735,VA,"12,460"
51740,VA,"97,915"
51750,VA,"16,070"
51760,VA,"226,610"
51770,VA,"100,011"
51775,VA,"25,346"
51790,VA,"25,750"
51800,VA,"94,324"
51810,VA,"459,470"
51820,VA,"22,196"
51830,VA,"15,425"
51840,VA,"28,120"
53000,WA,"7,705,281"
53001,WA,"20,613"
53003,WA,"22,285"
53005,WA,"206,873"
53007,WA,"79,074"
53009,WA,"77,155"
53011,WA,"503,311"
53013,WA,"3,952"
53015,WA,"110,730"
53017,WA,"42,938"
53019,WA,"7,178"
53021,WA,"96,749"
53023,WA,"2,286"
53025,WA,"99,123"
53027,WA,"75,636"
53029,WA,"86,857"
53031,WA,"32,977"
53033,WA,"2,269,675"
53035,WA,"275,611"
53037,WA,"44,337"
53039,WA,"22,735"
53041,WA,"82,149"
53043,WA,"10,876"
53045,WA,"65,726"
53047,WA,"42,104"
53049,WA,"23,365"
53051,WA,"13,401"
53053,WA,"921,130"
53055,WA,"17,788"
53057,WA,"129,523"
53059,WA,"12,036"
53061,WA,"827,957"
53063,WA,"539,339"
53065,WA,"46,445"
53067,WA,"294,793"
53069,WA,"4,422"
53071,WA,"62,584"
53073,WA,"226,847"
53075,WA,"47,973"
53077,WA,"256,728"
54000,WV,"1,793,716"
54001,WV,"15,465"
54003,WV,"122,076"
54005,WV,"21,809"
54007,WV,"12,447"
54009,WV,"22,559"
54011,WV,"94,350"
54013,WV,"6,229"
54015,WV,"8,051"
54017,WV,"7,808"
54019,WV,"40,488"
54021,WV,"7,408"
54023,WV,"10,976"
54025,WV,"32,977"
54027,WV,"23,093"
54029,WV,"29,095"
54031,WV,"14,299"
54033,WV,"65,921"
54035,WV,"27,791"
54037,WV,"57,701"
54039,WV,"180,745"
54041,WV,"17,033"
54043,WV,"20,463"
54045,WV,"32,567"
54047,WV,"19,111"
54049,WV,"56,205"
54051,WV,"30,591"
54053,WV,"25,453"
54055,WV,"59,664"
54057,WV,"26,938"
54059,WV,"23,568"
54061,WV,"105,822"
54063,WV,"12,376"
54065,WV,"17,063"
54067,WV,"24,604"
54069,WV,"42,425"
54071,WV,"6,143"
54073,WV,"7,653"
54075,WV,"7,869"
54077,WV,"34,216"
54079,WV,"57,440"
54081,WV,"74,591"
54083,WV,"27,932"
54085,WV,"8,444"
54087,WV,"14,028"
54089,WV,"11,959"
54091,WV,"16,705"
54093,WV,"6,762"
54095,WV,"8,313"
54097,WV,"23,816"
54099,WV,"38,982"
54101,WV,"8,378"
54103,WV,"14,442"
54105,WV,"5,194"
54107,WV,"84,296"
54109,WV,"21,382"
55000,WI,"5,893,718"
55001,WI,"20,654"
55003,WI,"16,027"
55005,WI,"46,711"
55007,WI,"16,220"
55009,WI,"268,740"
55011,WI,"13,317"
55013,WI,"16,526"
55015,WI,"52,442"
55017,WI,"66,297"
55019,WI,"34,659"
55021,WI,"58,490"
55023,WI,"16,113"
55025,WI,"561,504"
55027,WI,"89,396"
55029,WI,"30,066"
55031,WI,"44,295"
55033,WI,"45,440"
55035,WI,"105,710"
55037,WI,"4,558"
55039,WI,"104,154"
55041,WI,"9,179"
55043,WI,"51,938"
55045,WI,"37,093"
55047,WI,"19,018"
55049,WI,"23,709"
55051,WI,"6,137"
55053,WI,"21,145"
55055,WI,"84,900"
55057,WI,"26,718"
55059,WI,"169,151"
55061,WI,"20,563"
55063,WI,"120,784"
55065,WI,"16,611"
55067,WI,"19,491"
55069,WI,"28,415"
55071,WI,"81,359"
55073,WI,"138,013"
55075,WI,"41,872"
55077,WI,"15,592"
55078,WI,"4,255"
55079,WI,"939,489"
55081,WI,"46,274"
55083,WI,"38,965"
55085,WI,"37,845"
55087,WI,"190,705"
55089,WI,"91,503"
55091,WI,"7,318"
55093,WI,"42,212"
55095,WI,"44,977"
55097,WI,"70,377"
55099,WI,"14,054"
55101,WI,"197,727"
55103,WI,"17,304"
55105,WI,"163,687"
55107,WI,"14,188"
55109,WI,"93,536"
55111,WI,"65,763"
55113,WI,"18,074"
55115,WI,"40,881"
55117,WI,"118,034"
55119,WI,"19,913"
55121,WI,"30,760"
55123,WI,"30,714"
55125,WI,"23,047"
55127,WI,"106,478"
55129,WI,"16,623"
55131,WI,"136,761"
55133,WI,"406,978"
55135,WI,"51,812"
55137,WI,"24,520"
55139,WI,"171,730"
55141,WI,"74,207"
56000,WY,"576,851"
56001,WY,"37,066"
56003,WY,"11,521"
56005,WY,"47,026"
56007,WY,"14,537"
56009,WY,"13,751"
56011,WY,"7,181"
56013,WY,"39,234"
56015,WY,"12,498"
56017,WY,"4,621"
56019,WY,"8,447"
56021,WY,"100,512"
56023,WY,"19,581"
56025,WY,"79,955"
56027,WY,"2,467"
56029,WY,"29,624"
56031,WY,"8,605"
56033,WY,"30,921"
56035,WY,"8,728"
56037,WY,"42,272"
56039,WY,"23,331"
56041,WY,"20,450"
56043,WY,"7,685"
56045,WY,"6,838"
72000,PR,"3,285,874"
72001,PR,"18,020"
72003,PR,"38,136"
72005,PR,"55,101"
72007,PR,"24,223"
72009,PR,"24,637"
72011,PR,"25,596"
72013,PR,"87,754"
72015,PR,"15,843"
72017,PR,"22,657"
72019,PR,"28,983"
72021,PR,"185,187"
72023,PR,"47,158"
72025,PR,"127,244"
72027,PR,"32,827"
72029,PR,"42,337"
72031,PR,"154,815"
72033,PR,"23,155"
72035,PR,"41,652"
72037,PR,"11,307"
72039,PR,"16,984"
72041,PR,"39,970"
72043,PR,"34,668"
72045,PR,"18,883"
72047,PR,"34,571"
72049,PR,"1,792"
72051,PR,"35,879"
72053,PR,"32,124"
72054,PR,"11,692"
72055,PR,"13,787"
72057,PR,"36,614"
72059,PR,"17,784"
72061,PR,"89,780"
72063,PR,"40,622"
72065,PR,"38,486"
72067,PR,"15,654"
72069,PR,"50,896"
72071,PR,"42,943"
72073,PR,"14,779"
72075,PR,"46,538"
72077,PR,"37,012"
72079,PR,"23,334"
72081,PR,"28,105"
72083,PR,"8,874"
72085,PR,"35,180"
72087,PR,"23,693"
72089,PR,"17,781"
72091,PR,"39,492"
72093,PR,"4,755"
72095,PR,"10,589"
72097,PR,"73,077"
72099,PR,"37,460"
72101,PR,"28,727"
72103,PR,"23,386"
72105,PR,"29,241"
72107,PR,"21,434"
72109,PR,"15,985"
72111,PR,"20,399"
72113,PR,"137,491"
72115,PR,"23,638"
72117,PR,"15,187"
72119,PR,"47,060"
72121,PR,"22,729"
72123,PR,"25,789"
72125,PR,"31,879"
72127,PR,"342,259"
72129,PR,"37,693"
72131,PR,"39,345"
72133,PR,"20,281"
72135,PR,"66,852"
72137,PR,"75,293"
72139,PR,"67,740"
72141,PR,"28,287"
72143,PR,"35,395"
72145,PR,"54,414"
72147,PR,"8,249"
72149,PR,"22,093"
72151,PR,"30,426"
72153,PR,"34,172"
11001,DC,"689,545"
78010,VI,"41,004"
78020,VI,"3,881"
78030,VI,"42,261"
