week_ending,A.2.5,AY.1,AY.2,AY.3,B.1,B.1.1,B.1.1.519,B.1.1.529,B.1.1.7,B.1.2,B.1.234,B.1.243,B.1.351,B.1.427,B.1.429,B.1.525,B.1.526,B.1.526.1,B.1.526.2,B.1.596,B.1.617,B.1.617.1,B.1.617.2,B.1.617.3,B.1.621,B.1.621.1,B.1.626,B.1.628,BA.1.1,BA.2,BA.2.12.1,BA.2.75,BA.2.75.2,BA.2.86,BA.4,BA.4.6,BA.5,BA.5.2.6,BF.11,BF.7,BN.1,BQ.1,BQ.1.1,CH.1.1,EG.5,EG.5.1.8,EG.6.1,EU.1.1,FD.1.1,FD.2,FE.1.1,FL.1.5.1,GE.1,GK.1.1,GK.2,HF.1,HK.3,HV.1,JD.1.1,JF.1,JG.3,JN.1,JN.1.11.1,JN.1.13,JN.1.13.1,JN.1.16,JN.1.16.1,JN.1.18,JN.1.32,JN.1.4.3,JN.1.7,JN.1.8.1,KP.1.1,KP.1.1.3,KP.1.2,KP.2,KP.2.15,KP.2.3,KP.3,KP.3.1.1,KP.4.1,KQ.1,KS.1,KV.2,KW.1.1,LB.1,LF.3.1,LP.1,Other,P.1,P.2,R.1,XBB,XBB.1.16,XBB.1.16.1,XBB.1.16.11,XBB.1.16.15,XBB.1.16.17,XBB.1.16.6,XBB.1.42.2,XBB.1.5,XBB.1.5.1,XBB.1.5.10,XBB.1.5.59,XBB.1.5.68,XBB.1.5.70,XBB.1.5.72,XBB.1.9.1,XBB.1.9.2,XBB.2.3,XBB.2.3.8,XDP,XDV.1
2021-01-02,,,,,0.0574959851801395,,0.0030486197210848,,0.0014592430088669,0.4196120500564575,0.0460644774138927,0.0385656207799911,0.0,0.0327338390052318,0.0332475118339061,0.0,0.0003437310515437,,,0.0916006490588188,,,,,,,,,,,,,,,,,,,,,,,,,,,,,,,,,,,,,,,,,,,,,,,,,,,,,,,,,,,,,,,,,,,,,0.2704997062683105,0.0,0.0028548541013151,0.0024737217463552,,,,,,,,,,,,,,,,,,,,,
2021-01-16,,,,,0.0526089034974575,,0.0081943664699792,,0.0024223832879215,0.3878549933433532,0.0282218009233474,0.0405301786959171,0.0004003977810498,0.0364403426647186,0.0644134581089019,0.0,0.0052925515919923,,,0.1002633720636367,,,,,,,,,,,,,,,,,,,,,,,,,,,,,,,,,,,,,,,,,,,,,,,,,,,,,,,,,,,,,,,,,,,,,0.2673123776912689,0.0,0.0047247014008462,0.0013201549882069,,,,,,,,,,,,,,,,,,,,,
2021-01-30,0.0015479510184377,0.0,0.0,0.0,0.045294064689766225,0.0141326962038874,0.01670310040935869,,0.011602116247209155,0.4067889153957367,0.0336016230285167,0.0271771736443042,0.0007363556248422078,0.03888141951308796,0.07951464332067046,0.0006376462585578846,0.010388658274538184,0.002067194417274183,0.0033080890619505664,0.09345019161701199,0.0,0.0,4.017046012448333e-05,0.0,0.0,0.0,0.0,0.0,,,,,,,,,,,,,,,,,,,,,,,,,,,,,,,,,,,,,,,,,,,,,,,,,,,,,,,,,,,,,0.47645167662547183,0.0004245628336390308,0.005159260705113381,0.0033152969554066,,,,,,,,,,,,,,,,,,,,,
2021-02-13,0.0006727867294102,0.0,3.4448079532e-05,0.0,0.038098652931776875,0.0111294081434607,0.03133174572139974,,0.04421532698548753,0.3995418581697676,0.0233716107904911,0.0306922066956758,0.0022650067157183153,0.04213894387850389,0.09739568829536432,0.0010168255270959691,0.022254384337709463,0.0044369248207658,0.0037166856151694665,0.07312116026878354,0.0,0.0,1.2639151464075e-05,0.0,0.0,0.0,0.0,2.740813943085e-05,,,,,,,,,,,,,,,,,,,,,,,,,,,,,,,,,,,,,,,,,,,,,,,,,,,,,,,,,,,,,0.41368395204727465,0.00024382693607965383,0.008143043890595371,0.007874384522438,,,,,,,,,,,,,,,,,,,,,
2021-02-27,0.001427918090485,0.0,0.0,0.0,0.03332446577648316,0.018496673554182,0.038591792976314335,,0.11258587081517489,0.32356283962726595,0.0187506340444087,0.0255903918296098,0.004912955154265629,0.0461513008922338,0.09360589885285919,0.0026793350365810647,0.05355012257184295,0.012064859581490317,0.012873844398806433,0.05922491699457164,0.0,0.0,8.444758714175385e-05,0.0,0.0,0.00010878399916685,0.0,0.00010877069871635,,,,,,,,,,,,,,,,,,,,,,,,,,,,,,,,,,,,,,,,,,,,,,,,,,,,,,,,,,,,,0.35218543878623415,0.0007462316966016429,0.007848404728892127,0.0122403223067522,,,,,,,,,,,,,,,,,,,,,
2021-03-13,0.0010506041580811,0.0,0.0,0.0,0.02509545154559112,0.0128131648525595,0.05080514672127633,,0.2726458417517798,0.21605399101972575,0.0137950852513313,0.017012758180499,0.004887860002262207,0.04350681017552098,0.0907520172851426,0.002360065584070936,0.06768953693764546,0.018289052570859533,0.016852979393055016,0.04220999032258982,0.0,0.0001000705681060077,5.362627206728462e-05,5.225942424223078e-06,2.4320494655166665e-05,0.0,0.0,0.000328580441419,,,,,,,,,,,,,,,,,,,,,,,,,,,,,,,,,,,,,,,,,,,,,,,,,,,,,,,,,,,,,0.257782227226666,0.0053955177177807635,0.006100923246280663,0.0126997018232941,,,,,,,,,,,,,,,,,,,,,
2021-03-27,0.000869728566613,0.0,0.0,0.0,0.01663103521180645,0.0109445760026574,0.04561793567104767,,0.44711634729589733,0.10676561370491977,0.0050611929036676,0.0070560001768171,0.0079424037664596,0.029364686725395016,0.06597537919878957,0.004088206649092636,0.11585633988891327,0.028597518491248235,0.030910771340131718,0.01621978469192976,0.0,0.0005210832952377846,9.018249077666155e-05,2.2824307541923077e-06,0.0002773207088466333,0.0001851349079515,8.25126553536e-05,0.0007758462452329,,,,,,,,,,,,,,,,,,,,,,,,,,,,,,,,,,,,,,,,,,,,,,,,,,,,,,,,,,,,,0.14984807797840657,0.01590786388676076,0.003844627835364464,0.0104001658037304,,,,,,,,,,,,,,,,,,,,,
2021-04-10,0.0006059356383047,0.0,0.0,0.0,0.011783134463864017,0.0079220095649361,0.029387024315920683,,0.595096115555082,0.03859156928956503,0.0017891328316181,0.0022418154403567,0.0099366421678236,0.017316287516483193,0.043702056631445836,0.00429017008614855,0.11824565859777582,0.03180866936842597,0.03248352650552983,0.005267285834997861,0.0,0.0009647107665211615,0.0009214489926726924,2.0655244252984617e-05,0.0007603345826888334,0.00011131679275415001,0.0,0.0012977095902897001,,,,,,,,,,,,,,,,,,,,,,,,,,,,,,,,,,,,,,,,,,,,,,,,,,,,,,,,,,,,,0.08075780767415248,0.035781364887952756,0.001652503068643482,0.0049503655172884,,,,,,,,,,,,,,,,,,,,,
2021-04-24,0.0005509046604856,2.92335280391e-05,0.0,3.91847170249e-05,0.012838301926173891,0.0100947888568043,0.02062702067196365,,0.6618856054085952,0.013343426916334323,,,0.0083406157791614,0.010506468108640216,0.02325727547017423,0.0034775640815495846,0.1115856078954843,0.02833123815556365,0.03352904723336293,0.002004349487833625,0.0,0.0015503786898289154,0.005559995662994061,7.400627901701538e-05,0.001966505078598833,0.00022202971740619998,4.68576909042e-05,0.0024752735625951997,,,,,,,,,,,,,,,,,,,,,,,,,,,,,,,,,,,,,,,,,,,,,,,,,,,,,,,,,,,,,0.054314916237042446,0.05213192649758774,0.00062867542728779,,,,,,,,,,,,,,,,,,,,,,
2021-05-08,0.0008541416027583,2.28365552175e-05,0.0,5.44368922419e-05,0.0114463188995917,,0.012136057834140925,,0.6990715373646129,0.006889541699950158,,,0.008737797086889055,0.0071413809941573,0.012888626703484453,0.002686948769471809,0.09975049035115671,0.023942634928971473,0.029690542723983474,0.0008664546767249001,0.0,0.0006783476882529091,0.013131208125163156,9.795091913954546e-06,0.0048282343583802,0.00113513204269105,2.71711451205e-05,0.0046474027913063,,,,,,,,,,,,,,,,,,,,,,,,,,,,,,,,,,,,,,,,,,,,,,,,,,,,,,,,,,,,,0.04284735769033427,0.06824189559979868,0.0001693299527687,,,,,,,,,,,,,,,,,,,,,,
2021-05-15,,,,,,,,0.00011239822833880834,,,,,,,,,,,,,,,0.02580126126607255,,,,,,8.551405436360834e-05,0.0,0.0,0.0,0.0,0.0,0.0,0.0,0.0,0.0,0.0,0.0,0.0,0.0,0.0,0.0,0.0,0.0,0.0,0.0,0.0,0.0,0.0,0.0,0.0,0.0,0.0,0.0,0.0,0.0,0.0,0.0,0.0,0.0,0.0,0.0,0.0,0.0,0.0,0.0,0.0,0.0,0.0,0.0,0.0,0.0,0.0,0.0,0.0,0.0,0.0,0.0,0.0,0.0,0.0,0.0,0.0,0.0,0.0,0.0,0.974000828133689,,,,0.0,0.0,0.0,0.0,0.0,0.0,0.0,0.0,0.0,0.0,0.0,0.0,0.0,0.0,0.0,0.0,0.0,0.0,0.0,0.0,0.0
2021-05-22,0.0007418644381687,0.0001510516594862,0.0001669088378548,0.0016568922437727,0.0139882871881127,,0.0089702038094401,,0.6925290359391106,0.00102926873369138,,,0.007235541991475511,0.004004205499465233,0.0060786954127251555,0.0013905523681184999,0.09351509188612299,0.02504649292677635,0.02646973636001345,,0.0,0.0006417623436491778,0.02897508690754569,5.144452411006667e-05,0.007656978598485333,0.00286313961260015,0.000140843752888,0.00707533396780485,,,,,,,,,,,,,,,,,,,,,,,,,,,,,,,,,,,,,,,,,,,,,,,,,,,,,,,,,,,,,0.04477876176436737,0.08683652927478151,7.70364082805e-06,,,,,,,,,,,,,,,,,,,,,,
2021-05-29,,,,,,,,0.00033219406800016665,,,,,,,,,,,,,,,0.055008667624658975,,,,,,0.00014793237783622778,0.0,0.0,0.0,0.0,0.0,0.0,0.0,0.0,0.0,0.0,0.0,0.0,0.0,0.0,0.0,0.0,0.0,0.0,0.0,0.0,0.0,0.0,0.0,0.0,0.0,0.0,0.0,0.0,0.0,0.0,0.0,0.0,0.0,0.0,0.0,0.0,0.0,0.0,0.0,0.0,0.0,0.0,0.0,0.0,0.0,0.0,0.0,0.0,0.0,0.0,0.0,0.0,0.0,0.0,0.0,0.0,0.0,0.0,0.0,0.944511204957962,,,,0.0,0.0,0.0,0.0,0.0,0.0,0.0,0.0,0.0,0.0,0.0,0.0,0.0,0.0,0.0,0.0,0.0,0.0,0.0,0.0,0.0
2021-06-05,0.0031228673178702,0.0005850901361554,0.0037034300621598,0.0129590686410665,0.01749528432264922,,0.0046303640119731,,0.5982421551431928,0.0005945870458769,,,0.004221355575802029,0.003257139153512414,0.0034232467545994003,0.0009624677726865428,0.09426663815975186,,,,0.0,0.0002070335550732143,0.0983860897166388,3.813716466535714e-05,0.020032292231917336,0.00662625767290585,0.0004566158459056,0.012010804377496149,,,,,,,,,,,,,,,,,,,,,,,,,,,,,,,,,,,,,,,,,,,,,,,,,,,,,,,,,,,,,0.05395244274820594,0.11068117724997653,0.000138789389893575,,,,,,,,,,,,,,,,,,,,,,
2021-06-12,,,,,,,,0.000118408567989975,,,,,,,,,,,,,,,0.19195826227466262,,,,,,0.00017172690180202498,0.0,0.0,0.0,0.0,0.0,0.0,0.0,0.0,0.0,0.0,0.0,0.0,0.0,0.0,0.0,0.0,0.0,0.0,0.0,0.0,0.0,0.0,0.0,0.0,0.0,0.0,0.0,0.0,0.0,0.0,0.0,0.0,0.0,0.0,0.0,0.0,0.0,0.0,0.0,0.0,0.0,0.0,0.0,0.0,0.0,0.0,0.0,0.0,0.0,0.0,0.0,0.0,0.0,0.0,0.0,0.0,0.0,0.0,0.0,0.8077515992853377,,,,0.0,0.0,0.0,0.0,0.0,0.0,0.0,0.0,0.0,0.0,0.0,0.0,0.0,0.0,0.0,0.0,0.0,0.0,0.0,0.0,0.0
2021-06-19,0.0033555389381945,0.0007579770754091,0.009992235340178,0.0435124486684799,0.017623800473908532,,0.0015998382586985501,,0.43255776166915894,0.0001087291457224,,,0.0020708042196929,0.0015345795662142,0.00122010484337802,0.0014022394316270399,0.053700869530439364,,,,,0.00011576318647710002,0.3036109209060669,0.0002300887252204,0.03373685851693147,0.009787191171199049,0.0001208923567901,0.01623720396310085,,,,,,,,,,,,,,,,,,,,,,,,,,,,,,,,,,,,,,,,,,,,,,,,,,,,,,,,,,,,,0.05189683362841602,0.09822437763214106,0.0,,,,,,,,,,,,,,,,,,,,,,
2021-06-26,,,,,,,,6.670098304710834e-05,,,,,,,,,,,,,,,0.443028671046098,,,,,,0.000331926476469,0.0,0.0,0.0,0.0,0.0,0.0,0.0,0.0,0.0,0.0,0.0,0.0,0.0,0.0,0.0,0.0,0.0,0.0,0.0,0.0,0.0,0.0,0.0,0.0,0.0,0.0,0.0,0.0,0.0,0.0,0.0,0.0,0.0,0.0,0.0,0.0,0.0,0.0,0.0,0.0,0.0,0.0,0.0,0.0,0.0,0.0,0.0,0.0,0.0,0.0,0.0,0.0,0.0,0.0,0.0,0.0,0.0,0.0,0.0,0.556572695573171,,,,0.0,0.0,0.0,0.0,0.0,0.0,0.0,0.0,0.0,0.0,0.0,0.0,0.0,0.0,0.0,0.0,0.0,0.0,0.0,0.0,0.0
2021-07-03,0.0029976048972457,0.000917483062949,0.0121427346020936,0.0782730355858802,0.0064686243422329,,,,0.20916130642096195,,,,0.00035338411301680006,0.0008670987444929333,0.00021511638866886665,0.00018007532344196668,0.024624132240811933,,,,,0.0,0.59306667248408,3.9688943312866665e-05,0.0280485227704048,0.007474733749404499,0.0003733274352271,0.014499759301543201,,,,,,,,,,,,,,,,,,,,,,,,,,,,,,,,,,,,,,,,,,,,,,,,,,,,,,,,,,,,,0.032007350896795565,0.06306272993485128,,,,,,,,,,,,,,,,,,,,,,,
2021-07-10,,,,,,,,3.344873726338889e-05,,,,,,,,,,,,,,,0.7594833920399348,,,,,,0.0,0.0,0.0,0.0,0.0,0.0,0.0,0.0,0.0,0.0,0.0,0.0,0.0,0.0,0.0,0.0,0.0,0.0,0.0,0.0,0.0,0.0,0.0,0.0,0.0,0.0,0.0,0.0,0.0,0.0,0.0,0.0,0.0,0.0,0.0,0.0,0.0,0.0,0.0,0.0,0.0,0.0,0.0,0.0,0.0,0.0,0.0,0.0,0.0,0.0,0.0,0.0,0.0,0.0,0.0,0.0,0.0,0.0,0.0,0.0,0.24048315568102727,,,,0.0,0.0,0.0,0.0,0.0,0.0,0.0,0.0,0.0,0.0,0.0,0.0,0.0,0.0,0.0,0.0,0.0,0.0,0.0,0.0,0.0
2021-07-17,0.0009055709233507,0.0009217985207214,0.0073766019195318,0.1065091490745544,0.0073697143234312,,,,0.0685434639453888,,,,0.000291604315862,0.0009583949577063,5.36057304998e-05,0.0,0.0063909222371876,,,,,0.0,0.7198111414909363,0.0005090815830044,0.0177845954895019,0.0055970130488276,0.0,0.004961256403476,,,,,,,,,,,,,,,,,,,,,,,,,,,,,,,,,,,,,,,,,,,,,,,,,,,,,,,,,,,,,0.0206037834286689,0.0314122959971427,,,,,,,,,,,,,,,,,,,,,,,
2021-07-24,,,,,,,,0.0,,,,,,,,,,,,,,,0.916309740808275,,,,,,0.0,0.0,0.0,0.0,0.0,0.0,0.0,0.0,0.0,0.0,0.0,0.0,0.0,0.0,0.0,0.0,0.0,0.0,0.0,0.0,0.0,0.0,0.0,0.0,0.0,0.0,0.0,0.0,0.0,0.0,0.0,0.0,0.0,0.0,0.0,0.0,0.0,0.0,0.0,0.0,0.0,0.0,0.0,0.0,0.0,0.0,0.0,0.0,0.0,0.0,0.0,0.0,0.0,0.0,0.0,0.0,0.0,0.0,0.0,0.0,0.08369026291701526,,,,0.0,0.0,0.0,0.0,0.0,0.0,0.0,0.0,0.0,0.0,0.0,0.0,0.0,0.0,0.0,0.0,0.0,0.0,0.0,0.0,0.0
2021-08-07,,,,,,,,0.0,,,,,,,,,,,,,,,0.9696046991480721,,,,,,0.0,0.0,0.0,0.0,0.0,0.0,0.0,0.0,0.0,0.0,0.0,0.0,0.0,0.0,0.0,0.0,0.0,0.0,0.0,0.0,0.0,0.0,0.0,0.0,0.0,0.0,0.0,0.0,0.0,0.0,0.0,0.0,0.0,0.0,0.0,0.0,0.0,0.0,0.0,0.0,0.0,0.0,0.0,0.0,0.0,0.0,0.0,0.0,0.0,0.0,0.0,0.0,0.0,0.0,0.0,0.0,0.0,0.0,0.0,0.0,0.030395300748447533,,,,0.0,0.0,0.0,0.0,0.0,0.0,0.0,0.0,0.0,0.0,0.0,0.0,0.0,0.0,0.0,0.0,0.0,0.0,0.0,0.0,0.0
2021-08-21,,,,,,,,0.0,,,,,,,,,,,,,,,0.9886563287840949,,,,,,0.0,0.0,0.0,0.0,0.0,0.0,0.0,0.0,0.0,0.0,0.0,0.0,0.0,0.0,0.0,0.0,0.0,0.0,0.0,0.0,0.0,0.0,0.0,0.0,0.0,0.0,0.0,0.0,0.0,0.0,0.0,0.0,0.0,0.0,0.0,0.0,0.0,0.0,0.0,0.0,0.0,0.0,0.0,0.0,0.0,0.0,0.0,0.0,0.0,0.0,0.0,0.0,0.0,0.0,0.0,0.0,0.0,0.0,0.0,0.0,0.01134367139699554,,,,0.0,0.0,0.0,0.0,0.0,0.0,0.0,0.0,0.0,0.0,0.0,0.0,0.0,0.0,0.0,0.0,0.0,0.0,0.0,0.0,0.0
2021-09-04,,,,,,,,0.0,,,,,,,,,,,,,,,0.9870243254635069,,,,,,3.791984181584722e-05,0.0,0.0,0.0,0.0,0.0,0.0,0.0,0.0,0.0,0.0,0.0,0.0,0.0,0.0,0.0,0.0,0.0,0.0,0.0,0.0,0.0,0.0,0.0,0.0,0.0,0.0,0.0,0.0,0.0,0.0,0.0,0.0,0.0,0.0,0.0,0.0,0.0,0.0,0.0,0.0,0.0,0.0,0.0,0.0,0.0,0.0,0.0,0.0,0.0,0.0,0.0,0.0,0.0,0.0,0.0,0.0,0.0,0.0,0.0,0.012937757703993004,,,,0.0,0.0,0.0,0.0,0.0,0.0,0.0,0.0,0.0,0.0,0.0,0.0,0.0,0.0,0.0,0.0,0.0,0.0,0.0,0.0,0.0
2021-09-18,,,,,,,,6.789991958661111e-06,,,,,,,,,,,,,,,0.9899439066648483,,,,,,1.2901360049758333e-05,0.0,0.0,0.0,0.0,0.0,0.0,0.0,0.0,0.0,0.0,0.0,0.0,0.0,0.0,0.0,0.0,0.0,0.0,0.0,0.0,0.0,0.0,0.0,0.0,0.0,0.0,0.0,0.0,0.0,0.0,0.0,0.0,0.0,0.0,0.0,0.0,0.0,0.0,0.0,0.0,0.0,0.0,0.0,0.0,0.0,0.0,0.0,0.0,0.0,0.0,0.0,0.0,0.0,0.0,0.0,0.0,0.0,0.0,0.0,0.010036405667455606,,,,0.0,0.0,0.0,0.0,0.0,0.0,0.0,0.0,0.0,0.0,0.0,0.0,0.0,0.0,0.0,0.0,0.0,0.0,0.0,0.0,0.0
2021-10-02,,,,,,,,2.1959760083977777e-05,,,,,,,,,,,,,,,0.9916110303666856,,,,,,7.00174658857889e-05,0.0,2.5163381198730557e-05,0.0,0.0,0.0,0.0,0.0,9.016423695711111e-06,0.0,0.0,0.0,0.0,0.0,0.0,0.0,0.0,0.0,0.0,0.0,0.0,0.0,0.0,0.0,0.0,0.0,0.0,0.0,0.0,0.0,0.0,0.0,0.0,0.0,0.0,0.0,0.0,0.0,0.0,0.0,0.0,0.0,0.0,0.0,0.0,0.0,0.0,0.0,0.0,0.0,0.0,0.0,0.0,0.0,0.0,0.0,0.0,0.0,0.0,0.0,0.00826281823942225,,,,0.0,0.0,0.0,0.0,0.0,0.0,0.0,0.0,0.0,0.0,0.0,0.0,0.0,0.0,0.0,0.0,0.0,0.0,0.0,0.0,0.0
2021-10-16,,,,,,,,4.458926165722222e-06,,,,,,,,,,,,,,,0.9906005693806542,,,,,,1.4106475646208335e-05,1.7659136877486113e-05,0.0,0.0,0.0,0.0,0.0,0.0,0.0,0.0,0.0,0.0,0.0,0.0,0.0,0.0,0.0,0.0,0.0,0.0,0.0,0.0,0.0,0.0,0.0,0.0,0.0,0.0,0.0,0.0,0.0,0.0,0.0,0.0,0.0,0.0,0.0,0.0,0.0,0.0,0.0,0.0,0.0,0.0,0.0,0.0,0.0,0.0,0.0,0.0,0.0,0.0,0.0,0.0,0.0,0.0,0.0,0.0,0.0,0.0,0.009351984985793585,,,,0.0,0.0,0.0,0.0,0.0,0.0,0.0,0.0,1.122127885836389e-05,0.0,0.0,0.0,0.0,0.0,0.0,0.0,0.0,0.0,0.0,0.0,0.0
2021-10-30,,,,,,,,3.8633672223375e-05,,,,,,,,,,,,,,,0.9896891680028703,,,,,,6.29753890275e-06,1.1265854280055555e-06,0.0,0.0,0.0,0.0,0.0,0.0,9.54276679796111e-06,0.0,0.0,0.0,0.0,0.0,0.0,0.0,0.0,0.0,0.0,0.0,0.0,0.0,0.0,0.0,0.0,0.0,0.0,0.0,0.0,0.0,0.0,0.0,0.0,0.0,0.0,0.0,0.0,0.0,0.0,0.0,0.0,0.0,0.0,0.0,0.0,0.0,0.0,0.0,0.0,0.0,0.0,0.0,0.0,0.0,0.0,0.0,0.0,0.0,0.0,0.0,0.010255229943949276,,,,0.0,0.0,0.0,0.0,0.0,0.0,0.0,0.0,0.0,0.0,0.0,0.0,0.0,0.0,0.0,0.0,0.0,0.0,0.0,0.0,0.0
2021-11-13,,,,,,,,3.751872383059722e-05,,,,,,,,,,,,,,,0.9837411211596595,,,,,,5.188384703710833e-05,1.126043318636111e-06,6.290513889880556e-06,0.0,0.0,0.0,0.0,0.0,2.339116725928611e-05,0.0,0.0,0.0,0.0,7.79705576148889e-06,0.0,0.0,0.0,0.0,0.0,0.0,0.0,0.0,0.0,0.0,0.0,0.0,0.0,0.0,0.0,0.0,0.0,0.0,0.0,0.0,0.0,0.0,0.0,0.0,0.0,0.0,0.0,0.0,0.0,0.0,0.0,0.0,0.0,0.0,0.0,0.0,0.0,0.0,0.0,0.0,0.0,0.0,0.0,0.0,0.0,0.0,0.016130871915568865,,,,0.0,0.0,0.0,0.0,0.0,0.0,0.0,0.0,0.0,0.0,0.0,0.0,0.0,0.0,0.0,0.0,0.0,0.0,0.0,0.0,0.0
2021-11-27,,,,,,,,0.0004653240652663833,,,,,,,,,,,,,,,0.9844930006398095,,,,,,0.00047917250129905276,0.0,0.0,0.0,0.0,0.0,1.545776356372222e-05,0.0,3.831619212880833e-05,0.0,0.0,0.0,0.0,0.0,0.0,0.0,0.0,0.0,0.0,0.0,0.0,0.0,0.0,0.0,0.0,0.0,0.0,0.0,0.0,0.0,0.0,0.0,0.0,1.2361799755480952e-05,0.0,0.0,0.0,0.0,0.0,0.0,0.0,0.0,0.0,0.0,0.0,0.0,0.0,0.0,0.0,0.0,0.0,0.0,0.0,0.0,0.0,0.0,0.0,0.0,0.0,0.0,0.014501520794712782,,,,0.0,0.0,0.0,0.0,0.0,0.0,0.0,0.0,0.0,0.0,0.0,0.0,0.0,0.0,0.0,0.0,0.0,0.0,0.0,0.0,0.0
2021-12-11,,,,,,,,0.03827027883380648,,,,,,,,,,,,,,,0.9457290122906367,,,,,,0.013643541683753278,0.0001475339255799639,0.0,0.0,0.0,0.0,0.0,0.0,0.0,0.0,0.0,0.0,0.0,0.0,6.755678479402778e-06,0.0,0.0,0.0,0.0,0.0,0.0,0.0,0.0,0.0,0.0,0.0,0.0,0.0,0.0,0.0,0.0,0.0,0.0,0.0,0.0,0.0,0.0,0.0,0.0,0.0,0.0,0.0,0.0,0.0,0.0,0.0,0.0,0.0,0.0,0.0,0.0,0.0,0.0,0.0,0.0,0.0,0.0,0.0,0.0,0.0,0.002202877949457564,,,,0.0,0.0,0.0,0.0,0.0,0.0,0.0,0.0,0.0,0.0,0.0,0.0,0.0,0.0,0.0,0.0,0.0,0.0,0.0,0.0,0.0
2021-12-25,,,,,,,,0.3380582614077462,,,,,,,,,,,,,,,0.42938515130016536,,,,,,0.22704512584540573,0.0017213915351829612,3.188066611052778e-06,0.0,0.0,0.0,3.174862397115278e-05,9.47367371073889e-06,2.202292739633611e-05,0.0,0.0,0.0,0.0,0.0,0.0,0.0,0.0,0.0,0.0,0.0,0.0,0.0,0.0,0.0,0.0,0.0,0.0,0.0,0.0,0.0,0.0,0.0,0.0,0.0,0.0,0.0,0.0,0.0,0.0,0.0,0.0,0.0,0.0,0.0,0.0,0.0,0.0,0.0,0.0,0.0,0.0,0.0,0.0,0.0,0.0,0.0,0.0,0.0,0.0,0.0,0.003723641230155561,,,,0.0,0.0,0.0,0.0,0.0,0.0,0.0,0.0,0.0,0.0,0.0,0.0,0.0,0.0,0.0,0.0,0.0,0.0,0.0,0.0,0.0
2022-01-08,,,,,,,,0.45067646933926475,,,,,,,,,,,,,,,0.07581659841040765,,,,,,0.4664842602279451,0.0040934144182958,8.661209560356389e-05,0.0,0.0,0.0,4.621102599788889e-06,7.865153444624999e-06,2.813951227325833e-05,2.439444895313889e-06,0.0,0.0,0.0,3.4567112012805557e-06,1.0867586398538889e-05,0.0,0.0,0.0,0.0,0.0,0.0,0.0,0.0,0.0,0.0,0.0,0.0,0.0,0.0,0.0,0.0,0.0,0.0,0.0,0.0,0.0,0.0,0.0,0.0,0.0,0.0,0.0,0.0,0.0,0.0,0.0,0.0,0.0,0.0,0.0,0.0,0.0,0.0,0.0,0.0,0.0,0.0,0.0,0.0,0.0,0.002785259346839808,,,,0.0,0.0,0.0,0.0,0.0,0.0,0.0,0.0,0.0,0.0,0.0,0.0,0.0,0.0,0.0,0.0,0.0,0.0,0.0,0.0,0.0
2022-01-22,,,,,,,,0.360846256216367,,,,,,,,,,,,,,,0.013563095798922849,,,,,,0.618973379333814,0.005886388088886892,0.00020734251342618333,0.0,0.0,0.0,1.2196090665325001e-05,9.706431102186111e-06,7.106575018644167e-05,0.0,0.0,0.0,0.0,0.0,1.287108769545e-05,0.0,0.0,0.0,0.0,0.0,0.0,0.0,0.0,0.0,0.0,0.0,0.0,0.0,0.0,0.0,0.0,0.0,0.0,0.0,0.0,0.0,0.0,0.0,0.0,0.0,0.0,0.0,0.0,0.0,0.0,0.0,0.0,0.0,0.0,0.0,0.0,0.0,0.0,0.0,0.0,0.0,0.0,0.0,0.0,0.0,0.0004176980574912278,,,,0.0,0.0,0.0,0.0,0.0,0.0,0.0,0.0,0.0,0.0,0.0,0.0,0.0,0.0,0.0,0.0,0.0,0.0,0.0,0.0,0.0
2022-02-05,,,,,,,,0.28274761471483445,,,,,,,,,,,,,,,0.005250247272973211,,,,,,0.7013693335983489,0.010531873028311413,0.0,0.0,0.0,0.0,1.3764634584480555e-05,0.0,6.177777821494444e-06,0.0,0.0,0.0,0.0,7.453774426466668e-06,4.504870237975e-06,0.0,0.0,0.0,0.0,0.0,0.0,0.0,0.0,0.0,0.0,0.0,0.0,0.0,0.0,3.796877194842857e-06,0.0,0.0,0.0,0.0,0.0,0.0,0.0,0.0,0.0,0.0,0.0,0.0,0.0,0.0,0.0,0.0,0.0,0.0,0.0,0.0,0.0,0.0,0.0,0.0,0.0,0.0,0.0,0.0,0.0,0.0,2.6804278554102777e-05,,,,7.453774426466668e-06,0.0,0.0,0.0,0.0,0.0,0.0,0.0,3.182283277657222e-05,0.0,0.0,0.0,0.0,0.0,0.0,0.0,0.0,0.0,0.0,0.0,0.0
2022-02-19,,,,,,,,0.21860165190365577,,,,,,,,,,,,,,,0.001216950325114186,,,,,,0.7488101306888792,0.03114635781902401,4.474071708191667e-05,0.0,0.0,0.0,3.922123955307222e-05,0.0,2.9764984396383335e-05,0.0,0.0,0.0,0.0,0.0,4.994103303694445e-06,0.0,0.0,0.0,0.0,0.0,0.0,0.0,0.0,0.0,0.0,0.0,0.0,0.0,0.0,0.0,0.0,0.0,0.0,7.376314052985715e-06,0.0,0.0,0.0,0.0,0.0,5.742073274866666e-07,0.0,0.0,0.0,0.0,0.0,0.0,0.0,0.0,0.0,0.0,0.0,0.0,0.0,0.0,0.0,0.0,0.0,0.0,0.0,0.0,8.674959200203334e-05,,,,0.0,0.0,0.0,0.0,0.0,0.0,0.0,0.0,1.4899414382908333e-05,0.0,0.0,0.0,0.0,0.0,0.0,0.0,0.0,0.0,0.0,0.0,0.0
2022-03-05,,,,,,,,0.16566397911972464,,,,,,,,,,,,,,,0.00155107251743575,,,,,,0.719338670372963,0.11107700835499494,0.001158557848409814,0.0,0.0,0.0,3.9913667327055555e-05,0.0,0.00021953619822544446,0.0,0.0,0.0,0.0,0.0,0.0,0.0,0.0,0.0,0.0,0.0,0.0,0.0,0.0,0.0,0.0,0.0,0.0,0.0,0.0,0.0,0.0,0.0,0.0,0.0,0.0,0.0,0.0,0.0,0.0,0.0,0.0,0.0,0.0,0.0,0.0,0.0,0.0,0.0,0.0,0.0,0.0,0.0,0.0,0.0,0.0,0.0,0.0,0.0,0.0,0.0,0.0009305431869708334,,,,0.0,0.0,0.0,0.0,0.0,0.0,0.0,0.0,2.0713976735094443e-05,0.0,0.0,0.0,0.0,0.0,0.0,0.0,0.0,0.0,0.0,0.0,0.0
2022-03-19,,,,,,,,0.09822251833975311,,,,,,,,,,,,,,,0.0009623971935878501,,,,,,0.5431451317336824,0.3458043585220973,0.010733389838909061,0.0,0.0,0.0,0.0,0.0,2.2245087418666667e-05,0.0,0.0,0.0,0.0,0.0,0.0,0.0,0.0,0.0,0.0,0.0,0.0,0.0,0.0,0.0,0.0,0.0,0.0,0.0,0.0,0.0,0.0,0.0,0.0,0.0,0.0,0.0,0.0,0.0,0.0,0.0,0.0,0.0,0.0,0.0,0.0,0.0,0.0,0.0,0.0,0.0,0.0,0.0,0.0,0.0,0.0,0.0,0.0,0.0,0.0,0.0,0.0010862443563786585,,,,0.0,0.0,0.0,0.0,0.0,0.0,0.0,0.0,2.371868160678889e-05,0.0,0.0,0.0,0.0,0.0,0.0,0.0,0.0,0.0,0.0,0.0,0.0
2022-04-02,,,,,,,,0.03152097456364163,,,,,,,,,,,,,,,0.0005695275419080694,,,,,,0.254016141510672,0.655759311384625,0.055801690763069484,0.0,0.0,0.0,2.4774830459688888e-05,0.0,0.0003572325165602889,0.0,0.0,0.0,0.0,0.0,0.0,0.0,0.0,0.0,0.0,0.0,0.0,0.0,0.0,0.0,0.0,0.0,0.0,0.0,0.0,0.0,0.0,0.0,0.0,5.817583379598571e-05,0.0,0.0,0.0,0.0,0.0,0.0,0.0,0.0,0.0,0.0,0.0,0.0,0.0,0.0,0.0,0.0,0.0,0.0,0.0,0.0,0.0,0.0,0.0,0.0,0.0,0.0,0.0019164164938653,,,,0.0,0.0,0.0,0.0,0.0,0.0,0.0,0.0,0.0,0.0,0.0,0.0,0.0,0.0,0.0,0.0,0.0,0.0,0.0,0.0,0.0
2022-04-16,,,,,,,,0.00803753582295025,,,,,,,,,,,,,,,0.0002489882952229222,,,,,,0.07380252910984883,0.7487122764190038,0.16538796739445788,0.0,0.0,0.0,0.000465448784072725,0.0,0.0005885034592614722,0.0,0.0,0.0,0.0,0.0,0.0,0.0,0.0,0.0,0.0,0.0,0.0,0.0,0.0,0.0,0.0,0.0,0.0,0.0,0.0,0.0,0.0,0.0,0.0,1.394574350599524e-05,0.0,0.0,0.0,0.0,0.0,0.0,0.0,0.0,0.0,0.0,0.0,0.0,0.0,0.0,0.0,0.0,0.0,0.0,0.0,0.0,0.0,0.0,0.0,0.0,0.0,0.0,0.0027308591007668445,,,,0.0,0.0,0.0,0.0,0.0,0.0,0.0,0.0,1.775889606703611e-05,0.0,0.0,0.0,0.0,0.0,0.0,0.0,0.0,0.0,0.0,0.0,0.0
2022-04-30,,,,,,,,0.0020877157868299558,,,,,,,,,,,,,,,0.0001084569323412861,,,,,,0.019741428809033453,0.6688344925642014,0.30207123441828615,0.0,0.0,0.0,0.0020762245726978056,0.0,0.0018920299804044529,0.0,0.0,0.0,0.0,0.0,0.0,0.0,0.0,0.0,0.0,0.0,0.0,0.0,0.0,0.0,0.0,0.0,0.0,0.0,0.0,0.0,0.0,0.0,0.0,0.0,0.0,0.0,0.0,0.0,0.0,0.0,0.0,0.0,0.0,0.0,0.0,0.0,0.0,0.0,0.0,0.0,0.0,0.0,0.0,0.0,0.0,0.0,0.0,0.0,0.0,0.0,0.003188416452353975,,,,0.0,0.0,0.0,0.0,0.0,0.0,0.0,0.0,0.0,0.0,0.0,0.0,0.0,0.0,0.0,0.0,0.0,0.0,0.0,0.0,0.0
2022-05-14,,,,,,,,0.0008178954998987916,,,,,,,,,,,,,,,6.010363469811111e-05,,,,,,0.004290326265618153,0.5023083413640658,0.4715137746598985,0.0,0.0,0.0,0.00825952386690506,4.494177422500833e-05,0.009572300283859123,0.0,0.0,0.0,0.0,0.0,0.0,0.0,0.0,0.0,0.0,0.0,0.0,0.0,0.0,0.0,0.0,0.0,0.0,0.0,0.0,0.0,0.0,0.0,0.0,9.27262819802381e-06,0.0,0.0,0.0,0.0,0.0,0.0,0.0,0.0,0.0,0.0,0.0,0.0,0.0,0.0,0.0,0.0,0.0,0.0,0.0,0.0,0.0,0.0,0.0,0.0,0.0,0.0,0.003088223036482047,,,,0.0,1.3049638356338889e-05,0.0,0.0,0.0,0.0,0.0,0.0,2.6104832310566665e-05,0.0,0.0,0.0,0.0,0.0,0.0,0.0,0.0,0.0,0.0,0.0,0.0
2022-05-28,,,,,,,,0.0004116333487520611,,,,,,,,,,,,,,,6.179271965968333e-05,,,,,,0.0013542815286200056,0.3325023866362042,0.5965562959512075,0.0,0.0,0.0,0.02755848302816346,0.0007488763852354889,0.03741558092749776,0.0,0.0,1.7183718632066667e-05,0.0,0.0,0.0,0.0,0.0,0.0,0.0,0.0,0.0,0.0,0.0,0.0,0.0,0.0,0.0,0.0,0.0,0.0,0.0,0.0,0.0,0.0,0.0,0.0,0.0,0.0,0.0,0.0,0.0,0.0,0.0,0.0,0.0,0.0,0.0,0.0,0.0,0.0,0.0,0.0,0.0,0.0,0.0,0.0,0.0,0.0,0.0,0.0,0.003343630931340111,,,,0.0,0.0,0.0,0.0,0.0,0.0,0.0,0.0,4.822379903777778e-07,0.0,0.0,0.0,1.5758555574260605e-05,0.0,0.0,0.0,1.4927580600116666e-05,0.0,0.0,0.0,0.0
2022-06-11,,,,,,,,0.0004087961788172361,,,,,,,,,,,,,,,9.743009549204722e-05,,,,,,0.0006990005155481527,0.19241590135627318,0.5871286706791984,0.0,0.0,0.0,0.07451738624109158,0.0028071477815197914,0.13974255033665228,0.0,0.0,0.0,0.0,0.0,0.0,0.0,0.0,0.0,0.0,0.0,0.0,0.0,0.0,0.0,0.0,0.0,0.0,0.0,0.0,0.0,0.0,0.0,0.0,0.0,0.0,0.0,0.0,0.0,0.0,0.0,0.0,0.0,0.0,0.0,0.0,0.0,0.0,0.0,0.0,0.0,0.0,0.0,0.0,0.0,0.0,0.0,0.0,0.0,0.0,0.0,0.0021831112357580387,,,,0.0,0.0,0.0,0.0,0.0,0.0,0.0,0.0,0.0,0.0,0.0,0.0,0.0,0.0,0.0,0.0,0.0,0.0,0.0,0.0,0.0
2022-06-25,,,,,,,,0.00019206598921699721,,,,,,,,,,,,,,,4.358398109610833e-05,,,,,,0.00022136758707342222,0.09057934561537367,0.41741938971810866,0.00013040583063326388,0.0,0.0,0.12016710659695991,0.00874635450438488,0.36098165892892414,0.0001727390412674,0.0,2.211089789241111e-05,0.0,0.0,0.0,0.0,0.0,0.0,0.0,0.0,0.0,0.0,0.0,0.0,0.0,0.0,0.0,0.0,0.0,0.0,0.0,0.0,0.0,0.0,0.0,0.0,0.0,0.0,0.0,0.0,0.0,0.0,0.0,0.0,0.0,0.0,0.0,0.0,0.0,0.0,0.0,0.0,0.0,0.0,0.0,0.0,0.0,0.0,0.0,0.0,0.0013089557663381805,,,,0.0,0.0,0.0,0.0,0.0,0.0,0.0,0.0,1.4914698264524999e-05,0.0,0.0,0.0,0.0,0.0,0.0,0.0,0.0,0.0,0.0,0.0,0.0
2022-07-09,,,,,,,,0.00023445318199966667,,,,,,,,,,,,,,,5.576016105295278e-05,,,,,,0.0002092312093332139,0.03521377851979595,0.19544247455067099,0.00025569237954585836,0.0,0.0,0.13150326576497814,0.02007048163149087,0.6158975511789322,0.00019966758150577222,4.5924766507338886e-05,7.427725379071667e-05,0.0,0.0,0.0,0.0,0.0,0.0,0.0,0.0,0.0,0.0,0.0,0.0,0.0,0.0,0.0,0.0,0.0,0.0,0.0,0.0,0.0,0.0,0.0,0.0,0.0,0.0,0.0,0.0,0.0,0.0,0.0,0.0,0.0,0.0,0.0,0.0,0.0,0.0,0.0,0.0,0.0,0.0,0.0,0.0,0.0,0.0,0.0,0.0,0.000763592588353025,,,,0.0,0.0,0.0,0.0,0.0,0.0,0.0,0.0,3.385700786864722e-05,0.0,0.0,0.0,0.0,0.0,0.0,0.0,0.0,0.0,0.0,0.0,0.0
2022-07-23,,,,,,,,0.0003328186867292417,,,,,,,,,,,,,,,0.0,,,,,,0.00018245107316433056,0.014461890018234592,0.07607519709401657,0.0006303734699030805,0.0,0.0,0.10882879607379432,0.032186404387983966,0.7647642410463757,0.00040123484844414446,0.00025819820924269165,0.0007935075619671389,0.0,0.0,0.0,0.0,0.0,0.0,0.0,0.0,0.0,0.0,0.0,0.0,0.0,0.0,0.0,0.0,0.0,0.0,0.0,0.0,0.0,0.0,0.0,0.0,0.0,0.0,0.0,0.0,0.0,0.0,0.0,0.0,0.0,0.0,0.0,0.0,0.0,0.0,0.0,0.0,0.0,0.0,0.0,0.0,0.0,0.0,0.0,0.0,0.0010848911414439778,,,,0.0,0.0,0.0,0.0,0.0,0.0,0.0,0.0,0.0,0.0,0.0,0.0,0.0,0.0,0.0,0.0,0.0,0.0,0.0,0.0,0.0
2022-08-06,,,,,,,,0.00026642685002615276,,,,,,,,,,,,,,,1.7971837552119444e-05,,,,,,0.00011358986739645556,0.005818937323056111,0.029005700101455003,0.0017985064090073888,8.820122982552778e-06,0.0,0.0802455879747867,0.04615506954077212,0.8324982739157147,0.0006996535909516862,0.00036390186384471107,0.0016796087697406473,0.0,8.78259751414889e-05,2.7343136379233335e-05,0.0,0.0,0.0,0.0,0.0,0.0,0.0,0.0,0.0,0.0,0.0,0.0,0.0,0.0,0.0,0.0,0.0,0.0,0.0,0.0,0.0,0.0,0.0,0.0,0.0,0.0,0.0,0.0,0.0,0.0,0.0,0.0,0.0,0.0,0.0,0.0,0.0,0.0,0.0,0.0,0.0,0.0,0.0,0.0,0.0,0.0012127798367549917,,,,0.0,0.0,0.0,0.0,0.0,0.0,0.0,0.0,0.0,0.0,0.0,0.0,0.0,0.0,0.0,0.0,0.0,0.0,0.0,0.0,0.0
2022-08-20,,,,,,,,0.0002863559105510722,,,,,,,,,,,,,,,1.8556463954938886e-05,,,,,,0.000149480138740375,0.002866336771856114,0.009147092803484818,0.002861967724230511,0.0003580221026721472,0.0,0.053221746140883985,0.06603147813843352,0.8573805689811707,0.0008260066679212695,0.0011911427847937084,0.0037586700184166666,5.956069735925e-06,0.0003790087592076111,6.191097640511667e-05,0.0,0.0,0.0,0.0,0.0,0.0,0.0,0.0,0.0,0.0,0.0,0.0,0.0,0.0,0.0,0.0,0.0,0.0,0.0,0.0,0.0,0.0,0.0,0.0,0.0,0.0,0.0,0.0,0.0,0.0,0.0,0.0,0.0,0.0,0.0,0.0,0.0,0.0,0.0,0.0,0.0,0.0,0.0,0.0,0.0,0.0014145875563068417,,,,4.111226998141667e-05,0.0,0.0,0.0,0.0,0.0,0.0,0.0,0.0,0.0,0.0,0.0,0.0,0.0,0.0,0.0,0.0,0.0,0.0,0.0,0.0
2022-09-03,,,,,,,,0.00025218506925733336,,,,,,,,,,,,,,,1.7592680983850002e-05,,,,,,0.0003792448907106889,0.0016627491115488388,0.0034066016540034334,0.003938305560344161,0.001714958243408289,0.0,0.037774649241732176,0.08369787161548928,0.8537873327732086,0.0011752327522521085,0.002148615668475997,0.0075988003389081465,3.106115082114166e-05,0.0008506220587554639,9.752625838796389e-05,0.0,0.0,0.0,0.0,0.0,0.0,0.0,0.0,0.0,0.0,0.0,0.0,0.0,0.0,0.0,0.0,0.0,0.0,0.0,0.0,0.0,0.0,0.0,0.0,0.0,0.0,0.0,0.0,0.0,0.0,0.0,0.0,0.0,0.0,0.0,0.0,0.0,0.0,0.0,0.0,0.0,0.0,0.0,0.0,0.0,0.0014398047545303334,,,,2.685358928521389e-05,0.0,0.0,0.0,0.0,0.0,0.0,0.0,0.0,0.0,0.0,0.0,0.0,0.0,0.0,0.0,0.0,0.0,0.0,0.0,0.0
2022-09-17,,,,,,,,0.0002469136084578222,,,,,,,,,,,,,,,5.1586500679402774e-05,,,,,,0.00014616433286892224,0.001710191692432553,0.0011828052196909944,0.005788277265512231,0.0027077242137035803,0.0,0.026051662655340247,0.10132991253501834,0.8318028301000595,0.0025545950112346527,0.0035576735260999335,0.015288702600325103,0.000269816899769125,0.004327381754087031,0.0013196084958811138,0.0,0.0,0.0,0.0,0.0,0.0,0.0,0.0,0.0,0.0,0.0,0.0,0.0,0.0,0.0,0.0,0.0,0.0,0.0,0.0,0.0,0.0,0.0,0.0,0.0,0.0,0.0,0.0,0.0,0.0,0.0,0.0,0.0,0.0,0.0,0.0,0.0,0.0,0.0,0.0,0.0,0.0,0.0,0.0,0.0,0.0015931925801042361,,,,7.095613606599167e-05,0.0,0.0,0.0,0.0,0.0,0.0,0.0,0.0,0.0,0.0,0.0,0.0,0.0,0.0,0.0,0.0,0.0,0.0,0.0,0.0
2022-10-01,,,,,,,,9.448571108800001e-05,,,,,,,,,,,,,,,2.0696564812727777e-05,,,,,,0.0004238261762009972,0.0027514012181199614,0.00046670894921080005,0.009199487640418893,0.004368070409529686,0.0,0.01450243196450169,0.10508826188743109,0.8026604255040487,0.005023958523654223,0.005040627852496127,0.0257461013582845,0.0011065452417823916,0.014452251683299685,0.006684154388494738,8.495140011489444e-05,0.0,0.0,0.0,0.0,0.0,0.0,0.0,0.0,0.0,0.0,0.0,0.0,0.0,0.0,0.0,0.0,0.0,0.0,0.0,0.0,0.0,0.0,0.0,0.0,0.0,0.0,0.0,0.0,0.0,0.0,0.0,0.0,0.0,0.0,0.0,0.0,0.0,0.0,0.0,0.0,0.0,0.0,0.0,0.0,0.001652551860186328,,,,0.0006330648854296667,0.0,0.0,0.0,0.0,0.0,0.0,0.0,0.0,0.0,0.0,0.0,0.0,0.0,0.0,0.0,0.0,0.0,0.0,0.0,0.0
2022-10-15,,,,,,,,0.00022987663881693333,,,,,,,,,,,,,,,0.00011441608007261111,,,,,,0.00047877602547584445,0.005997394534966136,0.0001487239419980111,0.011914978140137217,0.006225132758522147,0.0,0.010098573881097916,0.09361549860073455,0.7278909600443311,0.008606039867218956,0.00854023313149805,0.04867419900579581,0.004432116389378042,0.040783489019506465,0.02630269780961999,7.945560719230555e-05,0.0,0.0,0.0,0.0,0.0,0.0,0.0,0.0,0.0,0.0,0.0,0.0,0.0,0.0,0.0,0.0,0.0,0.0,0.0,0.0,0.0,0.0,0.0,0.0,0.0,0.0,0.0,0.0,0.0,0.0,0.0,0.0,0.0,0.0,0.0,0.0,0.0,0.0,0.0,0.0,0.0,0.0,0.0,0.0,0.0020490608229818724,,,,0.0038183765395337055,0.0,0.0,0.0,0.0,0.0,0.0,0.0,0.0,0.0,0.0,0.0,0.0,0.0,0.0,0.0,0.0,0.0,0.0,0.0,0.0
2022-10-29,,,,,,,,0.00029401951380547496,,,,,,,,,,,,,,,9.187767439768889e-05,,,,,,0.0007338852835042527,0.0077059708613280865,0.00028252365720815,0.010753783216285983,0.006372944891659706,4.6128827307204544e-05,0.006332821613695009,0.06796823359198036,0.6137379739019606,0.014231228580077443,0.011443914069483625,0.06376634745134242,0.014162281760945873,0.091167827654216,0.0790577994452582,0.0006129603085961361,0.0,0.0,0.0,0.0,0.0,0.0,0.0,0.0,0.0,0.0,0.0,0.0,0.0,0.0,0.0,0.0,0.0,0.0,0.0,0.0,0.0,0.0,0.0,0.0,0.0,0.0,0.0,0.0,0.0,0.0,0.0,0.0,0.0,0.0,0.0,0.0,0.0,0.0,0.0,0.0,0.0,0.0,0.0,0.0,0.0015207061628137945,,,,0.00946463458240028,0.0,0.0,0.0,0.0,0.0,0.0,0.0,0.0002700768139523278,0.0,0.0,0.0,0.0,0.0,0.0,0.0,0.0,0.0,0.0,0.0,0.0
2022-11-12,,,,,,,,0.0002250996917104139,,,,,,,,,,,,,,,9.100943013086112e-06,,,,,,0.0003352000785525389,0.007341402207708136,0.0004631903405727638,0.011047875586276214,0.0037503551251978806,0.0,0.0035907602092871585,0.050252460667656484,0.46368302487664753,0.016248252501504246,0.013579478125191348,0.07767214419113261,0.020452537780834522,0.1624428323573536,0.14469947914282477,0.001598865168893464,0.0,0.0,0.0,0.0,0.0,0.0,0.0,0.0,0.0,0.0,0.0,0.0,0.0,0.0,0.0,0.0,0.0,0.0,0.0,0.0,0.0,0.0,0.0,0.0,0.0,0.0,0.0,0.0,0.0,0.0,0.0,0.0,0.0,0.0,0.0,0.0,0.0,0.0,0.0,0.0,0.0,0.0,0.0,0.0,0.0025886734430160332,,,,0.019032868867119104,0.0,0.0,0.0,0.0,0.0,0.0,0.0,0.0009665277046021638,0.0,0.0,0.0,0.0,0.0,0.0,0.0,0.0,1.986979365631111e-05,0.0,0.0,0.0
2022-11-26,,,,,,,,0.00014771378846485,,,,,,,,,,,,,,,0.0,,,,,,2.587487066794722e-05,0.008137614673210471,0.00026727026569354725,0.008415938613729294,0.0036021879964714637,0.0,0.0016160592559672777,0.029776363478352583,0.31927653816011214,0.018007632293220974,0.009262357243440166,0.0674859825521707,0.027829193458374948,0.22475077956914896,0.23009921900100172,0.003378504279276511,0.0,0.0,0.0,0.0,0.0,0.0,0.0,0.0,0.0,0.0,0.0,0.0,0.0,0.0,0.0,0.0,0.0,0.0,0.0,0.0,0.0,0.0,0.0,0.0,0.0,0.0,0.0,0.0,0.0,0.0,0.0,0.0,0.0,0.0,0.0,0.0,0.0,0.0,0.0,0.0,0.0,0.0,0.0,0.0,0.0028382011870335695,,,,0.03735430683526724,0.0,0.0,0.0,0.0,0.0,0.0,0.0,0.00772826233878727,0.0,0.0,0.0,0.0,0.0,0.0,0.0,0.0,0.0,0.0,0.0,0.0
2022-12-10,,,,,,,,0.00015225182707779167,,,,,,,,,,,,,,,4.245514295078611e-05,,,,,,6.063753436233611e-05,0.006600555601633208,0.00011552946287130834,0.005795548644123753,0.002927086128491025,0.0,0.0012147015917838779,0.015479654642856742,0.2103714019887977,0.01518648723140354,0.008702452941280223,0.058254699429704036,0.03504326711926191,0.24546043616202137,0.3084589367111524,0.005681754452072867,0.0,0.0,0.0,0.0,0.0,0.00010274307310782778,0.0,0.0,0.0,0.0,0.0,0.0,0.0,0.0,0.0,0.0,2.0585170039463636e-05,1.1460562919133333e-05,0.0,0.0,0.0,0.0,0.0,0.0,0.0,0.0,0.0,0.0,0.0,0.0,0.0,0.0,0.0,0.0,0.0,0.0,0.0,0.0,0.0,0.0,0.0,0.0,0.0,0.0,0.002650938514206103,,,,0.04640748134503756,0.0,0.0,0.0,0.0,0.0,0.0,0.0,0.031185742157200918,8.597728184309722e-05,0.0,0.0,0.0,0.0,0.0,0.0,0.0,0.0,0.0,0.0,0.0
2022-12-24,,,,,,,,0.0002527055013261389,,,,,,,,,,,,,,,2.5750406671733332e-05,,,,,,0.0005032380356876417,0.006210113228816075,0.0001236553709733639,0.006101371021941266,0.003049338029490528,0.0,0.0008732379646971279,0.007795989034800848,0.14453311305907035,0.009620087842146512,0.006430912206673741,0.03786207756234535,0.0339739329905973,0.2277771929899851,0.3664390444755554,0.010400744543100348,0.0,0.0,0.0,0.0,0.0,0.0005908091924437389,0.0,0.0,0.0,0.0,0.0,0.0,0.0,0.0,0.0,0.0,0.0,0.0,0.0,0.0,0.0,0.0,0.0,0.0,0.0,0.0,0.0,0.0,0.0,0.0,0.0,0.0,0.0,0.0,0.0,0.0,0.0,0.0,0.0,0.0,0.0,0.0,0.0,0.0,0.0028782708945476725,,,,0.04631099063489166,0.0,0.0,0.0,0.0,0.0,0.0,0.0,0.08745504646665517,0.0006917421188618833,3.940792339557941e-05,1.683378968653125e-06,0.0,0.0,0.0,0.0,0.0,6.192325438147778e-05,0.0,0.0,0.0
2023-01-07,,,,,,,,9.760327702674445e-05,,,,,,,,,,,,,,,0.0,,,,,,9.799751781728055e-05,0.004417842396327966,0.000236941398826325,0.0044369913456547136,0.0021918120781062667,0.0,0.00011447423498283334,0.004176954984561378,0.0973819531500339,0.009494758935438209,0.005480784741747661,0.02631158040215567,0.027606155205931876,0.19382218230101794,0.37179383056031334,0.014307344021896469,2.4373232690746874e-05,1.6646629056110525e-05,0.0,0.0,0.0,0.001250322419865414,0.0,0.0,0.0,0.0,0.0,0.0,0.0,0.0,0.0,0.0,0.0,0.0,0.0,0.0,0.0,0.0,0.0,0.0,0.0,0.0,0.0,0.0,0.0,0.0,0.0,0.0,0.0,0.0,0.0,0.0,0.0,0.0,0.0,0.0,0.0,0.0,0.0,0.0,0.004411651623538741,,,,0.043502192219926204,0.0,0.0,1.2600337868168965e-05,0.0,0.0,0.0,0.0,0.18760303366515366,0.0010235496398914694,3.464122592579118e-05,3.297773105253125e-06,0.0,0.0,0.0,0.00011347078543616944,0.0,5.032666356576389e-05,0.0,0.0,0.0
2023-01-21,,,,,,,,0.00032120640692780833,,,,,,,,,,,,,,,6.323808338488612e-05,,,,,,0.0004358296547352917,0.003168664678620742,1.451399705522222e-05,0.0044229128139300035,0.0015204077321362944,0.0,0.0003778950223123139,0.0025051118120447084,0.05856400335000616,0.004713473337081528,0.002483792085614422,0.015071639610040469,0.020671610823935874,0.14644489395949573,0.31840023563967806,0.015764636453241065,0.0,0.0,0.0,0.0,0.0,0.002798800815879836,0.0,0.0,0.0,0.0,0.0,0.0,0.0,0.0,0.0,0.0,0.0,0.0,0.0,0.0,0.0,0.0,0.0,0.0,0.0,0.0,0.0,0.0,0.0,0.0,0.0,0.0,0.0,0.0,0.0,0.0,0.0,0.0,0.0,0.0,0.0,0.0,0.0,0.0,0.0035078429371221556,,,,0.04264986659917561,0.0,0.0,0.0,0.0,0.0,0.0,0.0,0.35120642019642717,0.003288087674364811,0.0009910833956810294,0.0,0.0,0.0,4.8504985076519353e-05,0.00038848897545698053,0.000221402712163025,1.7232164433708336e-05,0.0,0.0,0.0
2023-02-04,,,,,,,,9.646893573107779e-05,,,,,,,,,,,,,,,6.755933463861945e-05,,,,,,3.569386222396944e-05,0.002116629643650253,0.00011145566895715556,0.0019534614920201725,0.0012808898043456085,0.0,9.69572900228111e-05,0.0010992934435812445,0.029851668928232402,0.0022150440814180028,0.0015149262326303334,0.006954815807855747,0.01076367233569419,0.08913906849920744,0.23593932762742037,0.013881721223394029,7.069728872007188e-05,0.0,0.0,2.1016485609818182e-06,0.0,0.007101288673260927,0.0,0.0,2.355948251123793e-05,0.0,0.0,0.0,2.8036228031836e-05,2.6786611280285715e-05,0.0,0.0,0.0,0.0,0.0,0.0,0.0,0.0,0.0,0.0,0.0,0.0,0.0,0.0,0.0,0.0,0.0,0.0,0.0,0.0,0.0,0.0,0.0,0.0,0.0,0.0,0.0,0.0,0.0,0.0,0.0051083846095327946,,,,0.03287855271870886,4.1685862419758334e-05,0.0,0.0,0.0,0.0,0.0,0.0,0.5474720034334395,0.005929472675133041,0.0011145557954852089,8.265605060838124e-05,0.00021883067198685152,0.0,0.0,0.001965569953123683,0.0005343515949788916,0.0003992855231949778,0.0,0.0,0.0
2023-02-18,,,,,,,,0.00017741159657205278,,,,,,,,,,,,,,,3.900524451531389e-05,,,,,,1.8128848447858333e-05,0.0018098941768079277,0.0,0.0012691210593199945,0.00043390930335988334,0.0,7.3098461952e-06,0.0006056294563070777,0.017783916658825293,0.0014852576455773529,0.0009844318378276389,0.004232763028186173,0.005937262554652937,0.045780849229130435,0.1488638781011104,0.013445522610305025,0.0,0.0,0.0,0.0,0.0,0.009736026275075086,0.0,1.1911886880003334e-05,0.0,0.0,0.0,0.0,0.0,0.0,0.0,0.0,0.0,0.0,0.0,0.0,0.0,0.0,0.0,0.0,0.0,0.0,0.0,0.0,0.0,0.0,0.0,0.0,0.0,0.0,0.0,0.0,0.0,0.0,0.0,0.0,0.0,0.0,0.0,0.0,0.0029788760196727496,,,,0.027160122628427166,5.490641867957222e-05,0.0,0.0,0.0,0.0,0.0,0.0,0.7013513909445869,0.008619951446437122,0.0022636706434080176,0.0003365099792062625,0.00034867084380516965,0.0,0.0,0.003000608807067436,0.000981423308581275,0.0004758249245544778,0.0,0.0,0.0
2023-03-04,,,,,,,,0.0,,,,,,,,,,,,,,,4.162012939756389e-05,,,,,,0.0,0.0015894786402996528,0.0,0.0013479338538470223,0.0008262988331908306,0.0,0.00016891862893918334,0.00020685397612390833,0.009090642341309072,0.0005972855384849111,0.00045928492585916116,0.0015825520191962083,0.0040555695692697695,0.026574222888383556,0.08921183480156789,0.010999242801012223,2.3170662984690625e-05,0.0,0.0,4.38936812949e-05,0.0,0.015958633687761053,8.655460855642727e-05,0.0,0.0,0.0,0.0,0.0,0.0,2.1990218036564285e-05,0.0,0.0,0.0,0.0,0.0,0.0,0.0,0.0,0.0,0.0,0.0,0.0,0.0,0.0,0.0,0.0,0.0,0.0,0.0,0.0,0.0,0.0,0.0,0.0,0.0,0.0,0.0,0.0,0.0,0.0,0.0021218735103805415,,,,0.021261157881882396,0.0006480717679045472,7.270298415924287e-05,0.0,0.0,0.0,0.0,0.0,0.7847631805472903,0.01178879803046579,0.0037179049652288445,0.0003692160089485219,0.0004172393828136061,0.0,0.0,0.008252308885049443,0.0025854786638066524,0.0014187853052539028,0.0,0.0,0.0
2023-03-18,,,,,,,,9.944242022654444e-05,,,,,,,,,,,,,,,0.0,,,,,,0.0,0.000987235091290275,0.0,0.0009364333867172501,0.00029618588208293336,0.0,0.00021663701692073054,0.0001977102842323778,0.004690569786665284,0.0002765408611998166,0.00011137624177430556,0.0018147591132825361,0.0021174298211310808,0.017274688463658053,0.05139927886840365,0.008705788602431569,0.0,0.0,0.0,0.0003181378375632424,0.00028342897762892065,0.016469416674226474,0.0002453193005886515,0.0,0.0,0.0,0.0,0.0,0.0,0.0,0.0,0.0,0.0,0.0,0.0,0.0,0.0,0.0,0.0,0.0,0.0,0.0,0.0,0.0,0.0,0.0,0.0,0.0,0.0,0.0,0.0,0.0,0.0,0.0,0.0,0.0,0.0,0.0,0.0,0.0,0.0035895848866655056,,,,0.01978382908014782,0.0043003842777882585,0.00168534419831948,0.0,0.0,0.0,0.0,0.0,0.8217910495069292,0.014721560317815963,0.003356606350280291,0.000348699481946775,0.0012844107078500665,0.0,0.0,0.016037026420235585,0.005120938191086838,0.002021324659128514,0.0,0.0,0.0
2023-04-01,,,,,,,,0.0,,,,,,,,,,,,,,,6.851697334135278e-05,,,,,,0.00025398391355535555,0.00046250497366088887,6.9163773635694455e-06,0.00016060680920615555,0.00019264912811595,0.0,0.0,0.0,0.002671757797037925,0.00025629598530935274,8.95572506528e-05,0.0002596515417583639,0.0016460659001798167,0.008937695529311849,0.03026442710931097,0.010605558675403344,0.00024749295698706564,0.0,0.0,0.0013080249526396363,0.0002820850375051827,0.01682676493914587,0.0010187915088890546,0.0,0.0,0.0,0.0,0.0,0.0,0.0,0.0,0.0,0.0,0.0,0.0,0.0,0.0,0.0,0.0,0.0,0.0,0.0,0.0,0.0,0.0,0.0,0.0,0.0,0.0,0.0,0.0,0.0,0.0,0.0,0.0,0.0,0.0,0.0,0.0,0.0,0.0021890665973639694,,,,0.020945272408425763,0.010304133640602186,0.0040014207429651194,0.0,0.0,0.0,0.0,0.0,0.8176983777019713,0.017346630959461082,0.004883677931502417,0.0006379351953000375,0.0033393268417002088,0.0,0.0,0.028617726018031395,0.010494363338996917,0.004990598419681153,0.0,0.0,0.0
2023-04-15,,,,,,,,0.0003524786100872667,,,,,,,,,,,,,,,0.0,,,,,,0.0,0.000517594714539025,0.00016442852453711388,0.0003646542401029889,0.0,0.0,0.0,4.4614658286725e-05,0.0014089438643875055,0.00014134291996010278,9.021172607183333e-05,1.3368724466952777e-05,0.0011746907095786584,0.005348806967958764,0.01705931887651478,0.008140097980180505,0.0019485372613416469,0.0,0.0,0.0012972910436942152,0.000578786365904569,0.014649162793325001,0.00217363775609,0.0,0.0004916565035116104,0.0,0.0,0.0,0.0,2.9326623851860714e-05,0.0,0.0,0.0,0.0,0.0,0.0,0.0,0.0,0.0,0.0,0.0,0.0,0.0,0.0,0.0,0.0,0.0,0.0,0.0,0.0,0.0,0.0,0.0,0.0,0.0,0.0,0.0,0.0,0.0,0.0,0.004836493016531017,,,,0.02047739338336714,0.023337166187249906,0.009383436984249477,0.00010312946562464483,0.0,0.0,0.0001650950694056,0.0,0.7859442316823535,0.02119701412609877,0.007514055065043662,0.0010787102673929876,0.0036630357516872574,9.783360593273793e-05,0.0010689780484103321,0.04163159419678975,0.015674308899583038,0.009868083133672628,0.0,0.0,0.0
2023-04-29,,,,,,,,0.00010209073641033143,,,,,,,,,,,,,,,0.0,,,,,,0.0,0.0009735780102865543,0.0005122070932494286,0.0007842304950047343,0.0,0.0,0.0,0.0,0.001892869121261957,0.00018073266089356285,0.0,0.0,0.00027030990375865715,0.00199814156429572,0.008330179271953397,0.008619105656232105,0.001985907758353228,0.0,0.0003242093712444103,0.004516234748404076,0.0006144908296971517,0.012912836724093935,0.0036143045449121,0.0,0.00020744583563440345,0.0,0.0,0.0,0.0,0.0,0.0,0.0,0.0,0.0,0.0,0.0,0.0,0.0,0.0,0.0,0.0,0.0,0.0,0.0,0.0,0.0,0.0,0.0,0.0,0.0,0.0,0.0,0.0,0.0,0.0,0.0,0.0,0.0,0.0,0.0,0.0021266626726303343,,,,0.028433867969683193,0.042491443987403565,0.015595130941697488,0.0006037406093472586,0.0,0.0,0.00027909362052010313,5.026299965846071e-05,0.7297493849481855,0.017530635531459487,0.009370573303278703,0.0028491492339525783,0.005926278264572176,0.0008424345227279103,0.0005246310742691613,0.05640952704208233,0.02270092522459365,0.018300264275499706,0.0005010783248247857,0.0,0.0
2023-05-13,,,,,,,,8.941303145970883e-05,,,,,,,,,,,,,,,0.00013308390814066178,,,,,,0.0,0.0012051535338875059,0.0,0.0006653255618669911,0.0,0.0,6.029884485430294e-05,0.0,0.0016590901992885913,0.00010671455268435,0.0,5.502986513255e-05,0.0010840705174760528,0.0010698443271821912,0.00800489528816846,0.00825399658916622,0.004407511762110465,0.0,0.0006196133336774345,0.0047306596781267725,0.0016578212460695173,0.006318047231830171,0.006743411039651291,0.00013140130807486,0.0010546582032411966,0.0,0.0,0.0,0.0,0.0,0.0,0.0,0.0,0.0,0.0,0.0,0.0,0.0,0.0,0.0,0.0,0.0,0.0,0.0,0.0,0.0,0.0,0.0,0.0,0.0,0.0,0.0,0.0,0.0,0.0,0.0,0.0,0.0,0.0,0.0,0.002359175027402841,,,,0.035854404956540596,0.06479603665716505,0.026345097678987364,0.002076410712545752,0.0,0.0,0.0032908734647207408,0.0007737976182916893,0.6311500913956586,0.01966682985863261,0.011383914498283524,0.0027802778677141248,0.006125732113353188,0.0033057583977692687,0.004315080999907423,0.0812564001363866,0.0325317461701,0.026118624133660465,0.00093257921772805,0.0,0.0
2023-05-27,,,,,,,,0.0,,,,,,,,,,,,,,,0.0,,,,,,0.0,0.0007765934009732303,0.00044328805454296364,0.0,0.0,0.0,0.0,0.0,0.0023249587446281333,0.00018960778216939395,0.0002992549385508212,0.00037391141152257875,0.0006103057865843091,0.0005775303447576242,0.0027377871147384637,0.007832336253627628,0.010848447942407753,0.0,0.0031114972421320895,0.010309458371590443,0.0017922472264938344,0.0026183507826785545,0.012367835437709581,0.0009952045453246198,0.0018905099433171896,0.0,0.0,0.0006994819917823076,0.0,0.0,0.0,0.0,0.0,0.0,0.0,0.0,0.0,0.0,0.0,0.0,0.0,0.0,0.0,0.0,0.0,0.0,0.0,0.0,0.0,0.0,0.0,0.0,0.0,0.0,0.0,0.0,0.0,0.0,0.0,0.0,0.0033963213561835973,,,,0.053191678654966885,0.09098287807269526,0.051783661386280294,0.0021502741186975515,0.0,0.0,0.005651770741678731,0.0011056087886182357,0.4890234705173608,0.015415394904487007,0.017477111213586492,0.0034986008759005376,0.011006324354446245,0.003343080708371614,0.0027460838638005258,0.0965390148939508,0.035971366433483136,0.05785788640831451,0.0008592841706038678,0.0,0.0
2023-06-10,,,,,,,,0.0,,,,,,,,,,,,,,,0.0,,,,,,9.204776904421562e-05,0.00020284991614966563,0.00019576832801244061,6.531592293862812e-05,0.0,0.0,0.0,0.0,0.00028891597185061875,0.0,0.0,0.0,0.001450198207749,0.0008105041379166782,0.003792770934523975,0.009920181793859175,0.03617674531415099,0.0,0.0061385070037995385,0.004326874142861881,0.006230173263184934,0.0011307312797725468,0.010242184100206888,0.002031658151342173,0.0054373999672202725,0.00047649819753128,0.0,0.0010389433614013655,0.0,0.0,0.0,0.0,0.0,0.0,0.0,0.0,0.0,0.0,0.0,0.0,0.0,0.0,0.0,0.0,0.0,0.0,0.0,0.0,0.0,0.0,0.0,0.0,0.0,0.0,0.0,0.0,0.0,0.0,0.0,0.0,0.004568419288261747,,,,0.0532189923105761,0.1142941508442163,0.06601829035207625,0.0031407792924035656,0.0008956984675023231,0.0,0.012053708283929106,0.0018173843189807322,0.3886341294273734,0.012949570984346737,0.015562666609184768,0.003006918363098475,0.011237055645324226,0.007203457700409717,0.01021957109051361,0.08903682464733714,0.04368815326597538,0.07556738564744588,0.0007064717044288358,0.0,0.0
2023-06-24,,,,,,,,0.0,,,,,,,,,,,,,,,0.0,,,,,,0.0,0.00033809892052119996,0.0006380768965989355,0.0,0.0,0.0,0.0,0.0,0.0009217290883703064,0.0,0.0,0.0,0.0015150330314832711,0.0007707379709538193,0.002062464977854887,0.014678069450441825,0.045603270852757984,0.0,0.006809220199697951,0.005898009272172036,0.01053038554201861,0.005153862567948913,0.0070172176365890316,0.00342718382210777,0.008010839754394365,0.0,0.0008943154243751846,0.0026971141162972657,0.0,0.000785625772550675,0.0004828072471908087,0.0,0.0,0.0,0.0,0.0,0.0,0.0,0.0,0.0,0.0,0.0,0.0,0.0,0.0,0.0,0.0,0.0,0.0,0.0,0.0,0.0,0.0,0.0,0.0,0.0,0.0,0.0,0.0,0.0,0.00348487395733109,,,,0.05214882954474414,0.13434098564809363,0.06863315283290795,0.002917227511904317,0.00048014639693200005,0.0005022639509804632,0.019966694255990316,0.009120641242978778,0.3020826424321821,0.005763843700650184,0.01828571126586001,0.004807295135012029,0.010239202649362573,0.008218784495417365,0.012919081705472107,0.10652217244909651,0.04236338191455406,0.08103209373451044,0.002586095884907932,0.0,0.0
2023-07-08,,,,,,,,0.0,,,,,,,,,,,,,,,0.0,,,,,,0.0,0.0008103249070699733,0.0,0.0,0.0,0.0,0.0,0.0,0.0004111845385825934,0.0,0.0,0.0,0.0002251062362726,0.00125248075540482,0.0012005118226321534,0.011117582023143729,0.07670844992001848,0.0,0.009815823415230003,0.0060183360241353005,0.00603677423927799,0.0016610783990471968,0.014303293606887209,0.014680833617846122,0.007030685480427073,0.0,0.003739837977963519,0.008281895246070111,0.0,0.0016681657081269855,0.0,0.0,0.0,0.0,0.0,0.0,0.0,0.0,0.0,0.0,0.0,0.0,0.0,0.0,0.0,0.0,0.0,0.0,0.0,0.0,0.0,0.0,0.0,0.0,0.0,0.0,0.0,0.0,0.0,0.0,0.0039069312624632905,,,,0.05292362645268436,0.1334539140264193,0.07296921859184896,0.00963549754293309,0.00016669168466106155,0.0004798073373660947,0.04623170532286162,0.011920741825763618,0.22171616951624548,0.00357616442876553,0.020958499610423998,0.004024920077063093,0.01110786491384105,0.010295511319719453,0.01963442228734489,0.08653981114427244,0.03929926181832945,0.08733797520399089,0.003206813267232525,0.0,0.0
2023-07-22,,,,,,,,0.00039379158587158275,,,,,,,,,,,,,,,0.0,,,,,,0.0,0.0003420600490965207,0.0,0.0,0.0,0.0,0.0,0.0,0.0008375475510295965,0.0003608167863948276,0.0,0.0,0.0006851947109680069,0.0011258135481480172,0.0002964379723536724,0.012367017599272273,0.11668296055547117,0.0,0.015067224037544423,0.0022644023812407586,0.00947678233657412,0.001314243700170576,0.012748968915949555,0.03981918546146355,0.011719876225909235,0.002960752556100436,0.005970256743379466,0.0093683004021071,0.0,0.004630434393350517,0.0,0.0007313909743021131,0.0,0.0,0.0,0.0,0.0,0.0,0.0,0.0,0.0,0.0,0.0,0.0,0.0,0.0,0.0,0.0,0.0,0.0,0.0,0.0,0.0,0.0,0.0,0.0,0.0,0.0,0.0,0.0,0.005711687503960576,,,,0.04977577012674557,0.13781258104176353,0.06377528864761874,0.01489079213733298,0.0023008606289154653,0.00018968453284617367,0.04397350164323013,0.007925852068832886,0.16721333871627672,0.0029806326512760687,0.022990551680840233,0.005643938892874179,0.011614057106961418,0.008819165157860662,0.01754633847880975,0.06508196594900094,0.02828736423418435,0.09200800852528927,0.005362943313749722,0.0,0.0
2023-08-05,,,,,,,,0.00025820229919705,,,,,,,,,,,,,,,0.0,,,,,,0.0,0.0001553138772578143,0.0008360608730331608,0.0,0.0,0.0002874525598599046,0.0,0.0,5.811401167318214e-05,0.0001724414115804393,0.0,0.0,8.708353691738572e-05,0.00019108767394620355,8.708353691738572e-05,0.008313181743557904,0.14947897728000364,8.361573801309473e-05,0.016490933817944312,0.002710520214999846,0.005781396491719089,0.0003896384275451321,0.007979165646247512,0.05897619867963445,0.011231866465615326,0.00422792723402376,0.00773558235512325,0.007951488467649719,0.0,0.010843429348564523,0.0008842595397372695,0.0009703366389578653,0.0,0.0,0.0,0.0,0.0,0.0,0.0,0.0,0.0,0.0,0.0,0.0,0.0,0.0,0.0,0.0,0.0,0.0,0.0,0.0,0.0,0.0,0.0,0.0,0.0,0.0,0.0,0.0,0.005924995256853915,,,,0.05664964259735172,0.11551383270749019,0.07009293538119107,0.02051960916391437,0.0037259223172440618,0.0011927157787507525,0.061791822979492754,0.011687950696796125,0.11417419862534314,0.0026287675552468825,0.01636786406327567,0.0050562358893719616,0.012203318532556245,0.010920582405690592,0.01795737438702152,0.05545867247773063,0.023477244523486877,0.09414779288428167,0.006969824616265025,0.0,0.0
2023-08-19,,,,,,,,0.0,,,,,,,,,,,,,,,0.0,,,,,,0.0,5.704004002768889e-05,0.0,0.0,0.0,0.0004520104650344,0.0,0.0,0.00010673901393867038,0.0,0.0,0.0,0.0,0.0006974052338153333,0.00027382568374306667,0.006502500511015956,0.18385622402032212,0.00031246522159655263,0.014884417014265449,0.0015011354375423073,0.005780878425058341,0.00014911285338539628,0.003595502271006463,0.06953457880903169,0.014071418179406004,0.007630290035158336,0.008463486205213295,0.010599206201732107,0.001289182226173524,0.029020643551592423,0.0003655840675649739,0.002367145918390622,0.0,0.0,0.0,0.0,0.0,0.0,0.0,0.0,0.0,0.0,0.0,0.0,0.0,0.0,0.0,0.0,0.0,0.0,0.0,0.0,0.0,0.0,0.0,0.0,0.0,0.0,0.0,0.0,0.006685924431722971,,,,0.050264509049830555,0.10444842140983647,0.06979140363357682,0.025150473057119895,0.009585612704260938,0.0009698296259892105,0.0782071385118696,0.011599330369521021,0.08009724456954882,0.001154317509779589,0.013410018929452762,0.0029119994163650667,0.009338607873629593,0.0136899130970791,0.015646336289743542,0.0403375933291735,0.016189538528797752,0.08798218242548125,0.0036190579110687,0.0,0.0
2023-09-02,,,,,,,,5.826372230676154e-05,,,,,,,,,,,,,,,2.3725543752084616e-05,,,,,,0.0,0.00043194071034886536,0.0,0.0,0.0,0.002434522315690418,0.0,0.0,0.0,0.0,0.0,0.0,0.0,0.0001604399423320423,0.00030216049848460775,0.0041075648130991845,0.21501588477538178,0.0008985803977242579,0.013401688040735585,0.0009383066140938693,0.002748217415780923,0.00014182289641416924,0.0022070777262202306,0.0846758616658357,0.020284935760383375,0.009997815564274724,0.010124629470877864,0.016027286075628668,0.003388774897903152,0.042801685201433945,0.0023190288035117566,0.005149457016554817,0.00023606585785847727,9.692244237233334e-06,0.0,0.0,0.0,0.0,0.0,0.0,0.0,0.0,0.0,0.0,0.0,0.0,0.0,0.0,0.0,0.0,0.0,0.0,0.0,0.0,0.0,0.0,0.0,0.0,0.0,0.0,0.0050469020677085235,,,,0.03758668899536129,0.08347094632112059,0.04937962514276683,0.031675853265019524,0.013044469452534688,0.0009718069279762001,0.09361476766375391,0.011202299394286543,0.05635157299156368,0.0007611090012897192,0.0082288842218426,0.0017875513876787809,0.00825023742464295,0.011885210800056223,0.012288393954244897,0.03306468074711465,0.015598228989312226,0.08697397147233664,0.003224277573351042,0.0,0.0
2023-09-16,,,,,,,,0.00010601369081991999,,,,,,,,,,,,,,,0.0,,,,,,0.0,0.000195011836476616,0.0,0.0,0.0,0.0017391578082672045,0.0,0.0,0.0,0.0,0.0,0.0,0.0,0.0002138321625534,2.7298084096347997e-05,0.0056209528259932515,0.23095238566398618,0.001567002581922579,0.01180213287472721,0.0006608507921918801,0.0020310587389394162,0.000171144080231844,0.000792164276353968,0.10408487588167185,0.018238004446029618,0.011061835065483992,0.008962719142436933,0.01681139864027495,0.009329244233667799,0.08229476988315579,0.004571708850562522,0.009595332343293222,0.00040555109576824997,0.00014658766338553333,0.0,0.0,0.0,0.0,0.0,0.0,0.0,0.0,0.0,0.0,0.0,0.0,0.0,0.0,0.0,0.0,0.0,0.0,0.0,0.0,0.0,0.0,0.0,0.0,0.0,0.0,0.005182699658907912,,,,0.03718039125204081,0.06376577526330943,0.0349818086624145,0.0373803091049194,0.015961548089981032,0.0005484374154260632,0.09885447204113001,0.008766268156468816,0.03869291156530375,0.001871112138032872,0.006697738561779212,0.001170375193469184,0.009595996849238836,0.008866357691585957,0.008927411399781659,0.023022480085492094,0.009949951693415596,0.066165679693222,0.002959135407581876,0.0,0.0
2023-09-30,,,,,,,,0.0,,,,,,,,,,,,,,,0.0,,,,,,5.5954618649845836e-05,0.0004600489858906042,0.0,2.3578131125141666e-05,0.0,0.0028700828446413455,0.0,6.533870237030833e-05,0.0,0.0,0.0,0.0,1.1325402738291668e-05,0.0,0.0,0.007927728797464267,0.23295264815290764,0.002647328717437963,0.010847489427154222,0.000178761055697825,0.0013620325044029792,0.0,0.00043916195863852916,0.11025490363438921,0.014873954195839617,0.014466947914722016,0.009814496695374405,0.02211427160849169,0.015149497776292214,0.1240918043379982,0.013123344427541489,0.013409052368091453,0.003946864458901591,0.0004457407312223381,0.0,0.0,0.0,0.0,0.0,0.0,0.0,0.0,0.0,0.0,0.0,0.0,0.0,0.0,0.0,0.0,0.0,0.0,0.0,0.0,0.0,0.0,0.0,0.0,0.0,0.0,0.007446041350097654,,,,0.032938020381455574,0.04723602455730235,0.025493916201715625,0.028174464280406587,0.016065579062948577,0.0017385010386963683,0.09545657100776826,0.005762358972181834,0.029873079697911892,0.0004022234388684875,0.00271904948749575,0.0015696890186518,0.005055803514551325,0.0120499537636836,0.005912998322552654,0.017059577784190528,0.008404461472916071,0.054702450676510694,0.0030499051499645793,0.0,0.0
2023-10-14,,,,,,,,0.0,,,,,,,,,,,,,,,0.0,,,,,,0.0,0.0007528180418454522,0.0,0.0,0.0,0.0032019389645111225,0.0001458459832381174,0.00012730967295199565,0.0,0.0,0.0,0.0,0.0,0.00014573965872046956,4.3847288907226093e-05,0.005714831509343909,0.22171161939268522,0.0038797100760826473,0.010229934371359913,0.0003667737650886956,0.001569737077933574,0.0,0.00044098660462460004,0.10167021693094913,0.013231326542470718,0.016906898063809926,0.009908430764208609,0.018966848273640046,0.027872330549618424,0.1747801135415616,0.014789451844990191,0.020402170555747022,0.007442999250170814,0.0013952469730394523,0.0,0.0,0.0,0.0,0.0,0.0,0.0,0.0,0.0,0.0,0.0,0.0,0.0,0.0,0.0,0.0,0.0,0.0,0.0,0.0,0.0,0.0,0.0,0.0,0.0,0.0,0.00988687479706557,,,,0.02449372184017425,0.039128027046504185,0.02035450327979477,0.03749967900955153,0.012719135326535758,0.0011441981707895157,0.08433548393456827,0.006353398440810605,0.02337938263688393,0.0,0.0017184904604420912,0.0007697332361914957,0.004123793752944944,0.011414751572453405,0.002678400816638787,0.016972545372403135,0.006039283542043439,0.04134447273352866,0.0014048691170856608,0.0,0.0
2023-10-28,,,,,,,,0.0,,,,,,,,,,,,,,,0.0,,,,,,0.0,0.0008102758993944546,0.0,0.0,0.0,0.007983518637378046,0.0,0.0,0.00015663994087260455,0.0,0.0,0.0,0.0,6.220862467835e-05,4.107236798678636e-05,0.004762645620344668,0.20420073446902356,0.006095402310357242,0.007713539610532141,0.0003678967623272364,0.00028946251603135457,0.0,0.00010387117998269091,0.08820735290646549,0.011181909675625186,0.017038232731548173,0.006643809293481386,0.018883421001109176,0.034962617961520455,0.23117780820889902,0.03584418428892434,0.023079242133958722,0.015550333159890996,0.005270041148399972,0.0,0.0,0.0,0.0,0.0,0.0,0.0,0.0,0.0,0.0,0.0,0.0,0.0,0.0,0.0,0.0,0.0,0.0,0.0,0.0,0.0,0.0,0.0,0.0,0.0,0.0,0.011927720254541084,,,,0.021625777960500876,0.02934884466230864,0.010039358399808353,0.03261936743828379,0.012963991188867468,0.0010173369266435316,0.06442360139705915,0.0026051086236045,0.016536327163604134,0.00045769382532765904,0.0008312833167358182,0.0002398146375939227,0.004368302877992336,0.016351965721696567,0.0016651871106163501,0.017274237999861837,0.003043719842521932,0.030003381300378888,0.003440226100131155,0.0,0.0
2023-11-11,,,,,,,,2.9549293685695237e-05,,,,,,,,,,,,,,,0.0,,,,,,0.0,0.0008888475325268525,0.0,0.0001662680359523476,0.0,0.011348358976344218,0.0,0.0,0.0,0.0,0.0,0.0,0.0,0.0,0.0,0.005082475642363176,0.1709151168664296,0.010141638058580815,0.005521632220950824,0.0,0.0001175060176700381,0.0,0.00017037162338268095,0.06933542340993877,0.00875381517800541,0.013661203063314824,0.005401897355027086,0.017467995395972574,0.05481162330224396,0.27342793061619713,0.04427610497389516,0.02437435170369483,0.026063635679227922,0.03276426948252174,0.0,0.0,0.0,0.0,0.0,0.0,0.0,0.0,0.0,0.0006903915729542545,0.0,0.0,0.0,0.0,0.0,0.0,0.0,0.0,0.0,0.0,0.0,0.0,0.0,0.0,0.0,0.0,0.010481527274740547,,,,0.021151704004123053,0.01577065348447783,0.006753403804309252,0.026504173963552383,0.012345935794569142,0.0011359789090132633,0.05370288697027018,0.0026543401957799476,0.012448293600408772,0.0,0.0002380195143077714,0.0005615521998454524,0.0013232309859068096,0.011454640000703757,0.0005916079029529095,0.021137186636527333,0.0027150561523046858,0.022809275559016587,0.0021580125959145997,0.00012816876147143334,0.0
2023-11-25,,,,,,,,0.0,,,,,,,,,,,,,,,0.0,,,,,,0.0,0.001813369349110815,1.6978443090894998e-05,0.0,0.0,0.01591948596760627,0.0,0.0,0.0,0.0,0.00012728706533375998,0.0,0.0,0.0,0.00025722552672956,0.0012280519411433,0.1423630781471729,0.010815317791543464,0.002339595556259105,0.0,0.000148213583452115,0.0,0.00036869022587775,0.05882919281721111,0.0057875528465956,0.012550964346155486,0.005326231755316204,0.01205588593147688,0.053825258091092065,0.31116576939821244,0.05160855092108245,0.020599481463432247,0.04138180073350665,0.07526012100279328,0.0,0.0,0.0,0.0,0.0,0.00014425930858118666,0.0,0.0,5.0981720877699993e-05,0.0007382347671822546,0.0,0.0,0.0,0.0,0.0,0.0,0.0,0.0,0.0,0.0,0.0,0.0,0.0,0.0,0.0,0.0,0.008084295666776554,,,,0.014355787727981763,0.010391045222058855,0.0036448702099732546,0.024179052282124712,0.010175799345597581,0.0004218623308635948,0.03629222922027106,0.00279803978046398,0.008596374001353935,0.0,0.00015074100519991501,0.0,0.002269215509295415,0.011997433379292436,0.000148213583452115,0.017105043958872506,0.0020249143359250847,0.021657716762274452,0.00168040743446904,0.0005743330499777778,0.0
2023-12-09,,,,,,,,0.0,,,,,,,,,,,,,,,0.0,,,,,,0.0,0.0030984188135908895,0.0,0.0,0.0,0.024940301223020774,0.0,0.0,0.0,0.0,0.0,0.0,0.0,0.00012726576556139474,0.0,0.0019951580876582105,0.11220734056673547,0.011983149341846716,0.002298772451467758,0.0,0.00014072936487772103,0.0,0.0,0.03555762807005326,0.004805532847776185,0.009849053954607511,0.0038450164597873056,0.010332806428012037,0.05131411709283522,0.2756822140593278,0.05316582243693499,0.017541195314965695,0.037311757865704946,0.2022528452308554,0.0,1.9086376899686665e-05,6.640020993385455e-05,0.0,0.0,0.0009062614679956866,0.0,2.45737840031625e-05,0.0007306527245831546,0.002369484948840955,0.0,0.0,0.0,0.0,0.0,0.0,0.0,0.0,0.0,0.0,0.0,0.0,0.0,0.0,0.0,0.0,0.012405416192977,,,,0.013932411117773257,0.0084178157052711,0.004203078827183453,0.014669011396012762,0.00983847452229571,0.0011674721340807737,0.025806221032613152,0.0021934586417811787,0.004848556029365211,0.0,8.553319218513157e-05,4.9522706831300004e-05,0.0013760195150480685,0.008752126197673722,0.0009877035473962949,0.0122811186470483,0.0015328394273589683,0.0161728104576468,0.00021541617139801054,8.809101523684444e-05,0.0
2023-12-23,,,,,,,,0.0,,,,,,,,,,,,,,,0.0,,,,,,0.0,0.003798677935264955,0.0,0.0,0.0,0.02755036298185581,0.0,0.0,0.0,0.0,2.292058969836111e-05,0.0,0.0,0.0,0.0,0.0015394229040894556,0.06291255106528597,0.0057723875312755,0.00047371340527506113,0.0,5.324221233925e-05,0.0,0.0,0.022152333002951354,0.005661404872727011,0.0043506507451335115,0.0019387955932567054,0.00571939861401911,0.04210627161794234,0.2049058882726563,0.04675684207015563,0.01035979524668715,0.03464740183618329,0.410918061931928,0.0,9.709637039724e-05,0.00012169327568363636,0.00011101175853880833,0.0,0.0009163086613018866,0.0009284044111457445,0.0,0.002909286519173809,0.006480920467187009,0.0,0.0,0.0,0.0,0.0,0.0,0.0,0.0,0.0,0.0,0.0,0.0015192776789060445,0.0,2.123978083545e-05,0.0,0.0,0.011426383933414549,,,,0.017134367281364013,0.004230325485372661,0.0015480082301008388,0.009268114110454867,0.007600096390686044,0.0005038323070038445,0.016024366279856973,0.0005318324345150445,0.0016268681307943721,0.00012746452395929445,6.435311944283888e-05,1.5742867415405558e-05,0.001154378897303461,0.006347801588061734,6.655778654219445e-05,0.009277037551833477,0.0012059880860356277,0.01158820573861395,0.0,0.0013070631798149334,0.0
2024-01-06,,,,,,,,0.0,,,,,,,,,,,,,,,0.0,,,,,,0.0,0.0031261160449288705,0.0,0.0,0.0,0.01856430565171377,0.0,0.0,0.00020107110407583528,0.0,0.0,0.0,0.0,0.0,0.0,0.001062487912884694,0.033521241782342656,0.004420106600531718,0.0006445488714448177,0.0,0.0,0.0,0.0,0.008916662184192806,0.006289997275042147,0.0021702945917186764,0.000676829275428547,0.002497054321472212,0.01790031878387222,0.12071648766012748,0.031733420293997255,0.005851314047022723,0.028473267331719353,0.6314387847395504,0.00037268983115522727,0.0008215801324694999,0.0011478101898153455,0.00012884885654783332,0.0,0.0036288108366230734,0.0013862902350309332,0.0007747738127363375,0.007508084093305154,0.012771466154266444,0.0,0.0,0.0,0.0,0.0,0.0,0.0,0.0,0.0,0.0005065499095838363,0.0,0.001878003020667322,0.0,0.0,0.0,0.0,0.011530480128438983,,,,0.012714727617361924,0.0029295977917225356,0.0005190169151105,0.004069416003082559,0.004571141716202347,0.00016126034760788235,0.00833337222609446,0.00014832217814671764,0.0008042834028053471,0.0,8.101934551681764e-05,0.0,0.00013148638861495296,0.0028303187915726118,4.91179303293e-05,0.0054159860455375766,0.0005428496275699117,0.005141524652786071,0.0,0.0024131870466387556,0.0
2024-01-20,,,,,,,,5.310951451060625e-05,,,,,,,,,,,,,,,0.0,,,,,,0.0004949419144395063,0.0058506889618001375,0.0,0.0,0.0,0.0191548399161547,0.0,0.0,0.00019373000759510624,0.0,0.0,0.0,0.0,0.0,0.0,0.0,0.017847440554760355,0.000876749174494725,0.00016956633453441876,0.0,0.0,0.0,0.0,0.0060068689344916,0.004310691263526619,0.000910313581698525,0.00011020825741066875,0.000395017703340225,0.006769009458366743,0.05156276724301274,0.01611033006338398,0.0035012294974876,0.016395917104091443,0.773118406534195,0.0002706712984944909,0.00148952484984566,0.0038037686820395363,0.001580644088486775,0.0,0.00404757312498982,0.002315013979872,0.000787058212154025,0.01309584563767363,0.021986220031976665,0.0,0.0,0.0,0.0,0.0,0.0,0.0,0.0,0.0,0.0018143681068481,0.0,0.004608245669967555,0.0,0.0002674126444617125,0.0,0.0,0.012736419390421307,,,,0.006361387175274975,0.00063847384444665,0.000200797441721025,0.001791045891877675,0.0016189315501832812,0.0,0.002710219181608356,0.0001459099498788,0.0006488762192020188,0.0,0.0,0.0,0.0,0.0022300587152130373,0.0,0.002915356672019656,0.00046002877024870625,0.0021119899611221,0.0,0.0046811110029617445,0.0
2024-02-03,,,,,,,,0.0,,,,,,,,,,,,,,,0.0,,,,,,6.569740507978667e-05,0.0048126943719883335,0.0,0.0,0.0,0.016614329504469973,0.0,0.0,0.0,0.0,0.0,0.0,0.0,0.0,5.423207427759334e-05,3.404829258211333e-05,0.005817629241694953,0.00040015582538514664,0.0,0.0,0.0,0.0,0.0,0.0010664806895267867,0.004199540910000547,0.0007109415271163867,0.00017123571985085335,0.0005159075100284867,0.00326889717640972,0.019113949562112438,0.00888859226057922,0.0003094366635195333,0.00907349667201436,0.8250239849090576,0.0009819416551511545,0.0023967883801863264,0.006649096750400246,0.0008821162336971417,0.0,0.007538710627704807,0.005196267842418566,0.0020624002208932623,0.031169196082787034,0.03016609986397348,0.0,0.0,0.0,9.645546445175455e-05,0.0,0.0,0.0,0.0,0.0,0.006700152700597545,0.0,0.008046786093877366,0.0,1.8523468952449998e-05,0.0,0.0,0.009790248299638387,,,,0.005247969770183113,0.00023538907601803333,0.00013595950052448002,0.00014426477428055331,0.00036140813802674,0.00014126886768882666,0.0008295017372195333,0.0,0.00031887587877762,0.0,0.0,0.0,0.0,0.0005869068612809667,0.0,0.00116905167233194,0.0,0.0013505811958262664,0.0,0.007151638571586821,0.0
2024-02-17,,,,,,,,0.0,,,,,,,,,,,,,,,0.0,,,,,,0.00012639454923499285,0.005826693194519136,0.0,0.0,0.0,0.010056293236889943,0.0,0.0,0.0,0.0,0.0,0.0,0.0,0.0,0.0,0.0,0.0025744990811549717,0.00022358840422900713,0.0,0.0,0.0,0.0,0.0,0.0005990777260323929,0.005641922820359421,0.00043124261927520005,0.00022178250739145715,0.0003167263161490357,0.0015808852040208286,0.01137427979015873,0.0043829233452145145,0.0011748625298163143,0.0068740953824349285,0.7987938565867287,0.0034696939189663907,0.004138416697969607,0.0145137426020069,0.002342264488106542,0.0001059179396381111,0.010939567416374142,0.0069466386404302,0.0015176318993325875,0.04943317174911494,0.04052882980216628,0.0002089289072582909,0.0,0.0,0.00041603553108865454,0.0,0.0,0.0,0.0,0.0,0.014433590610596226,0.0,0.01389638593213421,0.0,6.49927169433625e-05,0.0,0.0,0.009497162154210414,,,,0.0028611795444573145,0.00032193526775305,0.0,0.0006143894861451858,0.0005980394676693,0.0,0.0003599702384754857,0.0,9.756661893329285e-05,0.0,0.0,0.0,0.0,0.00032629072874048573,0.0,0.00017184813181557145,0.0,0.0008399203486207857,0.0,0.00934797525405879,0.0
2024-03-02,,,,,,,,8.56395585846923e-05,,,,,,,,,,,,,,,0.0,,,,,,0.0,0.00640693688406963,0.0,0.0,0.0,0.006449917510438385,0.0,0.0,8.515471787311538e-05,0.0,0.0,0.0,0.0,0.0,0.0,0.0,0.003255132245472946,7.910618688368462e-05,0.0,0.0,0.0,0.0,0.0,0.00038243411444660765,0.0034672976650583845,0.0,0.0004047871692678769,0.0,0.0005679279073284308,0.004691743220274222,0.0012098576318328848,0.00037233683038856154,0.0022213429731961077,0.7431339163046616,0.006684918168254827,0.00543640278360373,0.025816973468119397,0.007175642337339566,0.0007394305947753667,0.013251328554290946,0.010614678470624767,0.00468761712545525,0.07238940826871175,0.05907128920609297,0.0003136000728276454,0.0,0.0,0.0031165322077206094,0.0,0.0,0.0003333085138971111,0.0,0.0,0.017638949169353955,0.0,0.011586013353533178,0.0003047206199779111,1.02668118415625e-05,0.0,0.0,0.012037063232408069,,,,0.002221880928398277,0.000664251623675177,0.0,0.0,0.0,0.0,0.00044536600426696156,0.0,0.0006179689841631,0.0,0.0,0.0,0.0,0.0,0.0,0.0001257757299194077,0.0,0.0004527719418266923,0.0,0.013766128569841333,0.0
2024-03-16,,,,,,,,0.000489574755192675,,,,,,,,,,,,,,,0.0,,,,,,0.0006385422360229083,0.00151740550063545,0.00025848928635238336,0.0,0.0,0.005133156548254158,0.0,0.0,0.00048461180995213333,0.00017092858130729168,0.0,0.0,0.0,0.0,0.0,0.0,0.0013413261331151668,0.0,0.0,0.0,0.0,0.0,0.0,0.0,0.003770812628014583,0.00018720393563851666,0.0,0.0,0.000686236653564225,0.004323559735591184,0.0005339870622264583,0.0,0.0008598448330303083,0.6741362313429514,0.007071504200046663,0.0034473732084733745,0.029712814837694116,0.011806296495099816,0.0038867336956576776,0.013655599982788117,0.015234033887584967,0.007864344981498975,0.08530048348686908,0.0701473158868876,0.003365710726939082,0.0,0.0,0.011979479427364681,0.0,0.00033177769510072,0.0016908317468025222,0.0,0.00084188546558525,0.023397281765937746,0.001398987473092089,0.017871811779008935,0.0005455594251138667,0.0,0.0,0.0,0.013229933955396166,,,,0.0011555560922715167,0.0,0.00016925807479610002,0.0,0.0,0.0004673599153950583,0.001048551164179375,0.0,0.000380426024397175,0.0,0.0,0.0,0.0,0.0,0.0,0.0,0.0,0.000743702349912625,0.0,0.014757064998977668,0.000444724348199025
2024-03-30,,,,,,,,0.00048027084134936364,,,,,,,,,,,,,,,0.0,,,,,,0.0003077784124549727,0.001826058205386409,0.0,0.0,0.0,0.005506954917853491,0.0,0.0,0.0,0.0,0.0,0.0001308057822329091,0.0,0.0,0.00044439641219050905,0.0,0.0014042947758835273,0.0,0.0,0.0,0.0,0.0,0.0,0.0,0.002597608222541436,0.0,0.0,0.0,0.0,0.0,0.0,0.0,0.0009512788542037818,0.5359614979137074,0.016922364942729418,0.0005823310506952818,0.039976956492120526,0.0208840200846845,0.005931196993009867,0.03322637656872917,0.013140578340325044,0.004340949235483962,0.11931873112916945,0.06307378309694199,0.013616460206156372,0.0021813568193465,0.00083015193231398,0.03206966326317998,0.0,0.00250346665270624,0.008022374163071277,0.0,0.002793832488047517,0.02768301455812017,0.006677098830954833,0.013448165108760133,0.0,0.0031159919453784377,0.0,0.0,0.01671529044820499,,,,0.0011915551943026638,0.0007698028983378727,0.00023686504573556361,0.0,0.0,0.0,0.0004990275060249454,0.0,0.0,0.0,0.0,0.0,0.0,0.0,0.0,0.0,0.0,0.0,0.0,0.01785781648423933,0.00127029824216145
2024-04-13,,,,,,,,0.0,,,,,,,,,,,,,,,0.0,,,,,,0.0,0.00533788860775526,0.0,0.0,0.0,0.0035130154574289398,0.0,0.0,0.0,0.0,0.0,0.0,0.0,0.0,0.0,0.0,0.00048180889571081,0.0,0.0,0.0,0.0,0.0,0.0,0.0004895041813142,0.00263619485776866,0.0,0.0,0.0,0.00056415956933045,0.0007036763156065201,0.0,0.0,0.0,0.41316799223423006,0.02408763952553267,0.00042347801208957004,0.056639847531914665,0.02349475789815183,0.0134501478945215,0.02826858013868328,0.018774724461966034,0.010689974064007362,0.1483912125229835,0.06562695540487759,0.01278797429986292,0.0,0.00055164179066192,0.06273101046681401,0.00046652156743220004,0.0045610048808156795,0.019108661450445635,0.0,0.0061706500127911,0.035409849137067774,0.008545931687371545,0.009643382548044067,0.004094113233602667,0.010068811825476524,0.0,0.0,0.00870092622935768,,,,0.0015638288285117,0.00146851253230119,0.0,0.00047377284499812,0.0,0.0,0.00097900836262848,0.0,0.00042126226471731994,0.0,0.0,0.0,0.0,0.0,0.0,0.0,0.0,0.0,0.0,0.01196412773181989,0.002010586278629425
2024-04-27,,,,,,,,0.0004591368229335,,,,,,,,,,,,,,,0.0,,,,,,0.0,0.005314896116033133,0.0,0.0,0.0,0.0018949844977921443,0.0,0.0,0.0,0.0,0.0,0.0,0.0,0.0,0.0,0.0,0.0006705932901240445,0.0,0.0,0.0,0.0,0.0,0.0,0.0,0.00039550932382954445,0.0,0.0,0.0,0.0,0.003255042920096011,0.0,0.0,0.0007823550776164001,0.2990645302666558,0.040208002345429476,0.0007416764726965333,0.04984683957364821,0.03133368140293488,0.019524250800410856,0.014835199962059623,0.01704385617954858,0.0055332484189420505,0.13443045483695132,0.04526897644003228,0.03701810828513566,0.00286618499085304,0.00373756517656142,0.11729884561565182,0.0002879767077198667,0.01708688735961908,0.037238544474045385,0.0,0.006524583091959299,0.03320994745526043,0.012507627097268856,0.012149163107905078,0.0044836623387203775,0.01889783563092345,0.00043744685826817997,0.0,0.011470780087013988,,,,0.0007416764726965333,0.001313812008851889,0.0,0.0,0.0,0.0,0.0006569060044259111,0.0,0.0004470457206479889,0.0,0.0,0.0,0.0,0.0,0.0,0.0,0.0,0.0,0.0,0.016589780441588778,0.011517073027789563
2024-05-11,,,,,,,,0.0,,,,,,,,,,,,,,,0.0,,,,,,0.0,0.0,0.00125379064411385,0.0,0.0,0.000669630338961675,0.0,0.0,0.0,0.0,0.0,0.0,0.0,0.0,0.0,0.0,0.000561935143195975,0.0,0.0,0.0,0.0,0.0,0.0,0.0,0.0,0.0,0.0,0.0,0.0,0.0,0.0,0.0,0.0,0.21167883649468416,0.034143700730055515,0.0,0.027342653367668338,0.0403842562809586,0.024481566390022587,0.021067507565021463,0.011471817735582538,0.01034265081398185,0.11007257085293526,0.03170116012915966,0.046400543767958824,0.00874974951148028,0.00416252999566488,0.137591365724802,0.001959603279829,0.02906164117157456,0.09774796105921263,0.0,0.009773719279716367,0.021246716612949926,0.0212068252731114,0.005050461506470975,0.0098621033248491,0.05209471611306068,0.00461790971457952,0.00074277984676876,0.015186315285973225,,,,0.0,0.0017317429010290126,0.0,0.0,0.0,0.0,0.0017317429010290126,0.0,0.0,0.0,0.0,0.0,0.0,0.0,0.0,0.0,0.0,0.0,0.0,0.01009448606055225,0.017233673017471973
2024-05-25,,,,,,,,0.0,,,,,,,,,,,,,,,0.0,,,,,,0.00026004320950174283,0.0,0.0,0.0,0.0,0.001407916732465,0.0,0.0,0.0,0.0,0.0,0.0,0.0,0.0007787845097481713,0.0,0.0,0.0,0.0,0.0,0.0,0.0,0.0,0.0,0.0,0.0,0.0,0.0,0.0,0.0,0.0007787845097481713,0.0,0.0,0.0,0.13166737343583784,0.03381440043449397,0.0007289321926821142,0.017580661124416714,0.02309043332934373,0.040506185697657675,0.028077123154486874,0.0030023897665419283,0.005055451882071743,0.06443410100681436,0.018570012546011327,0.07000904210976189,0.0170135714113712,0.008411139622330619,0.15546665447098865,0.006243538266668634,0.050769920647144265,0.16252514081341876,0.00020671312522603998,0.010702601168304649,0.013987593219748514,0.02414466094757823,0.004434011743536971,0.0089029277275715,0.0819552423698561,0.00897166086360808,0.00420053387060756,0.016945375794810858,,,,0.0,0.0,0.0,0.0,0.0,0.0,0.0,0.0,0.0007787845097481713,0.0,0.0,0.0,0.0,0.0,0.0,0.0,0.0,0.0,0.0,0.008717504729117614,0.006549911307437014
2024-06-08,,,,,,,,0.0017471276999761166,,,,,,,,,,,,,,,0.0,,,,,,0.0008039435197133,0.00054154183696175,0.00023030904897796667,0.0,0.0,0.00034041710023298335,0.0,0.0,0.0,0.0,0.0,0.0,0.0,0.0,0.0,0.0,0.0008114106603897667,0.0,0.0,0.0,0.0,0.0,0.0,0.0,0.0,0.0,0.0,0.0,0.0,0.0,0.0,0.0,0.0,0.09643930693467452,0.018525660193214766,0.0008735638499880167,0.009599880936245085,0.021643200578788865,0.03177888256808118,0.020826818421483,0.0061619842890649505,0.0027156985209633167,0.03866897461314992,0.008591585947821483,0.0656807615111271,0.021224132925271942,0.00549344532191746,0.14201085269451139,0.0030679581686854,0.08313039392232893,0.24299463878075278,0.00983252525329588,0.014633022559185749,0.005266475491225684,0.015193879293898684,0.0025834457483142003,0.006171269652744084,0.09797655915220575,0.01152780745178454,0.01009442992508406,0.008993516831348284,,,,0.0,0.0,0.0,0.0,0.0,0.0,0.0,0.0,0.00015097865737816665,0.0,0.0,0.0,0.0,0.0,0.0,0.0,0.0,0.0,0.0,0.005362045524331367,0.0133959952120979
2024-06-22,,,,,,,,0.0005805981636512601,,,,,,,,,,,,,,,0.0,,,,,,0.00012587466335384,0.00012578947935252,0.0,0.0,0.0,0.00026367960963394,0.0,0.0,0.0,0.0,0.0,0.0,0.0,0.0,0.0,0.0,0.00026708863442758,0.0,0.0,0.0,0.0,0.0,0.0,0.0,0.0,0.0,0.0,0.0,0.0,0.0,0.0,0.0,0.0,0.07319622337818141,0.01942106336355206,0.0,0.00239101484185078,0.00853143278509374,0.02536703944206232,0.02556704804301258,0.00081148208701044,0.00208341665565962,0.01770505085587496,0.0009679869166574999,0.05936923250555988,0.02376377955079072,0.0047991026192903,0.10220502167940133,0.008833863151570134,0.12342858761548992,0.2409774243831634,0.02897733487188812,0.01571114342659708,0.006063726078718861,0.018902527540922098,0.00077872789697716,0.00523679871112104,0.1393540918827056,0.01510579120367762,0.01856934987008568,0.00685757501050826,,,,0.0,0.0,0.0,0.0,0.0,0.0,0.0,0.0,0.0001076989690773,0.0,0.0,0.0,0.0,0.0,0.0,0.0,0.0,0.0001872532709967,0.0,0.00058059816365126,0.006319128535687881
2024-07-06,,,,,,,,0.000752936757635275,,,,,,,,,,,,,,,0.0,,,,,,8.838919166005e-05,0.000283707326161625,0.0,0.0,0.0,0.0,0.0,0.0,0.0,0.0,0.0,0.0,0.0,9.9754342954825e-05,0.0,0.0,0.0,0.0,0.0,0.0,0.0,0.0,0.0,0.0,0.0,0.0,0.0,0.0,0.0,0.00044223407894600003,0.0,0.0,0.0,0.04165039677172895,0.01010044594295315,0.0,0.0017135108355432,0.0096108533907681,0.025006804615259125,0.019953041337430425,0.00089259096421295,0.000658802498946825,0.0091005924623459,0.00073289134888905,0.054360459558665725,0.023708824999630375,0.002384335501119425,0.087613932788372,0.0099314302206039,0.13484290614724156,0.24040495976805684,0.07344692014157767,0.00960161793045695,0.001147443748777675,0.017457603942602824,0.0,0.003607263613957825,0.17174868658185,0.0110834199003875,0.026343026664107975,0.0057611896190792,,,,0.0,0.0,0.0,0.0,0.0,0.0,0.0,0.0,0.00012395907833705,0.0,0.0,0.0,0.0,0.0,0.0,0.0,0.0,0.0,0.0,0.00072617288969915,0.0071017460431903
2024-07-20,,,,,,,,0.0,,,,,,,,,,,,,,,0.0,,,,,,3.8697564984100004e-05,0.0004079429393944,0.0,0.0,0.0,0.0005203935531122667,0.0,0.0,0.0,0.0,0.0,0.0,0.0,0.0,0.0,0.0,3.8697564984100004e-05,0.0,0.0,0.0,0.0,0.0,0.0,0.0,0.0,0.0,0.0,0.0,0.0,0.0,0.0,0.0,0.0,0.0340874815980593,0.0076799147451916995,0.0,0.0015784042964999334,0.0032721974421292,0.014967594916621835,0.0191979569693406,0.0,4.960566002406667e-05,0.008414275944232899,0.0,0.037680642058451896,0.0331148616969585,0.0018304190986478666,0.07433586319287612,0.0111168365304668,0.16204191744327542,0.23005089163780212,0.12398720284303026,0.007122019616266032,0.0017327074892818331,0.015483762758473532,0.0001887242300047333,0.002905227709561567,0.16041323542594907,0.010030598069230633,0.025260319933295198,0.0076248195643226005,,,,0.0,0.0,0.0,0.0,0.0,0.0,0.0,0.0,0.0004104301187907667,0.0,0.0,0.0,7.781027185646668e-05,0.0,0.0,0.0,0.0,0.0,0.0,0.0,0.0043385483634968
2024-08-03,,,,,,,,0.0,,,,,,,,,,,,,,,0.0,,,,,,0.0,0.0,0.0,0.0,0.0,0.0,0.0,0.0,0.0,0.0,0.0,0.0,0.0,0.0,0.00024328635481645,0.0,0.00024328635481645,8.94872937351e-05,0.0,0.0,0.0,0.0,0.0,0.0,0.0,0.0,0.0,0.0,0.0,0.00024328635481645,0.0,0.0,0.0,0.02530868817120785,0.00836247252300375,0.0,0.0,0.00174816197250035,0.017582156695425448,0.01773640047758815,0.0001198783138534,0.0,0.0040505114011466,0.00024328635481645,0.0326993335038423,0.02861687168478965,0.00050736643606795,0.07580525055527684,0.0093727000057697,0.1626058295369148,0.1862358301877975,0.1957449987530708,0.008219630457460849,0.0001786608190741,0.012554264161735749,0.0,0.00198567862389605,0.16827088594436646,0.00984389614313835,0.024025742895901148,0.00481021637097,,,,0.0,0.0,0.0,0.0,0.0,0.0,0.0,0.0,0.0,0.0,0.0,0.0,0.0,0.0,0.0,0.0,0.0,0.0,0.0,0.00016334195970555,0.0023886068956926
2024-08-17,,,,,,,,0.0,,,,,,,,,,,,,,,0.0,,,,,,0.0,0.0,0.0,0.0,0.0,7.46290679671e-05,0.0,0.0,0.0,0.0,0.0,0.0,0.0,0.0,0.0,0.0,0.0004024835361633,0.0,0.0,0.0,0.0,0.0,0.0,0.0,0.0,0.0,0.0,0.0,0.0,0.0,0.0,0.0,0.0,0.0223843567073345,0.0146404849365353,0.0,0.0,0.0018782170955091,0.014845760539174,0.0158951357007026,0.0,0.0,0.0050541101954877,0.0,0.0290798805654048,0.0310028754174709,0.0,0.0787336602807045,0.0061624972149729,0.146415114402771,0.1624597907066345,0.2681589424610138,0.0044155810028314,0.0,0.0095163891091942,0.0,0.0014709011884406,0.151604950428009,0.0080462088808417,0.0212015435099601,0.0051829419098794,,,,0.0,0.0,0.0,0.0,0.0,0.0,0.0,0.0,0.0,0.0,0.0,0.0,0.0,0.0,0.0,0.0,0.0,0.0,0.0,0.0002622258325573,0.0011113192886114
