,Date,sars_cov2_rna [gc/(d*100000 capita)],median_7d_sars_cov2_rna [gc/(d*100000 capita)],new_cases [1/(d*100000 capita)],median_7d_new_cases [1/(d*100000 capita)],"quantification_flag [{Q: >LOQ,D: >LOD,N: <LOD}]",flow [m^3/d]
0,2020-10-01,,,11.69423748314965,7.469070143944608,,
1,2020-10-02,,,13.986495797649695,7.469070143944608,,
2,2020-10-03,,,9.705912871786811,9.225031936534217,,
3,2020-10-04,,,5.362109976071948,9.225031936534217,,
4,2020-10-05,,,18.58161449052728,9.705912871786811,,
5,2020-10-06,,,19.88310440023817,11.69423748314965,,
6,2020-10-07,,,21.377203755885173,13.986495797649695,,
7,2020-10-08,,,23.84978047506369,18.58161449052728,,
8,2020-10-09,,,29.294159892954617,19.88310440023817,,
9,2020-10-10,,,24.84304156751983,21.377203755885173,,
10,2020-10-11,,,17.026401409120993,21.377203755885173,,
11,2020-10-12,,,41.17758868541806,23.84978047506369,,
12,2020-10-13,,,47.50430574339654,24.84304156751983,,
13,2020-10-14,,,49.783478904135066,29.294159892954617,,
14,2020-10-15,,,51.69113305413584,41.17758868541806,,
15,2020-10-16,,,66.05919871572102,47.50430574339654,,
16,2020-10-17,,,36.56429415566736,47.50430574339654,,
17,2020-10-18,,,25.641359956703727,47.50430574339654,,
18,2020-10-19,,,82.04641249881024,49.783478904135066,,
19,2020-10-20,,,98.94417032301764,51.69113305413584,,
20,2020-10-21,,,113.96460841886709,66.05919871572102,,
21,2020-10-22,,,137.58199662439597,82.04641249881024,,
22,2020-10-23,,,150.7588934659374,98.94417032301764,,
23,2020-10-24,,,77.65302110582573,98.94417032301764,,
24,2020-10-25,,,62.2198642343134,98.94417032301764,,
25,2020-10-26,,,201.41909125419735,113.96460841886709,,
26,2020-10-27,,,216.62670985300076,137.58199662439597,,
27,2020-10-28,,,190.7469212720604,150.7588934659374,,
28,2020-10-29,,,204.5425754663314,190.7469212720604,,
29,2020-10-30,,,176.42527780003587,190.7469212720604,,
30,2020-10-31,,,87.49427844859453,190.7469212720604,,138929.0
31,2020-11-01,,,58.986960763307074,190.7469212720604,,
32,2020-11-02,,,192.68566214077487,190.7469212720604,,
33,2020-11-03,,,215.2547649627798,190.7469212720604,,124562.0
34,2020-11-04,,,174.67240182968806,176.42527780003587,,
35,2020-11-05,,,162.18662812354046,174.67240182968806,,126020.0
36,2020-11-06,,,158.19430701173826,162.18662812354046,,
37,2020-11-07,,,76.71638572196976,162.18662812354046,,
38,2020-11-08,,,48.2687553716374,162.18662812354046,,131236.0
39,2020-11-09,,,164.59527014128838,162.18662812354046,,
40,2020-11-10,,,140.33381924249232,158.19430701173826,,125930.0
41,2020-11-11,,,115.29525121577082,140.33381924249232,,
42,2020-11-12,,,104.68146085295426,115.29525121577082,,123397.0
43,2020-11-13,,,93.1578044363184,104.68146085295426,,
44,2020-11-14,,,42.15492615506528,104.68146085295426,,
45,2020-11-15,,,32.06281634057963,104.68146085295426,,255411.0
46,2020-11-16,,,84.1455957088879,93.1578044363184,,
47,2020-11-17,,,63.350440794119145,84.1455957088879,,131320.0
48,2020-11-18,,,54.4873960147951,63.350440794119145,,
49,2020-11-19,,,55.0659412644902,55.0659412644902,,134531.0
50,2020-11-20,,,39.22599799677271,54.4873960147951,,
51,2020-11-21,,,23.60061679036503,54.4873960147951,,
52,2020-11-22,,,18.181923423592927,54.4873960147951,,116342.0
53,2020-11-23,,,44.78828300842683,44.78828300842683,,
54,2020-11-24,,,51.17192738135029,44.78828300842683,,123311.0
55,2020-11-25,,,32.12695443930664,39.22599799677271,,
56,2020-11-26,,,36.52545476579949,36.52545476579949,,123422.0
57,2020-11-27,,,34.07916621474154,34.07916621474154,,
58,2020-11-28,,,19.398686186142974,34.07916621474154,,
59,2020-11-29,,,10.2624873353978,34.07916621474154,,125849.0
60,2020-11-30,,,39.197523577210575,34.07916621474154,,
61,2020-12-01,,,33.82147376657643,33.82147376657643,,
62,2020-12-02,,,29.11231772513065,33.82147376657643,,
63,2020-12-03,,,31.90506412983569,31.90506412983569,,
64,2020-12-04,,,23.950329675875608,29.11231772513065,,
65,2020-12-05,,,13.37360937731727,29.11231772513065,,
66,2020-12-06,,,9.305952201447193,29.11231772513065,,
67,2020-12-07,,,33.45696185899494,29.11231772513065,,
68,2020-12-08,,,29.76579865241461,29.11231772513065,,
69,2020-12-09,,,26.372999495319533,26.372999495319533,,
70,2020-12-10,,,22.884177118495877,23.950329675875608,,
71,2020-12-11,,,23.05310760540185,23.05310760540185,,
72,2020-12-12,,,14.853223723966346,23.05310760540185,,
73,2020-12-13,,,12.129841227081862,23.05310760540185,,
74,2020-12-14,,,33.66210188790339,23.05310760540185,,
75,2020-12-15,,,30.96625762609818,23.05310760540185,,
76,2020-12-16,,,24.95656579328908,23.05310760540185,,
77,2020-12-17,,,27.60578204665638,24.95656579328908,,
78,2020-12-18,,,28.32331146310852,27.60578204665638,,
79,2020-12-19,,,18.404203870987736,27.60578204665638,,
80,2020-12-20,,,14.13428689977887,27.60578204665638,,
81,2020-12-21,,,28.861217276009302,27.60578204665638,,
82,2020-12-22,,,27.779638152958025,27.60578204665638,,
83,2020-12-23,,,25.312073831653645,27.60578204665638,,
84,2020-12-24,,,18.728865770489914,25.312073831653645,,
85,2020-12-25,,,6.8609223788158165,18.728865770489914,,
86,2020-12-26,,,14.667712644237898,18.728865770489914,,
87,2020-12-27,,,12.170691463152792,18.728865770489914,,
88,2020-12-28,,,28.003070456049635,18.728865770489914,,
89,2020-12-29,,,27.866962810804587,18.728865770489914,,
90,2020-12-30,,,27.571579353256404,18.728865770489914,,
91,2020-12-31,,,17.434080137945998,17.434080137945998,,
92,2021-01-01,,,8.559851606234133,17.434080137945998,,150554.0
93,2021-01-02,,,20.808042390945857,20.808042390945857,,134883.0
94,2021-01-03,,,11.55930209110368,20.808042390945857,,133230.0
95,2021-01-04,,,22.64689469222239,20.808042390945857,,136819.0
96,2021-01-05,,,24.667322707743523,20.808042390945857,,137294.0
97,2021-01-06,,,22.293841882281065,20.808042390945857,,136547.0
98,2021-01-07,,,22.423456047422256,22.293841882281065,,135862.0
99,2021-01-08,,,19.89609550192465,22.293841882281065,,134014.0
100,2021-01-09,,,13.948736576716966,22.293841882281065,,129487.0
101,2021-01-10,,,10.566781229870886,22.293841882281065,,134626.0
102,2021-01-11,,,26.35721408412669,22.293841882281065,,137124.0
103,2021-01-12,,,22.349797432770146,22.293841882281065,,186357.0
104,2021-01-13,,,21.65710526793442,21.65710526793442,,218458.0
105,2021-01-14,,,26.671378592251383,21.65710526793442,,223201.0
106,2021-01-15,,,23.62026183398226,22.349797432770146,,190624.0
107,2021-01-16,,,14.58086189905948,22.349797432770146,,151341.0
108,2021-01-17,,,7.528334530104854,22.349797432770146,,181867.0
109,2021-01-18,,,30.160537075199603,22.349797432770146,,160612.0
110,2021-01-19,,,23.31474333677903,23.31474333677903,,148578.0
111,2021-01-20,,,21.15055231300814,23.31474333677903,,146485.0
112,2021-01-21,,,22.739982276418804,22.739982276418804,,162991.0
113,2021-01-22,,,20.85664611052945,21.15055231300814,,276230.0
114,2021-01-23,,,11.653038271602206,21.15055231300814,,200915.0
115,2021-01-24,,,10.454500751486924,21.15055231300814,,180810.0
116,2021-01-25,,,29.567296003948908,21.15055231300814,,163607.0
117,2021-01-26,,,22.54672114411948,21.15055231300814,,163879.0
118,2021-01-27,,,23.03864268844171,22.54672114411948,,171476.0
119,2021-01-28,,,24.14898323929601,22.54672114411948,,283873.0
120,2021-01-29,,,25.064292889539168,23.03864268844171,,273298.0
121,2021-01-30,,,14.00975146257728,23.03864268844171,,318059.0
122,2021-01-31,,,11.193498170533305,23.03864268844171,,284754.0
123,2021-02-01,,,24.69756799573235,23.03864268844171,,309425.0
124,2021-02-02,,,23.77864801193525,23.77864801193525,,279010.0
125,2021-02-03,,,19.81255362783357,23.77864801193525,,255594.0
126,2021-02-04,,,23.426513910808797,23.426513910808797,,205816.0
127,2021-02-05,,,22.83299509707352,22.83299509707352,,172435.0
128,2021-02-06,,,12.885741793961984,22.83299509707352,,185463.0
129,2021-02-07,,,6.733116904360837,22.83299509707352,,175227.0
130,2021-02-08,,,23.39694508279637,22.83299509707352,,154686.0
131,2021-02-09,,,20.201820127896653,20.201820127896653,,202265.0
132,2021-02-10,,,17.45555036069159,20.201820127896653,,181960.0
133,2021-02-11,,,17.771148732433023,17.771148732433023,,156495.0
134,2021-02-12,,,13.865818056050522,17.45555036069159,,155563.0
135,2021-02-13,,,13.655613299658455,17.45555036069159,,156182.0
136,2021-02-14,,,6.811064718629571,17.45555036069159,,158648.0
137,2021-02-15,,,16.397927618195947,16.397927618195947,,160801.0
138,2021-02-16,,,19.08449699073203,16.397927618195947,,156105.0
139,2021-02-17,,,18.140650856296663,16.397927618195947,,149780.0
140,2021-02-18,,,13.042974088642255,13.865818056050522,,140591.0
141,2021-02-19,,,13.567597734250318,13.655613299658455,,141165.0
142,2021-02-20,,,10.591356034362542,13.567597734250318,,134762.0
143,2021-02-21,,,8.967410429177614,13.567597734250318,,140639.0
144,2021-02-22,,,18.68720886245465,13.567597734250318,,143117.0
145,2021-02-23,,,20.63769167343632,13.567597734250318,,139928.0
146,2021-02-24,,,15.858066416392374,13.567597734250318,,143830.0
147,2021-02-25,,,19.19635622915149,15.858066416392374,,140932.0
148,2021-02-26,,,13.113973490994333,15.858066416392374,,138445.0
149,2021-02-27,,,10.507289799478054,15.858066416392374,,132104.0
150,2021-02-28,,,5.695481279232177,15.858066416392374,,141057.0
151,2021-03-01,,,26.2597263414429,15.858066416392374,,139206.0
152,2021-03-02,,,16.043334800153175,15.858066416392374,,138891.0
153,2021-03-03,,,16.83473195933338,16.043334800153175,,141335.0
154,2021-03-04,,,15.402402449471085,15.402402449471085,,128840.0
155,2021-03-05,,,19.620962647004788,16.043334800153175,,125146.0
156,2021-03-06,,,14.095504315239358,16.043334800153175,,118495.0
157,2021-03-07,,,8.841522866673602,16.043334800153175,,142529.0
158,2021-03-08,,,22.983039891892133,16.043334800153175,,126328.0
159,2021-03-09,,,16.253374534886035,16.253374534886035,,127431.0
160,2021-03-10,,,17.261914323849915,16.253374534886035,,130326.0
161,2021-03-11,,,20.0648845963995,17.261914323849915,,157885.0
162,2021-03-12,,,23.244697001356883,17.261914323849915,,123676.0
163,2021-03-13,,,15.990539087280943,17.261914323849915,,169670.0
164,2021-03-14,,,9.862900323393934,17.261914323849915,,158957.0
165,2021-03-15,,,26.15732302427557,17.261914323849915,,207090.0
166,2021-03-16,,,21.200922002518976,20.0648845963995,,152546.0
167,2021-03-17,,,25.88345160711953,21.200922002518976,,137967.0
168,2021-03-18,,,26.810560004958266,23.244697001356883,,134913.0
169,2021-03-19,,,25.181501820612656,25.181501820612656,,132166.0
170,2021-03-20,,,16.841819244705835,25.181501820612656,,122837.0
171,2021-03-21,,,14.16146782551337,25.181501820612656,,124448.0
172,2021-03-22,,,30.007953901423512,25.181501820612656,,129071.0
173,2021-03-23,,,28.413368272863902,25.88345160711953,,128359.0
174,2021-03-24,,,27.20663570038803,26.810560004958266,,128090.0
175,2021-03-25,,,34.534267144194736,27.20663570038803,,130923.0
176,2021-03-26,,,26.32853042802659,27.20663570038803,,179463.0
177,2021-03-27,,,17.867158600264293,27.20663570038803,,124560.0
178,2021-03-28,,,14.569050760230294,27.20663570038803,,120738.0
179,2021-03-29,,,36.324989952874354,27.20663570038803,,125213.0
180,2021-03-30,,,24.04269658300333,26.32853042802659,,126848.0
181,2021-03-31,,,27.242948748370303,26.32853042802659,,129586.0
182,2021-04-01,,,28.474640457222797,26.32853042802659,,130526.0
183,2021-04-02,,,19.844214717190788,24.04269658300333,,124212.0
184,2021-04-03,,,20.908513647401005,24.04269658300333,,116657.0
185,2021-04-04,,,19.140692065227736,24.04269658300333,,112619.0
186,2021-04-05,,,15.714028056249736,20.908513647401005,,118495.0
187,2021-04-06,,,34.499300464173224,20.908513647401005,,124863.0
188,2021-04-07,,,28.304279517720264,20.908513647401005,,122482.0
189,2021-04-08,,,31.37547887978644,20.908513647401005,,118957.0
190,2021-04-09,,,30.53933067195548,28.304279517720264,,119014.0
191,2021-04-10,,,25.99883531036742,28.304279517720264,,115880.0
192,2021-04-11,,,21.09341671554836,28.304279517720264,,168383.0
193,2021-04-12,,,32.09302844361413,30.53933067195548,,135450.0
194,2021-04-13,,,35.21565583448251,30.53933067195548,,124670.0
195,2021-04-14,,,32.465299718220066,31.37547887978644,,125705.0
196,2021-04-15,,,29.405156962266283,30.53933067195548,,125932.0
197,2021-04-16,,,28.181381425545247,29.405156962266283,,124139.0
198,2021-04-17,,,17.379333757589574,29.405156962266283,,120843.0
199,2021-04-18,,,13.040585179216905,29.405156962266283,,124283.0
200,2021-04-19,,,33.66881221902247,29.405156962266283,,128723.0
201,2021-04-20,,,28.55582708938821,28.55582708938821,,128145.0
202,2021-04-21,,,27.861808405143314,28.181381425545247,,131773.0
203,2021-04-22,,,28.37456045651447,28.181381425545247,,130434.0
204,2021-04-23,,,26.06235478151541,27.861808405143314,,123536.0
205,2021-04-24,,,20.04205385914545,27.861808405143314,,115969.0
206,2021-04-25,,,14.153345453780789,27.861808405143314,,115630.0
207,2021-04-26,,,25.67191375719114,26.06235478151541,,117464.0
208,2021-04-27,,,27.43660865571273,26.06235478151541,,122738.0
209,2021-04-28,,,29.86711322771936,26.06235478151541,,147308.0
210,2021-04-29,,,21.725376934331774,25.67191375719114,,128865.0
211,2021-04-30,,,24.24809864732353,24.24809864732353,,213424.0
212,2021-05-01,,,19.58829757996861,24.24809864732353,,276040.0
213,2021-05-02,,,13.437749001153238,24.24809864732353,,170910.0
214,2021-05-03,,,25.199690626445697,24.24809864732353,,140207.0
215,2021-05-04,,,27.80133471603976,24.24809864732353,,156999.0
216,2021-05-05,,,21.59369373200139,21.725376934331774,,171056.0
217,2021-05-06,,,24.99802904568908,24.24809864732353,,261226.0
218,2021-05-07,,,24.797738177085293,24.797738177085293,,181327.0
219,2021-05-08,,,15.615763160982,24.797738177085293,,134507.0
220,2021-05-09,,,12.113170781214375,24.797738177085293,,128299.0
221,2021-05-10,,,24.40022895670594,24.40022895670594,,378483.0
222,2021-05-11,,,19.342399222172297,21.59369373200139,,195336.0
223,2021-05-12,,,19.629354894404468,19.629354894404468,,156947.0
224,2021-05-13,,,12.060250795203766,19.342399222172297,,142026.0
225,2021-05-14,,,16.463122796726662,16.463122796726662,,132983.0
226,2021-05-15,,,12.355812584251757,16.463122796726662,,179359.0
227,2021-05-16,,,10.03001267899002,16.463122796726662,,252825.0
228,2021-05-17,,,18.85526832842303,16.463122796726662,,228311.0
229,2021-05-18,,,12.885468930055271,12.885468930055271,,169875.0
230,2021-05-19,,,13.33183154075848,12.885468930055271,,189430.0
231,2021-05-20,,,9.320357787463116,12.885468930055271,,151975.0
232,2021-05-21,,,7.25380959822565,12.355812584251757,,245752.0
233,2021-05-22,,,5.569335021504258,10.03001267899002,,171927.0
234,2021-05-23,,,3.5141932594168286,9.320357787463116,,148057.0
235,2021-05-24,,,8.068877212127383,8.068877212127383,,175822.0
236,2021-05-25,,,12.352121174223225,8.068877212127383,,146807.0
237,2021-05-26,,,9.203341414123528,8.068877212127383,,156194.0
238,2021-05-27,,,6.438611984833024,7.25380959822565,,145182.0
239,2021-05-28,,,6.294637929393431,6.438611984833024,,141917.0
240,2021-05-29,,,5.390463885464095,6.438611984833024,,132535.0
241,2021-05-30,,,4.491018485028919,6.438611984833024,,130488.0
242,2021-05-31,,,8.693938940303827,6.438611984833024,,135562.0
243,2021-06-01,,,8.084628754391051,6.438611984833024,,162845.0
244,2021-06-02,,,3.7488612969845354,6.294637929393431,,134784.0
245,2021-06-03,,,4.514367615451191,5.390463885464095,,128675.0
246,2021-06-04,,,5.320277968262682,5.320277968262682,,173490.0
247,2021-06-05,,,2.5279076434742382,4.514367615451191,,139753.0
248,2021-06-06,,,1.7489601058943582,4.514367615451191,,131854.0
249,2021-06-07,,,5.219043825300872,4.514367615451191,,153254.0
250,2021-06-08,,,4.094007129718375,4.094007129718375,,145171.0
251,2021-06-09,,,3.564393453763079,4.094007129718375,,148394.0
252,2021-06-10,,,3.8031462090306816,3.8031462090306816,,145720.0
253,2021-06-11,,,4.13842689548466,3.8031462090306816,,151536.0
254,2021-06-12,,,1.7596478370678952,3.8031462090306816,,144969.0
255,2021-06-13,,,1.255893826739653,3.8031462090306816,,147118.0
256,2021-06-14,,,4.86224728014857,3.8031462090306816,,153106.0
257,2021-06-15,,,2.525460199968568,3.564393453763079,,173292.0
258,2021-06-16,,,2.304489708281408,2.525460199968568,,156336.0
259,2021-06-17,,,3.8447201878827992,2.525460199968568,,257670.0
260,2021-06-18,,,1.072288223458345,2.304489708281408,,157077.0
261,2021-06-19,,,0.989822866009549,2.304489708281408,,148382.0
262,2021-06-20,,,0.6640532415759313,2.304489708281408,,265319.0
263,2021-06-21,,,1.681467933975399,1.681467933975399,,290737.0
264,2021-06-22,,,0.8696314371661749,1.072288223458345,,201501.0
265,2021-06-23,,,0.6187891586666696,0.989822866009549,,329714.0
266,2021-06-24,,,0.8914828950950815,0.8914828950950815,,239718.0
267,2021-06-25,,,0.4823370070234699,0.8696314371661749,,167756.0
268,2021-06-26,,,0.6564836521157843,0.6640532415759313,,145258.0
269,2021-06-27,,,1.8063743135349544,0.8696314371661749,,136700.0
270,2021-06-28,,,2.1933021685765577,0.8696314371661749,,191891.0
271,2021-06-29,,,1.3602671641163333,0.8914828950950815,,296296.0
272,2021-06-30,,,2.043440455451988,1.3602671641163333,,210057.0
273,2021-07-01,,,2.8381858596501326,1.8063743135349544,,148222.0
274,2021-07-02,,,1.4301693136566975,1.8063743135349544,,148252.0
275,2021-07-03,,,0.946839704186413,1.8063743135349544,,150565.0
276,2021-07-04,,,2.030910532105868,2.030910532105868,,142781.0
277,2021-07-05,,,2.914548479207386,2.030910532105868,,147129.0
278,2021-07-06,,,2.3646417676212064,2.043440455451988,,370393.0
279,2021-07-07,,,4.091043508768823,2.3646417676212064,,337802.0
280,2021-07-08,,,3.440669507338895,2.3646417676212064,,435524.0
281,2021-07-09,,,4.01194812637376,2.914548479207386,,310566.0
282,2021-07-10,,,3.281642168266666,3.281642168266666,,274264.0
283,2021-07-11,,,2.749565361654467,3.281642168266666,,263043.0
284,2021-07-12,,,8.940793366550754,3.440669507338895,,349613.0
285,2021-07-13,,,8.68144126559695,4.01194812637376,,385433.0
286,2021-07-14,,,14.357279161345016,4.01194812637376,,362471.0
287,2021-07-15,,,17.15147821130617,8.68144126559695,,419109.0
288,2021-07-16,,,16.50753381027113,8.940793366550754,,423711.0
289,2021-07-17,,,11.408347853226523,11.408347853226523,,375879.0
290,2021-07-18,,,11.969139371495736,11.969139371495736,,334781.0
291,2021-07-19,,,21.50273820364742,14.357279161345016,,340649.0
292,2021-07-20,,,17.98450170551009,16.50753381027113,,353021.0
293,2021-07-21,,,25.44345223132959,17.15147821130617,,358391.0
294,2021-07-22,,,19.81433995984691,17.98450170551009,,341345.0
295,2021-07-23,,,18.502098924012387,18.502098924012387,,318821.0
296,2021-07-24,,,13.21713077421968,18.502098924012387,,333609.0
297,2021-07-25,,,11.90565101124242,18.502098924012387,,295085.0
298,2021-07-26,,,17.16321790464638,17.98450170551009,,231134.0
299,2021-07-27,,,15.358078291877964,17.16321790464638,,237116.0
300,2021-07-28,,,18.42143445019711,17.16321790464638,,248019.0
301,2021-07-29,,,20.463554980288684,17.16321790464638,,155652.0
302,2021-07-30,,,17.237138012400088,17.16321790464638,,145527.0
303,2021-07-31,,,15.79978637185654,17.16321790464638,,276494.0
304,2021-08-01,,,11.877642356415086,17.16321790464638,,260738.0
305,2021-08-02,,,22.06621215394525,17.237138012400088,,134829.0
306,2021-08-03,,,19.18965280197268,18.42143445019711,,175814.0
307,2021-08-04,,,20.068694090590142,19.18965280197268,,278681.0
308,2021-08-05,,,19.79416117900441,19.18965280197268,,156341.0
309,2021-08-06,,,21.5856592455027,19.79416117900441,,151148.0
310,2021-08-07,,,18.97684048998276,19.79416117900441,,331838.0
311,2021-08-08,,,9.703946295800304,19.79416117900441,,161751.0
312,2021-08-09,,,22.684088686524813,19.79416117900441,,161076.0
313,2021-08-10,,,18.833447346111196,19.79416117900441,,154506.0
314,2021-08-11,,,29.82252238412824,19.79416117900441,,145693.0
315,2021-08-12,,,29.816397057358703,21.5856592455027,,159750.0
316,2021-08-13,,,24.6622620044226,22.684088686524813,,134234.0
317,2021-08-14,,,17.266338804394262,22.684088686524813,,125436.0
318,2021-08-15,,,18.61094044106417,22.684088686524813,,125416.0
319,2021-08-16,,,36.11796084299346,24.6622620044226,,136111.0
320,2021-08-17,,,25.643188124071703,25.643188124071703,,131764.0
321,2021-08-18,,,20.789434018562503,24.6622620044226,,124440.0
322,2021-08-19,,,25.35588021586157,24.6622620044226,,130568.0
323,2021-08-20,,,23.86641946694232,23.86641946694232,,127518.0
324,2021-08-21,,,17.24499368928063,23.86641946694232,,116274.0
325,2021-08-22,,,7.294909274831719,23.86641946694232,,114696.0
326,2021-08-23,,,36.72827434474546,23.86641946694232,,108588.0
327,2021-08-24,,,24.29637278399897,23.86641946694232,,123337.0
328,2021-08-25,,,24.214466749747107,24.214466749747107,,115991.0
329,2021-08-26,,,28.682634755218903,24.214466749747107,,123579.0
330,2021-08-27,,,23.835564863614533,24.214466749747107,,117924.0
331,2021-08-28,,,17.792135340692518,24.214466749747107,,110958.0
332,2021-08-29,,,10.362516755170208,24.214466749747107,,116427.0
333,2021-08-30,,,27.029090362152505,24.214466749747107,,117580.0
334,2021-08-31,,,21.603369662948705,23.835564863614533,,116958.0
335,2021-09-01,,,18.337091825283164,21.603369662948705,,117708.0
336,2021-09-02,,,21.91350462070385,21.603369662948705,,116409.0
337,2021-09-03,,,20.40812205077351,20.40812205077351,,108114.0
338,2021-09-04,,,14.926896560425526,20.40812205077351,,105278.0
339,2021-09-05,,,9.194587394941244,20.40812205077351,,109047.0
340,2021-09-06,,,21.410764365131893,20.40812205077351,,117585.0
341,2021-09-07,,,14.397240367354255,18.337091825283164,,113292.0
342,2021-09-08,,,19.659718149239325,19.659718149239325,,109439.0
343,2021-09-09,,,17.318877645975505,17.318877645975505,,100897.0
344,2021-09-10,,,19.29680205015373,17.318877645975505,,104647.0
345,2021-09-11,,,8.944541823180328,17.318877645975505,,100090.0
346,2021-09-12,,,6.355334552239962,17.318877645975505,,107209.0
347,2021-09-13,,,21.07292974980687,17.318877645975505,,118791.0
348,2021-09-14,,,10.080383833845024,17.318877645975505,,116277.0
349,2021-09-15,,,11.0396816108161,11.0396816108161,,134853.0
350,2021-09-16,,,13.22016479145408,11.0396816108161,,129556.0
351,2021-09-17,,,13.405253497900484,11.0396816108161,,115953.0
352,2021-09-18,,,8.91680611858663,11.0396816108161,,246558.0
353,2021-09-19,,,4.668082437783744,11.0396816108161,,156748.0
354,2021-09-20,,,13.617082169948937,11.0396816108161,,120661.0
355,2021-09-21,,,11.230958166858873,11.230958166858873,,120727.0
356,2021-09-22,,,9.061211560724349,11.230958166858873,,114122.0
357,2021-09-23,,,8.528164043287417,9.061211560724349,,145029.0
358,2021-09-24,,,11.095261083602091,9.061211560724349,,121838.0
359,2021-09-25,,,8.15456239997698,9.061211560724349,,134867.0
360,2021-09-26,,,4.946351658251636,9.061211560724349,,154427.0
361,2021-09-27,,,11.120240024260076,9.061211560724349,,123730.0
362,2021-09-28,,,7.819305898342302,8.528164043287417,,127842.0
363,2021-09-29,,,6.224605308884369,8.15456239997698,,124500.0
364,2021-09-30,,,9.101482213333746,8.15456239997698,,125733.0
365,2021-10-01,,,8.475732838097178,8.15456239997698,,116071.0
366,2021-10-02,,,5.655202343665264,7.819305898342302,,112180.0
367,2021-10-03,,,2.3940849102753385,7.819305898342302,,343477.0
368,2021-10-04,,,9.483909425350454,7.819305898342302,,299701.0
369,2021-10-05,,,7.730470926642038,7.730470926642038,,168264.0
370,2021-10-06,,,6.407054746763294,7.730470926642038,,146749.0
371,2021-10-07,,,10.041175307844018,7.730470926642038,,127528.0
372,2021-10-08,,,8.598252559371895,7.730470926642038,,125442.0
373,2021-10-09,,,4.809670379462161,7.730470926642038,,123436.0
374,2021-10-10,,,3.947393597641283,7.730470926642038,,123655.0
375,2021-10-11,,,10.44315969373864,7.730470926642038,,132227.0
376,2021-10-12,,,9.113178758707395,8.598252559371895,,129905.0
377,2021-10-13,,,9.674981532679167,9.113178758707395,,131428.0
378,2021-10-14,,,11.98195529372182,9.113178758707395,,132036.0
379,2021-10-15,,,11.148556259697944,9.674981532679167,,126665.0
380,2021-10-16,,,7.1425282078752295,9.674981532679167,,121360.0
381,2021-10-17,,,9.47174400304579,9.674981532679167,,123118.0
382,2021-10-18,,,13.969790570886577,9.674981532679167,,129888.0
383,2021-10-19,,,12.466797384072905,11.148556259697944,,126522.0
384,2021-10-20,,,16.921592851245432,11.98195529372182,,158739.0
385,2021-10-21,,,15.047068129649755,12.466797384072905,,131834.0
386,2021-10-22,,,8.168220100449123,12.466797384072905,,123671.0
387,2021-10-23,,,9.361415925324998,12.466797384072905,,118059.0
388,2021-10-24,,,6.275159994776114,12.466797384072905,,114908.0
389,2021-10-25,,,14.601693658955533,12.466797384072905,,121776.0
390,2021-10-26,,,11.707337150901672,11.707337150901672,,120583.0
391,2021-10-27,,,12.00082937373138,11.707337150901672,,122422.0
392,2021-10-28,,,13.897220932729192,11.707337150901672,,117127.0
393,2021-10-29,,,10.27144568155105,11.707337150901672,,115064.0
394,2021-10-30,,,7.862537717117744,11.707337150901672,,160702.0
395,2021-10-31,,,10.814621801753544,11.707337150901672,,291814.0
396,2021-11-01,,,17.125234678631433,11.707337150901672,,267643.0
397,2021-11-02,,,12.876227520137416,12.00082937373138,,138372.0
398,2021-11-03,,,16.030533761573892,12.876227520137416,,184012.0
399,2021-11-04,,,13.253260045465511,12.876227520137416,,127403.0
400,2021-11-05,,,15.477309247384184,13.253260045465511,,124862.0
401,2021-11-06,,,9.925428595460977,13.253260045465511,,122296.0
402,2021-11-07,,,6.444338107138352,13.253260045465511,,127637.0
403,2021-11-08,,,20.940919516746312,13.253260045465511,,128227.0
404,2021-11-09,,,17.539478713773125,15.477309247384184,,124130.0
405,2021-11-10,3699226328907.5874,,23.010654313800572,15.477309247384184,Q,133841.0
406,2021-11-11,3060878609215.3066,,21.169808026632964,17.539478713773125,Q,124919.0
407,2021-11-12,4732707242195.024,,19.44108090160723,19.44108090160723,Q,120591.0
408,2021-11-13,2234927362964.974,,13.67490275382882,19.44108090160723,Q,118131.0
409,2021-11-14,4365893281522.2656,,9.426709954822243,19.44108090160723,Q,127342.0
410,2021-11-15,2116342309983.5056,,29.257483807061544,19.44108090160723,Q,125060.0
411,2021-11-16,5244143448717.903,3699226328907.5874,30.82553986643676,21.169808026632964,Q,126267.0
412,2021-11-17,8392904483767.601,4365893281522.2656,30.82860914932565,21.169808026632964,Q,127393.0
413,2021-11-18,7484230772482.951,4732707242195.024,28.557580650373755,28.557580650373755,Q,124981.0
414,2021-11-19,6990014022805.168,5244143448717.903,36.09029360893019,29.257483807061544,Q,117740.0
415,2021-11-20,7204759004906.226,6990014022805.168,30.57753495908325,30.57753495908325,Q,117760.0
416,2021-11-21,10512637754648.422,7204759004906.226,20.60306629022225,30.57753495908325,Q,123970.0
417,2021-11-22,9789516410609.74,7484230772482.951,69.83151089600703,30.82553986643676,Q,120353.0
418,2021-11-23,10893438956731.018,8392904483767.601,52.01423893078572,30.82860914932565,Q,120611.0
419,2021-11-24,11512276246267.396,9789516410609.74,61.72333105489285,36.09029360893019,Q,122100.0
420,2021-11-25,9743680805831.271,9789516410609.74,67.54615955428747,52.01423893078572,Q,118302.0
421,2021-11-26,12623243317183.594,10512637754648.422,58.746135097206334,58.746135097206334,Q,129022.0
422,2021-11-27,13434782891799.914,10893438956731.018,46.50761546668556,58.746135097206334,Q,129874.0
423,2021-11-28,9726663876361.717,10893438956731.018,35.55509208426393,58.746135097206334,Q,122869.0
424,2021-11-29,6536199929168.026,10893438956731.018,109.48040325518902,58.746135097206334,Q,125396.0
425,2021-11-30,12802972389765.793,11512276246267.396,99.69067887048968,61.72333105489285,Q,124388.0
426,2021-12-01,11907212467804.604,11907212467804.604,87.93604093445573,67.54615955428747,Q,162257.0
427,2021-12-02,11315593720216.512,11907212467804.604,95.5311565571938,87.93604093445573,Q,134181.0
428,2021-12-03,11642208845094.914,11642208845094.914,89.04262904436098,89.04262904436098,Q,247726.0
429,2021-12-04,13239897484615.447,11642208845094.914,63.18827414331597,89.04262904436098,Q,329423.0
430,2021-12-05,12316789236433.393,11907212467804.604,42.09979920579232,89.04262904436098,Q,163016.0
431,2021-12-06,4378485386426.264,11907212467804.604,132.04892435548098,89.04262904436098,Q,144143.0
432,2021-12-07,6646179841941.468,11642208845094.914,123.7513753671661,89.04262904436098,Q,187444.0
433,2021-12-08,11660207529655.32,11642208845094.914,104.76631854412966,95.5311565571938,Q,269848.0
434,2021-12-09,11870759262104.531,11660207529655.32,106.05071033554611,104.76631854412966,Q,174054.0
435,2021-12-10,20082059444493.902,11870759262104.531,99.6991307565116,104.76631854412966,Q,312069.0
436,2021-12-11,,11765483395879.928,69.43811296431157,104.76631854412966,N,181727.0
437,2021-12-12,,11660207529655.32,40.56911645944516,104.76631854412966,N,161342.0
438,2021-12-13,16377844918071.676,11870759262104.531,155.88713457703128,104.76631854412966,Q,163152.0
439,2021-12-14,20536623553388.883,16377844918071.676,119.4691593373634,104.76631854412966,Q,160760.0
440,2021-12-15,15950526446291.607,16377844918071.676,110.32307660075568,106.05071033554611,Q,160222.0
441,2021-12-16,16328262338745.564,16377844918071.676,96.4699539788964,99.6991307565116,Q,156077.0
442,2021-12-17,16794819018523.809,16377844918071.676,101.78776339340064,101.78776339340064,Q,152510.0
443,2021-12-18,19059492396583.395,16586331968297.74,67.48661832211452,101.78776339340064,Q,142603.0
444,2021-12-19,22034811999908.742,16794819018523.809,44.627799540032456,101.78776339340064,Q,141031.0
445,2021-12-20,19431900427767.457,19059492396583.395,158.58690946962068,101.78776339340064,Q,153844.0
446,2021-12-21,20868913557187.05,19059492396583.395,154.4508076392686,101.78776339340064,Q,151408.0
447,2021-12-22,24861974906148.293,19431900427767.457,150.54614510006178,101.78776339340064,Q,146422.0
448,2021-12-23,23221582638112.79,20868913557187.05,160.1989994444088,150.54614510006178,Q,143238.0
449,2021-12-24,23759527069115.01,22034811999908.742,135.75456290244392,150.54614510006178,Q,140013.0
450,2021-12-25,20698442957315.92,22034811999908.742,66.65549764371772,150.54614510006178,Q,144590.0
451,2021-12-26,23131771171821.84,23131771171821.84,81.70997616934243,150.54614510006178,Q,139743.0
452,2021-12-27,24307846386897.484,23221582638112.79,247.48755620214664,150.54614510006178,Q,279874.0
453,2021-12-28,28076311421313.33,23759527069115.01,282.0938559070857,150.54614510006178,Q,328557.0
454,2021-12-29,,23490554853613.902,298.90298669015937,160.1989994444088,N,406580.0
455,2021-12-30,,23759527069115.01,310.7876785605982,247.48755620214664,N,197715.0
456,2021-12-31,,23719808779359.66,200.28691283415716,247.48755620214664,N,170617.0
457,2022-01-01,,24307846386897.484,125.41206840633863,247.48755620214664,N,145431.0
458,2022-01-02,,26192078904105.4,151.83110497575095,247.48755620214664,N,144222.0
459,2022-01-03,20087280760205.13,24081796090759.23,435.3138931648999,282.0938559070857,Q,157576.0
460,2022-01-04,61309005279830.0,40698143020017.56,472.5724045456659,298.90298669015937,Q,217154.0
461,2022-01-05,,40698143020017.56,423.767041711398,310.7876785605982,N,161718.0
462,2022-01-06,20153241136995.16,20153241136995.16,360.3684909035772,360.3684909035772,Q,146465.0
463,2022-01-07,14900506946629.346,20120260948600.145,387.5081848724243,387.5081848724243,Q,154481.0
464,2022-01-08,30951573885302.93,20153241136995.16,240.20162312543297,387.5081848724243,Q,206998.0
465,2022-01-09,29376869523833.08,24765055330414.12,147.2543514656762,387.5081848724243,Q,188171.0
466,2022-01-10,30383065376133.58,29879967449983.33,515.277290817693,387.5081848724243,Q,167187.0
467,2022-01-11,30208595413618.844,29792732468725.96,468.6358039316379,387.5081848724243,Q,154678.0
468,2022-01-12,24274374934903.8,29376869523833.08,409.0035795347644,387.5081848724243,Q,153030.0
469,2022-01-13,32447331147709.34,30208595413618.844,382.6028745448469,387.5081848724243,Q,150651.0
470,2022-01-14,35987605196423.84,30383065376133.58,352.4710521768772,382.6028745448469,Q,148376.0
471,2022-01-15,19422712700339.28,30208595413618.844,220.0381505076687,382.6028745448469,Q,139547.0
472,2022-01-16,35412128091477.875,30383065376133.58,148.42416981169663,382.6028745448469,Q,145724.0
473,2022-01-17,23156010708514.875,30208595413618.844,549.9657217948917,382.6028745448469,Q,149257.0
474,2022-01-18,25245615593814.52,25245615593814.52,502.5761029039049,382.6028745448469,Q,144911.0
475,2022-01-19,21532063982376.863,25245615593814.52,514.7906996487159,382.6028745448469,Q,148565.0
476,2022-01-20,16903349865599.06,23156010708514.875,486.7784441763637,486.7784441763637,Q,146030.0
477,2022-01-21,21348315180014.875,21532063982376.863,470.3353601359981,486.7784441763637,Q,140611.0
478,2022-01-22,21552547532739.945,21552547532739.945,276.98874203744816,486.7784441763637,Q,133741.0
479,2022-01-23,18890254319568.625,21532063982376.863,192.4064636375509,486.7784441763637,Q,139961.0
480,2022-01-24,26741537860261.586,21532063982376.863,603.5075591062729,486.7784441763637,Q,140806.0
481,2022-01-25,24485321153736.004,21532063982376.863,535.4283595095745,486.7784441763637,Q,138076.0
482,2022-01-26,26365820035735.69,21552547532739.945,451.653961044423,470.3353601359981,Q,139376.0
483,2022-01-27,20295430767759.15,21552547532739.945,396.69940318878366,451.653961044423,Q,139837.0
484,2022-01-28,20628508750130.785,21552547532739.945,352.94895073610303,396.69940318878366,Q,135391.0
485,2022-01-29,17479688288168.654,20628508750130.785,217.69371129620976,396.69940318878366,Q,129544.0
486,2022-01-30,16158591619293.943,20628508750130.785,145.4987124405949,396.69940318878366,Q,135842.0
487,2022-01-31,22418228032572.09,20628508750130.785,405.1248984419097,396.69940318878366,Q,145219.0
488,2022-02-01,22933344284896.844,20628508750130.785,323.2027216399459,352.94895073610303,Q,134825.0
489,2022-02-02,16466716777070.164,20295430767759.15,309.512087902942,323.2027216399459,Q,140293.0
490,2022-02-03,13506668038129.828,17479688288168.654,230.5133563619621,309.512087902942,Q,133901.0
491,2022-02-04,9308987358892.78,16466716777070.164,193.51450273700613,230.5133563619621,Q,132015.0
492,2022-02-05,10830463266701.938,16158591619293.943,138.6434530149124,230.5133563619621,Q,127485.0
493,2022-02-06,14091411577506.271,14091411577506.271,83.81326264412722,230.5133563619621,Q,200079.0
494,2022-02-07,6885913159620.991,13506668038129.828,236.08976725155,230.5133563619621,Q,153744.0
495,2022-02-08,9194068172002.203,10830463266701.938,149.72966099860326,193.51450273700613,Q,131996.0
496,2022-02-09,7734999716357.85,9308987358892.78,154.98788461853462,154.98788461853462,Q,134793.0
497,2022-02-10,5865813032667.909,9194068172002.203,136.90815971808726,149.72966099860326,Q,142232.0
498,2022-02-11,6729989630982.788,7734999716357.85,99.78069346195308,138.6434530149124,Q,148955.0
499,2022-02-12,5385304444544.332,6885913159620.991,72.331798017137,136.90815971808726,Q,130494.0
500,2022-02-13,4637204102041.061,6729989630982.788,39.64099579432943,136.90815971808726,Q,127090.0
501,2022-02-14,6500444435754.11,6500444435754.11,116.79378814709224,116.79378814709224,Q,173850.0
502,2022-02-15,5733037179212.71,5865813032667.909,78.40360862251008,99.78069346195308,Q,137205.0
503,2022-02-16,11240865467730.645,5865813032667.909,80.2010619251789,80.2010619251789,Q,212945.0
504,2022-02-17,12464558944211.264,6500444435754.11,68.47660742721423,78.40360862251008,Q,162075.0
505,2022-02-18,7336149562174.388,6500444435754.11,62.759447162389804,72.331798017137,Q,141821.0
506,2022-02-19,8904834409217.31,7336149562174.388,40.22815969373865,68.47660742721423,Q,134782.0
507,2022-02-20,13459181539296.793,8904834409217.31,34.13636203297688,68.47660742721423,Q,151846.0
508,2022-02-21,9417474782497.494,9417474782497.494,101.58849656131092,68.47660742721423,Q,193069.0
509,2022-02-22,9439933481254.668,9439933481254.668,70.17625149024616,68.47660742721423,Q,152866.0
510,2022-02-23,4832809209798.608,9417474782497.494,75.83293187035025,68.47660742721423,Q,146547.0
511,2022-02-24,5481172897530.906,8904834409217.31,63.52411149232688,63.52411149232688,Q,143015.0
512,2022-02-25,6678142584216.483,8904834409217.31,60.38224500244593,63.52411149232688,Q,143187.0
513,2022-02-26,5670539114135.752,6678142584216.483,41.26699698298474,63.52411149232688,Q,133800.0
514,2022-02-27,7023207726055.895,6678142584216.483,28.00776959344447,63.52411149232688,Q,145118.0
515,2022-02-28,3832429747520.242,5670539114135.752,78.8493926812478,63.52411149232688,Q,148909.0
516,2022-03-01,5911570786023.6455,5670539114135.752,74.09282288593114,63.52411149232688,Q,146678.0
517,2022-03-02,10243320001882.496,5911570786023.6455,70.58598922462929,63.52411149232688,Q,151807.0
518,2022-03-03,11959628187046.678,6678142584216.483,73.59816614612271,70.58598922462929,Q,152919.0
519,2022-03-04,10008331722167.26,7023207726055.895,66.34506003705417,70.58598922462929,Q,146655.0
520,2022-03-05,7905101747296.924,7905101747296.924,47.97269083451573,70.58598922462929,Q,140470.0
521,2022-03-06,11912198619074.91,10008331722167.26,36.87261528296416,70.58598922462929,Q,144837.0
522,2022-03-07,8939843796641.879,10008331722167.26,122.2062845313223,70.58598922462929,Q,149654.0
523,2022-03-08,8018808773531.064,10008331722167.26,92.62344517465708,70.58598922462929,Q,143905.0
524,2022-03-09,12361515247941.54,10008331722167.26,103.8595335557174,73.59816614612271,Q,149200.0
525,2022-03-10,11715967311281.32,10008331722167.26,100.15883115339408,92.62344517465708,Q,145090.0
526,2022-03-11,12664773320640.654,11715967311281.32,97.48410829823074,97.48410829823074,Q,143688.0
527,2022-03-12,8064506589497.474,11715967311281.32,70.40171226794106,97.48410829823074,Q,137961.0
528,2022-03-13,7929543388576.678,8939843796641.879,52.27688203758099,97.48410829823074,Q,173339.0
529,2022-03-14,24968465188257.684,11715967311281.32,158.5599886314084,97.48410829823074,Q,181317.0
530,2022-03-15,11041995986661.035,11715967311281.32,139.5341716046404,100.15883115339408,Q,141169.0
531,2022-03-16,8315926341825.339,11041995986661.035,141.2670434069473,100.15883115339408,Q,128777.0
532,2022-03-17,17048926730568.992,11041995986661.035,129.16176850882417,129.16176850882417,Q,137909.0
533,2022-03-18,16270345239204.53,11041995986661.035,112.79152449139056,129.16176850882417,Q,147462.0
534,2022-03-19,11603302757199.4,11603302757199.4,69.0919802311348,129.16176850882417,Q,133953.0
535,2022-03-20,8706697366754.952,11603302757199.4,56.7411466428788,129.16176850882417,Q,126062.0
536,2022-03-21,10086326011501.574,11041995986661.035,165.49098350934432,129.16176850882417,Q,140692.0
537,2022-03-22,17379600212567.672,11603302757199.4,127.78594978650688,127.78594978650688,Q,138426.0
538,2022-03-23,11449656814172.982,11603302757199.4,126.2931442522871,126.2931442522871,Q,135849.0
539,2022-03-24,9730694986719.568,11449656814172.982,109.14676330707373,112.79152449139056,Q,132404.0
540,2022-03-25,17779388798551.53,11449656814172.982,95.8894836521158,109.14676330707373,Q,132488.0
541,2022-03-26,13406270347054.018,11449656814172.982,64.72573213641425,109.14676330707373,Q,119355.0
542,2022-03-27,15515915540815.69,13406270347054.018,45.52221888744519,109.14676330707373,Q,115263.0
543,2022-03-28,25047149183649.68,15515915540815.69,152.66643478665077,109.14676330707373,Q,128849.0
544,2022-03-29,24304383215607.64,15515915540815.69,114.259237042661,109.14676330707373,Q,126578.0
545,2022-03-30,11842102044326.46,15515915540815.69,106.53837927622624,106.53837927622624,Q,142069.0
546,2022-03-31,11416291454479.658,15515915540815.69,76.61890852887858,95.8894836521158,Q,121431.0
547,2022-04-01,14718332270277.08,14718332270277.08,60.48673857994426,76.61890852887858,Q,161945.0
548,2022-04-02,16872158007916.652,15515915540815.69,41.146899557519184,76.61890852887858,Q,146363.0
549,2022-04-03,10730381967437.44,14718332270277.08,29.696852082138964,76.61890852887858,Q,122005.0
550,2022-04-04,9611379515667.809,11842102044326.46,89.54907669815017,76.61890852887858,Q,127794.0
551,2022-04-05,18520503461553.51,11842102044326.46,66.87685428900924,66.87685428900924,Q,127945.0
552,2022-04-06,11246335691274.9,11416291454479.658,68.78789345265632,66.87685428900924,Q,135002.0
553,2022-04-07,21420192013183.12,14718332270277.08,59.68157110350156,60.48673857994426,Q,274429.0
554,2022-04-08,30796518879044.617,16872158007916.652,55.313986568416304,59.68157110350156,Q,219508.0
555,2022-04-09,9769966172081.99,11246335691274.9,37.05783758807007,59.68157110350156,Q,136111.0
556,2022-04-10,5302128628435.543,11246335691274.9,24.397407573748648,59.68157110350156,Q,129836.0
557,2022-04-11,13509476673050.604,13509476673050.604,82.72623523422266,59.68157110350156,Q,141782.0
558,2022-04-12,23153713407157.305,13509476673050.604,63.70022794070447,59.68157110350156,Q,141394.0
559,2022-04-13,19916434664741.92,19916434664741.92,64.98564899252054,59.68157110350156,Q,134656.0
560,2022-04-14,20679460579507.062,19916434664741.92,60.07235104068212,60.07235104068212,Q,127770.0
561,2022-04-15,16675413886701.355,16675413886701.355,34.15217173302403,60.07235104068212,Q,111902.0
562,2022-04-16,13823502105314.691,16675413886701.355,38.94736734982989,60.07235104068212,Q,108262.0
563,2022-04-17,14385702259843.39,16675413886701.355,20.99981455206288,60.07235104068212,Q,102992.0
564,2022-04-18,13246352627901.229,16675413886701.355,29.003178389051094,38.94736734982989,Q,103918.0
565,2022-04-19,14099458332372.22,14385702259843.39,73.77669088099944,38.94736734982989,Q,116949.0
566,2022-04-20,13340704712771.871,14099458332372.22,48.691955083438295,38.94736734982989,Q,116440.0
567,2022-04-21,13660907941683.01,13823502105314.691,43.36589756757295,38.94736734982989,Q,113950.0
568,2022-04-22,12919751288643.42,13660907941683.01,38.52531942510696,38.94736734982989,Q,115427.0
569,2022-04-23,12242185448693.656,13340704712771.871,21.566517793306787,38.52531942510696,Q,171023.0
570,2022-04-24,10722573733935.207,13246352627901.229,17.434492417618657,38.52531942510696,Q,118484.0
571,2022-04-25,6855628468165.902,12919751288643.42,50.9385583780278,43.36589756757295,Q,128217.0
572,2022-04-26,12048534224584.225,12242185448693.656,31.885713120142725,38.52531942510696,Q,117997.0
573,2022-04-27,,12145359836638.94,28.24731370096797,31.885713120142725,N,119601.0
574,2022-04-28,,12048534224584.225,31.51363993483424,31.51363993483424,N,114583.0
575,2022-04-29,12131787322175.629,12048534224584.225,24.34390195696492,28.24731370096797,Q,111863.0
576,2022-04-30,8407159027159.389,10722573733935.207,16.007566455128817,28.24731370096797,Q,112661.0
577,2022-05-01,4114704850374.841,8407159027159.389,9.833170225623158,28.24731370096797,Q,110391.0
578,2022-05-02,5646902874801.468,8407159027159.389,33.32841873427024,28.24731370096797,Q,114641.0
579,2022-05-03,10490586010211.572,8407159027159.389,24.57807687523104,24.57807687523104,Q,142433.0
580,2022-05-04,7288994828526.271,7848076927842.829,20.914149064459647,24.34390195696492,Q,157548.0
581,2022-05-05,6868567380372.887,7288994828526.271,22.187689851716907,22.187689851716907,Q,154330.0
582,2022-05-06,5711517887234.872,6868567380372.887,20.86417627736176,20.914149064459647,Q,111435.0
583,2022-05-07,6248079470309.35,6248079470309.35,12.03085387508273,20.914149064459647,Q,109133.0
584,2022-05-08,3832946035617.833,6248079470309.35,10.963703316503272,20.914149064459647,Q,113035.0
585,2022-05-09,3973113990532.494,6248079470309.35,28.931605516954388,20.914149064459647,Q,124988.0
586,2022-05-10,3044498562658.238,5711517887234.872,22.937045733347205,20.914149064459647,Q,130583.0
587,2022-05-11,5446913441828.827,5446913441828.827,17.55494403137873,20.86417627736176,Q,135676.0
588,2022-05-12,5296385912674.946,5296385912674.946,22.233682624604057,20.86417627736176,Q,139377.0
589,2022-05-13,3395461333809.3086,3973113990532.494,17.597681570972906,17.597681570972906,Q,140091.0
590,2022-05-14,6781343486037.533,3973113990532.494,8.420073862642798,17.597681570972906,Q,137555.0
591,2022-05-15,7140581400926.623,5296385912674.946,6.187843243590226,17.597681570972906,Q,137856.0
592,2022-05-16,6039395624623.18,5446913441828.827,20.864788587580875,17.597681570972906,Q,151275.0
593,2022-05-17,5286801259301.655,5446913441828.827,17.081186946483946,17.55494403137873,Q,150979.0
594,2022-05-18,4534121336384.6045,5296385912674.946,16.54379207164692,17.081186946483946,Q,149692.0
595,2022-05-19,5281274004460.551,5286801259301.655,14.772756006915008,16.54379207164692,Q,152792.0
596,2022-05-20,6198705321358.817,6039395624623.18,15.610988330370915,15.610988330370915,Q,149963.0
597,2022-05-21,4150175462010.453,5286801259301.655,11.274790380524646,15.610988330370915,Q,133135.0
598,2022-05-22,3916206256539.157,5281274004460.551,7.396473102523181,15.610988330370915,Q,145913.0
599,2022-05-23,3607399635874.0015,4534121336384.6045,20.29529650198884,15.610988330370915,Q,129919.0
600,2022-05-24,1724103271415.6758,4150175462010.453,14.45916335709906,14.772756006915008,Q,134335.0
601,2022-05-25,3826441643917.91,3916206256539.157,13.202965779122607,14.45916335709906,Q,128741.0
602,2022-05-26,4311177439724.461,3916206256539.157,5.667995283008427,13.202965779122607,Q,126117.0
603,2022-05-27,3810169257533.906,3826441643917.91,16.36530787722098,13.202965779122607,Q,130562.0
604,2022-05-28,3312795775765.1216,3810169257533.906,6.704936744501087,13.202965779122607,Q,121211.0
605,2022-05-29,3398389697404.85,3607399635874.0015,3.876588247142911,13.202965779122607,Q,127062.0
606,2022-05-30,4834136992475.663,3810169257533.906,25.696471088228325,13.202965779122607,Q,133633.0
607,2022-05-31,5411667353119.927,3826441643917.91,20.2841838697039,13.202965779122607,Q,133648.0
608,2022-06-01,7965644396630.658,4311177439724.461,16.337487941899766,16.337487941899766,Q,139156.0
609,2022-06-02,5425042124593.93,4834136992475.663,18.37510967060745,16.36530787722098,Q,128216.0
610,2022-06-03,6470638282037.072,5411667353119.927,17.239160886820976,17.239160886820976,Q,128906.0
611,2022-06-04,7783557305256.136,5425042124593.93,13.737707234417435,17.239160886820976,Q,121075.0
612,2022-06-05,5707708267270.399,5707708267270.399,10.425417065283074,17.239160886820976,Q,135636.0
613,2022-06-06,5850064560781.4375,5850064560781.4375,13.324490429885936,16.337487941899766,Q,124219.0
614,2022-06-07,6775929216683.008,6470638282037.072,31.999582646960523,16.337487941899766,Q,125421.0
615,2022-06-08,10244323418331.553,6470638282037.072,28.745452888742303,17.239160886820976,Q,149954.0
616,2022-06-09,9242243450724.604,6775929216683.008,24.622314641710076,17.239160886820976,Q,133636.0
617,2022-06-10,8732879493665.579,7783557305256.136,23.39068062580378,23.39068062580378,Q,122168.0
618,2022-06-11,10458598143268.031,8732879493665.579,21.331333766443617,23.39068062580378,Q,115346.0
619,2022-06-12,12153230752245.783,9242243450724.604,12.942558132328104,23.39068062580378,Q,114877.0
620,2022-06-13,10334989898437.266,10244323418331.553,49.38939668327537,24.622314641710076,Q,124905.0
621,2022-06-14,14985177007483.637,10334989898437.266,44.11194158544926,24.622314641710076,Q,122869.0
622,2022-06-15,8114670226861.572,10334989898437.266,43.91547184303552,24.622314641710076,Q,125690.0
623,2022-06-16,11659347829403.297,10458598143268.031,49.23103704753071,43.91547184303552,Q,124668.0
624,2022-06-17,12356677607665.385,11659347829403.297,43.96252196798821,43.96252196798821,Q,123311.0
625,2022-06-18,10754467185713.06,11659347829403.297,23.90174885948855,43.96252196798821,Q,117681.0
626,2022-06-19,14319799521670.035,11659347829403.297,20.53608399166834,43.96252196798821,Q,121667.0
627,2022-06-20,15956907390579.924,12356677607665.385,80.39219682980979,43.96252196798821,Q,131335.0
628,2022-06-21,25314515265127.832,12356677607665.385,68.31072602712436,43.96252196798821,Q,129901.0
629,2022-06-22,9437856422343.81,12356677607665.385,62.45462532123576,49.23103704753071,Q,276161.0
630,2022-06-23,15462812513279.309,14319799521670.035,68.6257693787339,62.45462532123576,Q,170328.0
631,2022-06-24,20488693476439.426,15462812513279.309,66.40416311361288,66.40416311361288,Q,175925.0
632,2022-06-25,15608750895506.855,15608750895506.855,43.07753305325043,66.40416311361288,Q,119783.0
633,2022-06-26,17080250920992.326,15956907390579.924,28.033891157245595,66.40416311361288,Q,128437.0
634,2022-06-27,20192739956432.8,17080250920992.326,117.12104054487784,66.40416311361288,Q,131886.0
635,2022-06-28,30695537504215.62,17080250920992.326,94.88424532561852,66.40416311361288,Q,130044.0
636,2022-06-29,25550601224841.5,20192739956432.8,98.62127794612756,68.6257693787339,Q,134924.0
637,2022-06-30,24292680787288.37,20488693476439.426,95.39202681225665,94.88424532561852,Q,155524.0
638,2022-07-01,23010949005662.344,23010949005662.344,87.60730354538029,94.88424532561852,Q,132979.0
639,2022-07-02,24352738076744.8,24292680787288.37,48.37703561760272,94.88424532561852,Q,122560.0
640,2022-07-03,28789566549643.223,24352738076744.8,26.121086519497712,94.88424532561852,Q,127047.0
641,2022-07-04,27713604801028.688,25550601224841.5,145.46913406571028,94.88424532561852,Q,142254.0
642,2022-07-05,30530713259822.453,25550601224841.5,119.96791167870448,95.39202681225665,Q,130914.0
643,2022-07-06,26421745579052.777,26421745579052.777,104.6048810990524,95.39202681225665,Q,127337.0
644,2022-07-07,24464844049414.71,26421745579052.777,100.22175405681196,100.22175405681196,Q,123945.0
645,2022-07-08,21646512458346.758,26421745579052.777,83.37543709755606,100.22175405681196,Q,120401.0
646,2022-07-09,23837383390476.715,26421745579052.777,42.91930814062877,100.22175405681196,Q,113332.0
647,2022-07-10,16698436177114.504,24464844049414.71,19.394572382910813,100.22175405681196,Q,111583.0
648,2022-07-11,14783332346853.254,23837383390476.715,118.49687525538384,100.22175405681196,Q,117215.0
649,2022-07-12,23927134306779.8,23837383390476.715,82.99015640003454,83.37543709755606,Q,117371.0
650,2022-07-13,,22741947924411.73,73.73496453955654,82.99015640003454,N,122257.0
651,2022-07-14,,21646512458346.758,61.62194865540285,73.73496453955654,N,119593.0
652,2022-07-15,,20267909783795.61,52.218277558763184,61.62194865540285,N,114523.0
653,2022-07-16,,16698436177114.504,33.81670475749882,61.62194865540285,N,103549.0
654,2022-07-17,,19355233326816.527,18.092916030466764,61.62194865540285,N,103655.0
655,2022-07-18,,23927134306779.8,82.95629637803223,61.62194865540285,N,109268.0
656,2022-07-19,,,55.18551659137041,55.18551659137041,N,114158.0
657,2022-07-20,,,51.221513638546966,52.218277558763184,N,116279.0
658,2022-07-21,,,47.73867168986057,51.221513638546966,N,104959.0
659,2022-07-22,,,40.01705490834959,47.73867168986057,N,108933.0
660,2022-07-23,,,29.023030413638768,47.73867168986057,N,101649.0
661,2022-07-24,,,16.17176601419746,47.73867168986057,N,105487.0
662,2022-07-25,,,59.1218606971231,47.73867168986057,N,107139.0
663,2022-07-26,,,45.04704913772685,45.04704913772685,N,106042.0
664,2022-07-27,,,38.54709870708832,40.01705490834959,N,103562.0
665,2022-07-28,,,35.962206801676075,38.54709870708832,N,100534.0
666,2022-07-29,,,36.68471049491888,36.68471049491888,N,98076.0
667,2022-07-30,,,20.852871831082563,36.68471049491888,N,87963.0
668,2022-07-31,,,7.22212330804766,36.68471049491888,N,84721.0
669,2022-08-01,,,15.630909651128558,35.962206801676075,N,91308.0
670,2022-08-02,,,44.76158610446444,35.962206801676075,N,98326.0
671,2022-08-03,,,36.75642273187079,35.962206801676075,N,96563.0
672,2022-08-04,,,22.88638406183664,22.88638406183664,N,98656.0
673,2022-08-05,,,24.135844545134592,22.88638406183664,N,163065.0
674,2022-08-06,,,16.170832501422183,22.88638406183664,N,91919.0
675,2022-08-07,,,8.7626067875096,22.88638406183664,N,86772.0
676,2022-08-08,,,29.92627916798555,24.135844545134592,N,96755.0
677,2022-08-09,,,24.291561718215647,24.135844545134592,N,97899.0
678,2022-08-10,,,17.929598130468758,22.88638406183664,N,96184.0
679,2022-08-11,,,16.69117716719311,17.929598130468758,N,96867.0
680,2022-08-12,,,17.025855386910624,17.025855386910624,N,99265.0
681,2022-08-13,,,11.854854497079272,17.025855386910624,N,91035.0
682,2022-08-14,,,4.362252619136687,17.025855386910624,N,111103.0
683,2022-08-15,,,19.536597380088583,17.025855386910624,N,102375.0
684,2022-08-16,,,21.028137649384316,17.025855386910624,N,110037.0
685,2022-08-17,4173832472521.049,4173832472521.049,12.422419092858991,16.69117716719311,Q,188313.0
686,2022-08-18,6149743779408.795,5161788125964.923,17.996466187515356,17.025855386910624,Q,133650.0
687,2022-08-19,5267776689413.816,5267776689413.816,14.576274289407689,14.576274289407689,Q,124086.0
688,2022-08-20,5039047136754.284,5153411913084.05,8.69710192774658,14.576274289407689,Q,120450.0
689,2022-08-21,4583744117401.15,5039047136754.284,4.012934670441441,14.576274289407689,Q,111571.0
690,2022-08-22,6243237514027.505,5153411913084.05,25.489273096325352,14.576274289407689,Q,104528.0
691,2022-08-23,7740207166507.236,5267776689413.816,16.386960216569896,14.576274289407689,Q,120111.0
692,2022-08-24,4355893744651.28,5267776689413.816,18.56640428889858,16.386960216569896,Q,111864.0
693,2022-08-25,3241868310167.729,5039047136754.284,14.137256428588822,14.576274289407689,Q,120887.0
694,2022-08-26,5428792068354.079,5039047136754.284,16.281691301566504,16.281691301566504,Q,134454.0
695,2022-08-27,4085115329874.8105,4583744117401.15,6.01161349887443,16.281691301566504,Q,108250.0
696,2022-08-28,3842592127592.586,4355893744651.28,4.59932116713999,16.281691301566504,Q,109184.0
697,2022-08-29,3102037931110.096,4085115329874.8105,20.030222966945644,16.281691301566504,Q,117075.0
698,2022-08-30,4116919450651.424,4085115329874.8105,14.257613773349773,14.257613773349773,Q,112366.0
699,2022-08-31,3445653378316.0405,3842592127592.586,13.47929952785814,14.137256428588822,Q,135438.0
700,2022-09-01,2820140863679.6187,3842592127592.586,13.911770118046531,13.911770118046531,Q,123479.0
701,2022-09-02,7907098685455.543,3842592127592.586,11.324114066639956,13.47929952785814,Q,195105.0
702,2022-09-03,,3644122752954.313,6.842070593287307,13.47929952785814,N,183506.0
703,2022-09-04,,3445653378316.0405,3.462200041614004,13.47929952785814,N,118245.0
704,2022-09-05,4716818493465.2295,4116919450651.424,17.025645329160128,13.47929952785814,Q,119607.0
705,2022-09-06,5725303333094.278,4716818493465.2295,13.760205949474402,13.47929952785814,Q,120383.0
706,2022-09-07,6352265010015.17,5725303333094.278,13.248495341666464,13.248495341666464,Q,230554.0
707,2022-09-08,4454315362112.248,5725303333094.278,2.2081116583401768,11.324114066639956,Q,116921.0
708,2022-09-09,5321464841731.728,5321464841731.728,15.658449643735434,13.248495341666464,Q,126222.0
709,2022-09-10,4521158620747.033,5019141667598.478,7.115921907338009,13.248495341666464,Q,105280.0
710,2022-09-11,6642003298643.545,5321464841731.728,6.4546576407073495,13.248495341666464,Q,107211.0
711,2022-09-12,5647931691850.37,5647931691850.37,23.794093562889167,13.248495341666464,Q,117646.0
712,2022-09-13,4984602154044.902,5321464841731.728,17.100727025417743,13.248495341666464,Q,117058.0
713,2022-09-14,6294356128858.632,5321464841731.728,14.017070836773495,14.017070836773495,Q,181821.0
714,2022-09-15,3408420933723.305,5321464841731.728,11.89977233377087,14.017070836773495,Q,155473.0
715,2022-09-16,4740618396816.99,4984602154044.902,16.887616622138207,14.017070836773495,Q,119816.0
716,2022-09-17,4143568537746.672,4984602154044.902,9.214173831432296,14.017070836773495,Q,107982.0
717,2022-09-18,4321929065346.634,4740618396816.99,3.9046677520248094,14.017070836773495,Q,113571.0
718,2022-09-19,3782619191543.561,4321929065346.634,17.55496750123403,14.017070836773495,Q,123094.0
719,2022-09-20,6591476883363.496,4321929065346.634,14.166301942798455,14.017070836773495,Q,121590.0
720,2022-09-21,7839002380961.435,4321929065346.634,16.051971578520977,14.166301942798455,Q,121260.0
721,2022-09-22,7234537815217.929,4740618396816.99,15.324734270238682,15.324734270238682,Q,119062.0
722,2022-09-23,6150659029126.107,6150659029126.107,17.153559867720595,15.324734270238682,Q,133647.0
723,2022-09-24,6695567644444.728,6591476883363.496,9.5423222119171,15.324734270238682,Q,177087.0
724,2022-09-25,8804458213641.02,6695567644444.728,5.578444375579664,15.324734270238682,Q,120580.0
725,2022-09-26,12431899928920.498,7234537815217.929,25.1954828574654,15.324734270238682,Q,147845.0
726,2022-09-27,12096522366956.7,7839002380961.435,21.5569764903015,16.051971578520977,Q,159514.0
727,2022-09-28,13370729916059.469,8804458213641.02,21.302548516837067,17.153559867720595,Q,291047.0
728,2022-09-29,12545205143537.402,12096522366956.7,20.43267556129101,20.43267556129101,Q,149663.0
729,2022-09-30,12403792492143.936,12403792492143.936,19.61090377647082,20.43267556129101,Q,127208.0
730,2022-10-01,11618272584534.713,12403792492143.936,12.196617007289092,20.43267556129101,Q,217853.0
731,2022-10-02,12702581475149.111,12431899928920.498,7.814587952745971,20.43267556129101,Q,142133.0
732,2022-10-03,18311103497357.89,12545205143537.402,39.82990013745902,20.43267556129101,Q,131493.0
733,2022-10-04,21219369490413.254,12702581475149.111,33.03894946776132,20.43267556129101,Q,125014.0
734,2022-10-05,8678098238388.713,12545205143537.402,38.53177635350653,20.43267556129101,Q,122739.0
735,2022-10-06,11685519382730.066,12403792492143.936,39.96309036657953,33.03894946776132,Q,118195.0
736,2022-10-07,10860710571100.484,11685519382730.066,36.36211539474645,36.36211539474645,Q,114635.0
737,2022-10-08,18460879114906.13,12702581475149.111,20.099876014618022,36.36211539474645,Q,115814.0
738,2022-10-09,13507323483733.035,13507323483733.035,9.241383499604888,36.36211539474645,Q,111611.0
739,2022-10-10,12741980467301.484,12741980467301.484,52.24038584149935,36.36211539474645,Q,117100.0
740,2022-10-11,15663908662748.04,12741980467301.484,40.91201643974491,38.53177635350653,Q,115502.0
741,2022-10-12,9184802290030.744,12741980467301.484,35.16680197046734,36.36211539474645,Q,115825.0
742,2022-10-13,12863041408329.94,12863041408329.94,35.09517488284994,35.16680197046734,Q,112449.0
743,2022-10-14,13413716920812.707,13413716920812.707,36.63866870604797,35.16680197046734,Q,116471.0
744,2022-10-15,10775422768699.008,12863041408329.94,21.61910602274161,35.16680197046734,Q,105526.0
745,2022-10-16,9980301789208.48,12741980467301.484,12.609449703500225,35.16680197046734,Q,107442.0
746,2022-10-17,9867709368736.096,10775422768699.008,46.92907657419356,35.16680197046734,Q,111678.0
747,2022-10-18,10076103337696.604,10076103337696.604,38.74786533000126,35.16680197046734,Q,109506.0
748,2022-10-19,12449229255367.22,10775422768699.008,34.871544315593525,35.09517488284994,Q,115353.0
749,2022-10-20,9605665943148.855,10076103337696.604,31.3657145456437,34.871544315593525,Q,124998.0
750,2022-10-21,11136353046675.867,10076103337696.604,27.69169621998756,31.3657145456437,Q,223722.0
751,2022-10-22,7345000916278.277,9980301789208.48,15.991230534939165,31.3657145456437,Q,112568.0
752,2022-10-23,9918096201785.002,9918096201785.002,8.607796713379125,31.3657145456437,Q,182964.0
753,2022-10-24,12835803507962.309,10076103337696.604,39.75181999508601,31.3657145456437,Q,309351.0
754,2022-10-25,9695808324988.576,9918096201785.002,29.931062573737577,29.931062573737577,Q,121981.0
755,2022-10-26,7651221832896.389,9695808324988.576,27.669141199855684,27.69169621998756,Q,132956.0
756,2022-10-27,6302743296283.947,9695808324988.576,28.360561490224036,27.69169621998756,Q,120388.0
757,2022-10-28,8535426854637.938,8535426854637.938,27.0453505470692,27.669141199855684,Q,116268.0
758,2022-10-29,3166116251785.1733,8535426854637.938,11.004829453417772,27.669141199855684,Q,107221.0
759,2022-10-30,,8093324343767.163,9.501349466875917,27.669141199855684,N,112703.0
760,2022-10-31,22794151316835.965,8093324343767.163,40.34248188130713,27.669141199855684,Q,187705.0
761,2022-11-01,11617254425247.54,8093324343767.163,27.840767643341422,27.669141199855684,Q,152399.0
762,2022-11-02,11312158342206.283,9923792598422.111,24.86051690126192,27.0453505470692,Q,125856.0
763,2022-11-03,15341423456292.396,11464706383726.912,21.442793399753416,24.86051690126192,Q,237265.0
764,2022-11-04,12675791519504.082,12146522972375.81,19.97688306907703,21.442793399753416,Q,153621.0
765,2022-11-05,10075201048987.078,12146522972375.81,12.274854072085194,21.442793399753416,Q,115392.0
766,2022-11-06,18874737647926.133,12675791519504.082,6.477849370588197,21.442793399753416,Q,122641.0
767,2022-11-07,15539626243952.652,12675791519504.082,35.39098450542421,21.442793399753416,Q,127327.0
768,2022-11-08,22726113846092.92,15341423456292.396,28.25463661678151,21.442793399753416,Q,184399.0
769,2022-11-09,10963337901705.775,15341423456292.396,26.311824906866534,21.442793399753416,Q,292784.0
770,2022-11-10,9130106527549.695,12675791519504.082,31.006037428254583,26.311824906866534,Q,140752.0
771,2022-11-11,14791297866624.52,14791297866624.52,32.34825594382995,28.25463661678151,Q,171675.0
772,2022-11-12,17928394256472.53,15539626243952.652,15.526589143614796,28.25463661678151,Q,149316.0
773,2022-11-13,17759536366177.402,15539626243952.652,8.152639084846083,28.25463661678151,Q,148368.0
774,2022-11-14,50528051929223.89,17759536366177.402,46.18316027367848,28.25463661678151,Q,187556.0
775,2022-11-15,36360354212258.1,17759536366177.402,33.08939130444407,31.006037428254583,Q,257919.0
776,2022-11-16,17578132959616.62,17759536366177.402,32.79748448882288,32.34825594382995,Q,166750.0
777,2022-11-17,20368551766976.656,17928394256472.53,31.019820212010067,32.34825594382995,Q,182079.0
778,2022-11-18,22439170917688.84,20368551766976.656,28.70798584681177,31.019820212010067,Q,152992.0
779,2022-11-19,18883520481176.312,20368551766976.656,14.970987046534638,31.019820212010067,Q,132805.0
780,2022-11-20,20330168604365.07,20368551766976.656,10.653573230685458,31.019820212010067,Q,131734.0
781,2022-11-21,22498277511546.188,20368551766976.656,50.55873928605422,31.019820212010067,Q,150767.0
782,2022-11-22,24819860646179.605,20368551766976.656,36.2067004190176,31.019820212010067,Q,139863.0
783,2022-11-23,19119254492523.52,20368551766976.656,33.630241801709275,31.019820212010067,Q,209427.0
784,2022-11-24,20489867623119.86,20489867623119.86,35.127200975715574,33.630241801709275,Q,135125.0
785,2022-11-25,18019908603842.53,20330168604365.07,34.17980229585343,34.17980229585343,Q,131051.0
786,2022-11-26,22240603318582.34,20489867623119.86,20.189610855942504,34.17980229585343,Q,128777.0
787,2022-11-27,21209479382881.344,21209479382881.344,9.959741256078852,34.17980229585343,Q,138895.0
788,2022-11-28,22179302586500.42,21209479382881.344,55.14083436741181,34.17980229585343,Q,138840.0
789,2022-11-29,22232446178642.934,21209479382881.344,40.83407936985774,34.17980229585343,Q,146156.0
790,2022-11-30,34140556807604.57,22179302586500.42,40.99065412786566,35.127200975715574,Q,134868.0
791,2022-12-01,35496323338475.62,22232446178642.934,42.12133534024981,40.83407936985774,Q,136025.0
792,2022-12-02,38957268114917.14,22240603318582.34,38.46613743246024,40.83407936985774,Q,146188.0
793,2022-12-03,40564845013197.49,34140556807604.57,19.85812990873695,40.83407936985774,Q,133274.0
794,2022-12-04,30200098048037.04,34140556807604.57,11.352223440636958,40.83407936985774,Q,157753.0
795,2022-12-05,22017043165470.29,34140556807604.57,48.523290173561385,40.83407936985774,Q,126108.0
796,2022-12-06,31196206214063.883,34140556807604.57,41.8035548408375,40.99065412786566,Q,109402.0
797,2022-12-07,22734946958631.21,31196206214063.883,30.709120490248377,38.46613743246024,Q,132340.0
798,2022-12-08,22834515766357.92,30200098048037.04,38.50113739261705,38.46613743246024,Q,141375.0
799,2022-12-09,27215562408558.76,27215562408558.76,23.68600839141955,30.709120490248377,Q,224769.0
800,2022-12-10,31458637886648.85,27215562408558.76,17.804676426773742,30.709120490248377,Q,159734.0
801,2022-12-11,24807792377071.09,24807792377071.09,8.94022365534751,30.709120490248377,Q,129219.0
802,2022-12-12,21314213010111.234,24807792377071.09,41.83577949890542,30.709120490248377,Q,127660.0
803,2022-12-13,38064390952354.63,24807792377071.09,27.98553103452856,27.98553103452856,Q,138331.0
804,2022-12-14,22051117270168.465,24807792377071.09,28.42152904458232,27.98553103452856,Q,195231.0
805,2022-12-15,21331487019953.51,24807792377071.09,22.467274825077308,23.68600839141955,Q,364681.0
806,2022-12-16,18351155760254.656,22051117270168.465,23.72407240393916,23.72407240393916,Q,240481.0
807,2022-12-17,17401215543785.12,21331487019953.51,12.542140478251149,23.72407240393916,Q,170021.0
808,2022-12-18,18074185340970.355,21314213010111.234,9.360380659670495,23.72407240393916,Q,147002.0
809,2022-12-19,26820883001667.305,21331487019953.51,32.19518706380002,23.72407240393916,Q,146254.0
810,2022-12-20,19265800433667.34,19265800433667.34,23.902666063116047,23.72407240393916,Q,138888.0
811,2022-12-21,16516982027702.334,18351155760254.656,20.920426450568986,22.467274825077308,Q,136260.0
812,2022-12-22,26460253367838.05,18351155760254.656,23.94963927963504,23.72407240393916,Q,212032.0
813,2022-12-23,21308719404939.312,19265800433667.34,17.894790028576423,20.920426450568986,Q,342647.0
814,2022-12-24,14831345701985.89,19265800433667.34,9.7822294392513,20.920426450568986,Q,188186.0
815,2022-12-25,20900828760669.805,20900828760669.805,3.820489830024504,20.920426450568986,Q,138353.0
816,2022-12-26,9566144650873.637,19265800433667.34,9.696166316563035,17.894790028576423,Q,142809.0
817,2022-12-27,9878093584766.35,16516982027702.334,10.240437376458429,10.240437376458429,Q,132457.0
818,2022-12-28,8759650890179.206,14831345701985.89,9.865754448603386,9.865754448603386,Q,131552.0
819,2022-12-29,10231915220563.834,10231915220563.834,8.315000548950685,9.7822294392513,Q,241651.0
820,2022-12-30,3748700229565.302,9878093584766.35,7.049264499049297,9.696166316563035,Q,220442.0
821,2022-12-31,7157833177244.892,9566144650873.637,5.678191158795053,8.315000548950685,Q,161010.0
822,2023-01-01,4261260434573.4863,8759650890179.206,1.2551600301922878,8.315000548950685,Q,131106.0
823,2023-01-02,4771919670104.008,7157833177244.892,4.060003045790898,7.049264499049297,Q,140007.0
824,2023-01-03,4495146050137.385,4771919670104.008,5.258525974442804,5.678191158795053,Q,140189.0
825,2023-01-04,,4633532860120.696,5.622991515612998,5.622991515612998,N,140889.0
826,2023-01-05,2058620982099.5469,4378203242355.436,3.206019467827727,5.258525974442804,Q,134000.0
827,2023-01-06,,4495146050137.385,3.9110930958383774,4.060003045790898,N,125063.0
828,2023-01-07,,4378203242355.436,1.5178384690473714,3.9110930958383774,N,124880.0
829,2023-01-08,2678410371765.1816,3586778210951.2827,1.2670695130940233,3.9110930958383774,Q,314038.0
830,2023-01-09,5256100300211.514,3586778210951.2827,3.26676944292573,3.26676944292573,Q,224547.0
831,2023-01-10,3596227843871.868,3137319107818.5244,2.68902541553132,3.206019467827727,Q,182410.0
832,2023-01-11,2203393663556.2314,2678410371765.1816,3.064254511688444,3.064254511688444,Q,192396.0
833,2023-01-12,2828325154313.264,2828325154313.264,0.8498775817836913,2.68902541553132,Q,174005.0
834,2023-01-13,3421786342961.1685,3125055748637.2163,2.9293473994568044,2.68902541553132,Q,186932.0
835,2023-01-14,4598362783287.379,3421786342961.1685,0.6269761317127482,2.68902541553132,Q,187408.0
836,2023-01-15,2475400421748.995,3421786342961.1685,0.2213510805253103,2.68902541553132,D,182607.0
837,2023-01-16,3699320216314.38,3421786342961.1685,1.7185323161513244,1.7185323161513244,Q,227179.0
838,2023-01-17,3207586284322.7485,3207586284322.7485,0.8243673454028699,0.8498775817836913,Q,291328.0
839,2023-01-18,1609909179610.3386,3207586284322.7485,1.4703394440988908,0.8498775817836913,Q,205505.0
840,2023-01-19,1903113064992.8733,3207586284322.7485,0.7587344406790166,0.8243673454028699,Q,174771.0
841,2023-01-20,,2841493353035.872,1.7997098397196811,0.8243673454028699,N,161279.0
842,2023-01-21,2992199432567.071,2733799927158.033,0.6801670846512946,0.8243673454028699,Q,148765.0
843,2023-01-22,1534065110493.7542,2447656248779.972,0.5974457922265928,0.8243673454028699,Q,150657.0
844,2023-01-23,3289276426041.23,2447656248779.972,1.6159587954959482,0.8243673454028699,Q,150648.0
845,2023-01-24,3793306851851.536,2447656248779.972,1.464391928654119,1.464391928654119,Q,149433.0
846,2023-01-25,3496417524217.673,3140737929304.15,1.973810198087084,1.464391928654119,Q,150224.0
847,2023-01-26,2429964491101.33,3140737929304.15,0.6040123026931786,1.464391928654119,Q,148740.0
848,2023-01-27,6375836877555.097,3289276426041.23,1.4399599199594486,1.4399599199594486,Q,134344.0
849,2023-01-28,4462961733722.055,3496417524217.673,0.7486081001215218,1.4399599199594486,Q,131833.0
850,2023-01-29,5242306355284.201,3793306851851.536,1.7279000135024158,1.464391928654119,Q,133207.0
851,2023-01-30,5055998643781.111,4462961733722.055,3.208332903174396,1.464391928654119,Q,143451.0
852,2023-01-31,5115655112706.01,5055998643781.111,1.7821949616066544,1.7279000135024158,Q,137498.0
853,2023-02-01,11502521521630.004,5115655112706.01,2.212506174588453,1.7279000135024158,Q,139896.0
854,2023-02-02,5962647461334.114,5242306355284.201,2.609997027254959,1.7821949616066544,Q,140969.0
855,2023-02-03,6009469488945.507,5242306355284.201,2.479167947920517,2.212506174588453,Q,133744.0
856,2023-02-04,4343845766123.3335,5242306355284.201,1.9920864243167449,2.212506174588453,Q,123765.0
857,2023-02-05,5639447540405.181,5639447540405.181,0.8538219009188283,2.212506174588453,Q,124669.0
858,2023-02-06,9518356704524.582,5962647461334.114,2.200455124388241,2.200455124388241,Q,122742.0
859,2023-02-07,6305065813650.172,6009469488945.507,1.5242975224173307,2.200455124388241,Q,132347.0
860,2023-02-08,5162532918257.978,5962647461334.114,1.505933353402498,1.9920864243167449,Q,132392.0
861,2023-02-09,5078402859233.229,5639447540405.181,2.031653122931751,1.9920864243167449,Q,127545.0
862,2023-02-10,3488405143304.425,5162532918257.978,0.8380116386399303,1.5242975224173307,Q,135749.0
863,2023-02-11,4686539064623.283,5162532918257.978,1.8523397030796571,1.5242975224173307,Q,118015.0
864,2023-02-12,12755608098565.338,5162532918257.978,1.400032930400579,1.5242975224173307,Q,117125.0
865,2023-02-13,8950753229199.787,5162532918257.978,2.372848467475779,1.5242975224173307,Q,125378.0
866,2023-02-14,7316982019110.995,5162532918257.978,2.273885419825531,1.8523397030796571,Q,124099.0
867,2023-02-15,,6197692439172.112,1.2583379654736582,1.8523397030796571,N,125723.0
868,2023-02-16,,7316982019110.995,2.3089975319354274,1.8523397030796571,N,124859.0
869,2023-02-17,,8133867624155.392,2.1112695547080267,2.1112695547080267,N,118738.0
870,2023-02-18,,8950753229199.787,0.9683157108357996,2.1112695547080267,N,107321.0
871,2023-02-19,,8133867624155.392,1.2891404229133787,2.1112695547080267,N,103860.0
872,2023-02-20,6558158410803.743,6937570214957.368,2.408504242193501,2.1112695547080267,Q,113919.0
873,2023-02-21,7147576469916.366,6852867440360.055,1.14444990492971,1.2891404229133787,Q,110651.0
874,2023-02-22,3487283235446.9834,6558158410803.743,1.941260835688878,1.941260835688878,Q,112658.0
875,2023-02-23,3606846291925.718,5082502351364.73,1.1802771979609137,1.2891404229133787,Q,109627.0
876,2023-02-24,5990270067533.243,5990270067533.243,1.4351721624451326,1.2891404229133787,Q,112577.0
877,2023-02-25,4233464931637.932,5111867499585.588,0.2915433615703531,1.2891404229133787,Q,104601.0
878,2023-02-26,5510145153331.468,5510145153331.468,0.9354096810109548,1.1802771979609137,Q,112718.0
879,2023-02-27,4228990799717.6953,4233464931637.932,1.242624433617917,1.1802771979609137,Q,119222.0
880,2023-02-28,6923742237068.608,4233464931637.932,2.181964964550624,1.242624433617917,Q,115001.0
881,2023-03-01,5588879617448.402,5510145153331.468,1.754962467710411,1.242624433617917,Q,115129.0
882,2023-03-02,3973496141665.256,5510145153331.468,2.8845832025517355,1.4351721624451326,Q,112593.0
883,2023-03-03,4614238424029.36,4614238424029.36,2.5178495144664,1.754962467710411,Q,113617.0
884,2023-03-04,2233374674661.6104,4614238424029.36,1.6467981632287154,1.754962467710411,Q,100489.0
885,2023-03-05,,4421614611873.528,1.2198644003267145,1.754962467710411,N,104547.0
886,2023-03-06,4222778075801.2026,4418508249915.281,2.7095857635837626,2.181964964550624,Q,115065.0
887,2023-03-07,6725538693509.072,4418508249915.281,3.448372850404298,2.5178495144664,Q,121496.0
888,2023-03-08,10342336665290.06,4418508249915.281,3.193903834022104,2.7095857635837626,Q,173268.0
889,2023-03-09,9797747466542.828,5669888558769.216,2.303174606161086,2.5178495144664,Q,126070.0
890,2023-03-10,6743885012612.088,6734711853060.579,3.507379619320408,2.7095857635837626,Q,172647.0
891,2023-03-11,9516507920339.928,8130196466476.008,0.8162080810853286,2.7095857635837626,Q,137966.0
892,2023-03-12,6492472563616.282,6743885012612.088,1.4782870879272905,2.7095857635837626,Q,122660.0
893,2023-03-13,9401704801949.297,9401704801949.297,4.1004248546276765,3.193903834022104,Q,229154.0
894,2023-03-14,12018346298284.217,9516507920339.928,2.533569109128297,2.533569109128297,Q,256753.0
895,2023-03-15,6699631075659.608,9401704801949.297,2.262434399286364,2.303174606161086,Q,146329.0
896,2023-03-16,6229683875941.056,6743885012612.088,1.5656650404740455,2.262434399286364,Q,135067.0
897,2023-03-17,6168373500815.677,6699631075659.608,1.7051442434330668,1.7051442434330668,Q,121795.0
898,2023-03-18,5122520683009.533,6492472563616.282,1.6747738433852548,1.7051442434330668,Q,118293.0
899,2023-03-19,6703038036822.24,6699631075659.608,0.2213510827388212,1.7051442434330668,Q,159046.0
900,2023-03-20,21434993383078.125,6699631075659.608,2.3652064630089136,1.7051442434330668,Q,127832.0
901,2023-03-21,9787677912517.623,6699631075659.608,1.7910274829504331,1.7051442434330668,Q,129245.0
902,2023-03-22,7663009287562.26,6703038036822.24,2.104869752595895,1.7051442434330668,Q,123973.0
903,2023-03-23,8349686306388.006,7663009287562.26,2.3938294512042604,1.7910274829504331,Q,118253.0
904,2023-03-24,6405033984768.521,7663009287562.26,1.9272041521036103,1.9272041521036103,Q,145071.0
905,2023-03-25,8628654867636.673,8349686306388.006,2.4886633272166647,2.104869752595895,Q,115404.0
906,2023-03-26,14620838008020.531,8628654867636.673,0.544033802523845,2.104869752595895,Q,166130.0
907,2023-03-27,9417395434350.793,8628654867636.673,2.8418020634347934,2.104869752595895,Q,142048.0
908,2023-03-28,9245438965566.36,8628654867636.673,1.5220388227664017,2.104869752595895,Q,124952.0
909,2023-03-29,8659727684119.426,8659727684119.426,1.6067169096732636,1.9272041521036103,Q,120889.0
910,2023-03-30,9087360857269.94,9087360857269.94,1.3866281257539772,1.6067169096732636,Q,125692.0
911,2023-03-31,8554099049842.492,9087360857269.94,2.5160366845149422,1.6067169096732636,Q,196929.0
912,2023-04-01,9967974297538.396,9245438965566.36,2.195110498460503,1.6067169096732636,Q,161825.0
913,2023-04-02,8547343252195.165,9087360857269.94,1.3441615021769877,1.6067169096732636,Q,155185.0
914,2023-04-03,9870147249376.75,9087360857269.94,1.3779220003054644,1.5220388227664017,Q,141972.0
915,2023-04-04,13277595949940.26,9087360857269.94,1.870579038937869,1.6067169096732636,Q,142890.0
916,2023-04-05,18074172483425.465,9870147249376.75,2.62227312067397,1.870579038937869,Q,134040.0
917,2023-04-06,,9919060773457.574,2.504121771871147,2.195110498460503,N,128007.0
918,2023-04-07,14981095166159.62,11622785123739.328,2.499077324573733,2.195110498460503,Q,123722.0
919,2023-04-08,23832454483715.79,14129345558049.94,2.2271708055629955,2.2271708055629955,Q,107969.0
920,2023-04-09,22150245205530.703,16527633824792.545,2.8843833158834897,2.499077324573733,Q,102815.0
921,2023-04-10,13100786569174.771,16527633824792.545,1.504131555589004,2.499077324573733,Q,105017.0
922,2023-04-11,16497712846517.72,17285942664971.594,3.973381507445144,2.504121771871147,Q,116141.0
923,2023-04-12,17186393832902.889,16842053339710.305,2.488982789953317,2.499077324573733,Q,174076.0
924,2023-04-13,8897614374300.791,16497712846517.72,1.9276435096542277,2.488982789953317,Q,119533.0
925,2023-04-14,8998097581620.59,16497712846517.72,1.9589865617757671,2.2271708055629955,Q,114984.0
926,2023-04-15,11133330999654.145,13100786569174.771,1.3628673974203744,1.9589865617757671,Q,122951.0
927,2023-04-16,7125890737037.75,11133330999654.145,1.4925736114093202,1.9276435096542277,Q,102649.0
928,2023-04-17,6075895072043.5205,8998097581620.59,1.7215416173238212,1.9276435096542277,Q,107201.0
929,2023-04-18,3368428521624.917,8897614374300.791,2.0412579204951182,1.9276435096542277,Q,104711.0
930,2023-04-19,6308828122526.448,7125890737037.75,1.3279757377078212,1.7215416173238212,Q,105424.0
931,2023-04-20,4154199952309.6313,6308828122526.448,1.611259151207138,1.611259151207138,Q,108263.0
932,2023-04-21,2996327235231.039,6075895072043.5205,1.703068669746398,1.611259151207138,Q,107016.0
933,2023-04-22,5475923460270.924,5475923460270.924,0.594856991705975,1.611259151207138,Q,108768.0
934,2023-04-23,7135431417079.543,5475923460270.924,1.1517028317444016,1.611259151207138,Q,121124.0
935,2023-04-24,8180067603074.027,5475923460270.924,2.1848625896748577,1.611259151207138,Q,128581.0
936,2023-04-25,,5892375791398.687,2.425017159135934,1.611259151207138,N,115416.0
937,2023-04-26,,5475923460270.924,2.703979290392699,1.703068669746398,N,113248.0
938,2023-04-27,6286459601383.891,6286459601383.891,2.5395275061922966,2.1848625896748577,Q,110749.0
939,2023-04-28,7229384913706.045,7135431417079.543,2.735762423882896,2.425017159135934,Q,169439.0
940,2023-04-29,6776266146778.624,7135431417079.543,2.732318927067032,2.5395275061922966,Q,140921.0
941,2023-04-30,2502596301217.7417,6776266146778.624,1.2482193788445917,2.5395275061922966,Q,109922.0
942,2023-05-01,8272964687116.479,6776266146778.624,2.1720551341276884,2.5395275061922966,Q,120886.0
943,2023-05-02,5898336261173.784,6531362874081.259,1.9314958839766163,2.5395275061922966,Q,114013.0
944,2023-05-03,5922926107349.041,6286459601383.891,1.541268372693245,2.1720551341276884,Q,123274.0
945,2023-05-04,5856170991125.261,5922926107349.041,2.781871536685621,2.1720551341276884,Q,125235.0
946,2023-05-05,7795046801265.494,5922926107349.041,1.903140617702332,1.9314958839766163,Q,131222.0
947,2023-05-06,7862230818438.285,5922926107349.041,0.6801344508611663,1.903140617702332,Q,133359.0
948,2023-05-07,8235240591208.142,7795046801265.494,1.0603002627437352,1.903140617702332,Q,137238.0
949,2023-05-08,6131488414822.773,6131488414822.773,1.7819965602041743,1.7819965602041743,Q,139184.0
950,2023-05-09,2826714348726.685,6131488414822.773,1.247914748843994,1.541268372693245,Q,185069.0
951,2023-05-10,3999200248124.008,6131488414822.773,1.1066910647208432,1.247914748843994,Q,131563.0
952,2023-05-11,5568640082752.748,6131488414822.773,1.3359962259640392,1.247914748843994,Q,138836.0
953,2023-05-12,3711214161683.8154,5568640082752.748,0.555815647750741,1.1066910647208432,Q,139951.0
954,2023-05-13,3794037185225.925,3999200248124.008,0.5194296822947909,1.1066910647208432,Q,132063.0
955,2023-05-14,4825235704186.768,3999200248124.008,0.7948761474286752,1.1066910647208432,Q,135949.0
956,2023-05-15,,3896618716674.9673,1.157126480008677,1.1066910647208432,N,143160.0
957,2023-05-16,8557266912003.844,4412217976155.388,0.6623230441971706,0.7948761474286752,Q,139685.0
958,2023-05-17,4738155398777.052,4781695551481.909,0.6187891608801804,0.6623230441971706,Q,137803.0
959,2023-05-18,1481744964169.946,4266096292001.488,0.2213510783117996,0.6187891608801804,Q,120947.0
960,2023-05-19,3266858330204.634,4266096292001.488,0.9015181696036266,0.6623230441971706,Q,125484.0
961,2023-05-20,3079352941901.1226,4002506864490.843,0.5495929110102242,0.6623230441971706,Q,116412.0
962,2023-05-21,1211563752460.655,3173105636052.8784,1.052160255970392,0.6623230441971706,D,121523.0
963,2023-05-22,3098571817629.5537,3098571817629.5537,1.3895096763625818,0.6623230441971706,Q,140801.0
964,2023-05-23,6720838032288.687,3098571817629.5537,0.5558478122765738,0.6187891608801804,Q,134883.0
965,2023-05-24,4640827655332.141,3098571817629.5537,1.8073313293681972,0.9015181696036266,Q,138693.0
966,2023-05-25,4903800092250.919,3266858330204.634,2.158318612748494,1.052160255970392,Q,121361.0
967,2023-05-26,3590774972806.97,3590774972806.97,1.466096741490711,1.3895096763625818,Q,123942.0
968,2023-05-27,4376512098474.4697,4376512098474.4697,1.0217862678215293,1.3895096763625818,Q,116417.0
969,2023-05-28,3226826545001.656,4376512098474.4697,0.7948394983299061,1.3895096763625818,Q,110669.0
970,2023-05-29,4168256391162.404,4376512098474.4697,0.8401402347649584,1.0217862678215293,Q,119031.0
971,2023-05-30,4182689035556.869,4182689035556.869,1.6133839843637594,1.466096741490711,Q,115853.0
972,2023-05-31,4774436035259.424,4182689035556.869,0.5974824479658942,1.0217862678215293,Q,116629.0
973,2023-06-01,5613860948217.122,4182689035556.869,0.5664852746192208,0.8401402347649584,Q,116590.0
974,2023-06-02,3591334711290.101,4182689035556.869,0.8243351853040588,0.8243351853040588,Q,115279.0
975,2023-06-03,2837300572595.828,4168256391162.404,0.8744088354498186,0.8243351853040588,Q,107932.0
976,2023-06-04,3431642260966.372,4168256391162.404,0.2213510805253103,0.8243351853040588,Q,107605.0
977,2023-06-05,,3887011873423.485,1.260194724760996,0.8243351853040588,N,114579.0
978,2023-06-06,1401291607395.7466,3511488486128.2363,0.4269039933948837,0.5974824479658942,D,114794.0
979,2023-06-07,2830436422174.5825,3134471416781.1,0.4427021676911532,0.5664852746192208,Q,118321.0
980,2023-06-08,2959554510335.4946,2898427541465.661,0.5216357512987774,0.5216357512987774,Q,116892.0
981,2023-06-09,2226896378483.8496,2833868497385.2056,0.3735059156076862,0.4427021676911532,Q,158916.0
982,2023-06-10,2194105338100.0208,2528666400329.2163,,,Q,114131.0
983,2023-06-11,6222437400892.5625,2528666400329.2163,,,Q,114683.0
984,2023-06-12,1739176081923.2217,2226896378483.8496,1.16813333746522,0.4427021676911532,Q,118872.0
985,2023-06-13,2532580617014.737,2532580617014.737,0.8188335262776939,0.5216357512987774,Q,111956.0
986,2023-06-14,1062925747036.9471,2226896378483.8496,0.2213510783117996,0.4427021676911532,Q,117007.0
987,2023-06-15,1081688252482.104,2194105338100.0208,0.2213510805253103,0.4427021676911532,Q,113107.0
988,2023-06-16,1346094708906.7654,1739176081923.2217,0.1995758293471692,0.3735059156076862,Q,117408.0
989,2023-06-17,1977673892105.0825,1739176081923.2217,0.2213144292130305,0.2213510805253103,Q,109225.0
990,2023-06-18,2268193104660.755,1739176081923.2217,0.2213510805253103,0.2213510805253103,Q,112875.0
991,2023-06-19,1812423676541.34,1812423676541.34,1.074802939985081,0.2213510805253103,Q,120589.0
992,2023-06-20,2259192198794.427,1812423676541.34,1.189458048436044,0.2213510805253103,Q,124224.0
993,2023-06-21,2361296407992.245,1977673892105.0825,0.3919042523756504,0.2213510805253103,Q,126349.0
994,2023-06-22,1313716477182.7258,1977673892105.0825,,,D,211602.0
995,2023-06-23,1230755840465.066,1977673892105.0825,0.2827611776763006,0.2827611776763006,D,126184.0
996,2023-06-24,2471194114344.6973,2259192198794.427,0.1995758293471692,0.2827611776763006,Q,115634.0
997,2023-06-25,2675616312256.916,2259192198794.427,,,Q,113855.0
998,2023-06-26,1919260365803.4824,2259192198794.427,0.221351084952332,0.2827611776763006,Q,130003.0
999,2023-06-27,1899189599067.989,1919260365803.4824,0.2055781933767329,0.2827611776763006,Q,128554.0
1000,2023-06-28,,1909224982435.736,,,N,129904.0
1001,2023-06-29,,1919260365803.4824,0.6640210726230767,0.2827611776763006,N,313870.0
1002,2023-06-30,1705514128635.2834,1919260365803.4824,0.1739836731441371,0.221351084952332,Q,145334.0
1003,2023-07-01,2130238498138.33,1919260365803.4824,0.6640279610687716,0.221351084952332,Q,119443.0
1004,2023-07-02,1371701734894.1816,1899189599067.989,,,Q,107284.0
1005,2023-07-03,,1802351863851.636,0.221351084952332,0.221351084952332,N,115520.0
1006,2023-07-04,,1705514128635.2834,0.2213510805253103,0.221351084952332,N,109630.0
1007,2023-07-05,,1705514128635.2834,0.221351084952332,0.221351084952332,N,110245.0
1008,2023-07-06,,1705514128635.2834,,,N,112336.0
1009,2023-07-07,,1750970116516.256,0.1739836731441371,0.221351084952332,N,110726.0
1010,2023-07-08,,1371701734894.1816,0.0262876302374433,0.2213510805253103,N,105925.0
1011,2023-07-09,,,0.4269292783290649,0.221351084952332,N,108326.0
1012,2023-07-10,,,0.4209269120859905,0.221351084952332,N,120980.0
1013,2023-07-11,,,0.6640279632822824,0.221351084952332,N,165195.0
1014,2023-07-12,,,0.2213510827388212,0.221351084952332,N,121474.0
1015,2023-07-13,,,0.4427021632641316,0.4209269120859905,N,127208.0
1016,2023-07-14,971529139476.9854,971529139476.9854,,,Q,112861.0
1017,2023-07-15,,971529139476.9854,0.2750255881851646,0.4209269120859905,N,108014.0
1018,2023-07-16,1724070993133.751,1347800066305.368,0.2213510827388212,0.4209269120859905,Q,107040.0
1019,2023-07-17,1202903327479.2693,1202903327479.2693,1.235438334908615,0.4209269120859905,Q,118395.0
1020,2023-07-18,1464470410974.89,1333686869227.0796,0.6482550739201941,0.4427021632641316,Q,120721.0
1021,2023-07-19,1403282589494.0205,1403282589494.0205,0.3952981023571677,0.3952981023571677,Q,114119.0
1022,2023-07-20,,1403282589494.0205,0.442669996524788,0.442669996524788,N,116136.0
1023,2023-07-21,2251377979502.274,1464470410974.89,0.3734104823018742,0.3952981023571677,Q,118094.0
1024,2023-07-22,,1464470410974.89,0.2213510827388212,0.3952981023571677,N,101118.0
1025,2023-07-23,1598790675038.5984,1464470410974.89,0.2103555894468657,0.3952981023571677,Q,108148.0
1026,2023-07-24,,1531630543006.744,0.4653196353904964,0.3952981023571677,N,191497.0
1027,2023-07-25,848979562216.0771,1501036632266.309,0.3734692620818955,0.3734692620818955,Q,109399.0
1028,2023-07-26,1140968805988.852,1369879740513.725,0.2827498068711803,0.3734104823018742,Q,105410.0
1029,2023-07-27,,1369879740513.725,0.4427021632641316,0.3734104823018742,N,108565.0
1030,2023-07-28,3536326919801.671,1369879740513.725,0.770837189638113,0.3734692620818955,Q,101072.0
1031,2023-07-29,,1369879740513.725,0.4427021610506207,0.4427021610506207,N,92869.0
1032,2023-07-30,1590238318997.3252,1365603562493.0886,,,Q,91654.0
1033,2023-07-31,,1365603562493.0886,0.4577145655652974,0.4427021632641316,N,96364.0
1034,2023-08-01,4420434559467.378,2563282619399.498,0.4269292761155541,0.4427021610506207,Q,94144.0
1035,2023-08-02,,,0.8853790460211036,0.4427021632641316,,124065.0
1036,2023-08-03,,,0.2213510805253103,0.4427021632641316,,96872.0
1037,2023-08-04,,,0.4268926225897634,0.4427021610506207,,104426.0
1038,2023-08-05,,,0.594857002773529,0.4427021610506207,,92907.0
1039,2023-08-06,,,0.6187891586666696,0.4577145655652974,,94867.0
1040,2023-08-07,,,1.3132273209214402,0.594857002773529,,100757.0
1041,2023-08-08,,,,,,99815.0
1042,2023-08-09,,,,,,100699.0
1043,2023-08-10,,,,,,101811.0
1044,2023-08-11,,,,,,102248.0
1045,2023-08-12,,,,,,97149.0
1046,2023-08-13,,,,,,99719.0
