Date,Annacis,Nw. Langley,Iona,Lion's Gate,Lulu,Victoria,Nanaimo,Comox Valley,Kamloops,Kelowna,Penticton,Prince George
2022-05-17,,,,,,,,,,,,
2022-05-18,436556.0,5154.0,211962.0,19211.0,68419.0,,,,,,,
2022-05-19,420425.6667,5483.0,222283.0,18648.0,65358.33333,,,,,,,
2022-05-20,404295.3333,5812.0,232604.0,18085.0,62297.66667,,,,,,,
2022-05-21,388165.0,6141.0,242925.0,17522.0,59237.0,,,,,,,
2022-05-22,353994.5,5819.5,257826.0,19490.5,62089.0,,,,,,,
2022-05-23,319824.0,5498.0,272727.0,21459.0,64941.0,,,,,,,
2022-05-24,425849.0,5664.5,255636.0,20582.5,61778.5,,,,,,,
2022-05-25,531874.0,5831.0,238545.0,19706.0,58616.0,,,,,,,
2022-05-26,480391.6667,4846.0,221932.3333,17727.33333,56040.0,,,,,,,
2022-05-27,428909.3333,3861.0,205319.6667,15748.66667,53464.0,,,,,,,
2022-05-28,377427.0,2876.0,188707.0,13770.0,50888.0,,,,,,,
2022-05-29,321167.5,4453.0,195360.5,13558.0,57992.5,,,,,,,
2022-05-30,264908.0,6030.0,202014.0,13346.0,65097.0,,,,,,,
2022-05-31,260059.0,4857.5,141823.0,11709.0,60194.0,,,,,,,
2022-06-01,255210.0,3685.0,81632.0,10072.0,55291.0,,,,,,,
2022-06-02,279630.0,3461.666667,112909.3333,12356.66667,56593.0,,,,,,,
2022-06-03,304050.0,3238.333333,144186.6667,14641.33333,57895.0,,,,,,,
2022-06-04,328470.0,3015.0,175464.0,16926.0,59197.0,,,,,,,
2022-06-05,275418.0,2162.0,163599.5,16898.5,52401.5,,,,,,,
2022-06-06,222366.0,1309.0,151735.0,16871.0,45606.0,,,,,,,
2022-06-07,268985.0,2669.5,135689.0,11349.0,58794.5,,,,,,,
2022-06-08,315604.0,4030.0,119643.0,5827.0,71983.0,,,,,,,
2022-06-09,290744.3333,3598.333333,116399.6667,10027.33333,69339.66667,,,,,,,
2022-06-10,265884.6667,3166.666667,113156.3333,14227.66667,66696.33333,,,,,,,
2022-06-11,241025.0,2735.0,109913.0,18428.0,64053.0,,,,,,,
2022-06-12,264109.0,3178.0,95201.5,15701.0,58277.0,,,,,,,
2022-06-13,287193.0,3621.0,80490.0,12974.0,52501.0,,,,,,,
2022-06-14,256173.0,4258.0,100635.5,12606.5,67866.0,,,,,,,
2022-06-15,225153.0,4895.0,120781.0,12239.0,83231.0,,,,,,,
2022-06-16,251553.3333,4141.666667,127087.6667,9863.0,73257.0,,,,,,,
2022-06-17,277953.6667,3388.333333,133394.3333,7487.0,63283.0,,,,,,,
2022-06-18,304354.0,2635.0,139701.0,5111.0,53309.0,,,,,,,
2022-06-19,302062.0,4885.0,109498.5,6468.0,62594.0,,,,,,,
2022-06-20,299770.0,7135.0,79296.0,7825.0,71879.0,,,,,,,
2022-06-21,278266.5,6269.5,98856.5,8458.0,79258.5,,,,,,,
2022-06-22,256763.0,5404.0,118417.0,9091.0,86638.0,,,,,,,
2022-06-23,295213.0,4569.333333,120516.1667,7818.666667,81448.0,,,,,,,
2022-06-24,333663.0,3734.666667,122615.3333,6546.333333,76258.0,,,,,,,
2022-06-25,372113.0,2900.0,124714.5,5274.0,71068.0,,,,,,,
2022-06-26,394579.0,3175.0,127863.25,7322.75,67809.5,,,,,,,
2022-06-27,417045.0,3450.0,131012.0,9371.5,64551.0,,,,,,,
2022-06-28,396251.5,5552.5,188808.0,11420.25,77601.5,,,,,,,
2022-06-29,375458.0,7655.0,246604.0,13469.0,90652.0,,,,,,,
2022-06-30,392677.0,10064.33333,222180.6667,15002.33333,82421.0,,,,,,,
2022-07-01,409896.0,12473.66667,197757.3333,16535.66667,74190.0,,,,,,,
2022-07-02,427115.0,14883.0,173334.0,18069.0,65959.0,,,,,,,
2022-07-03,448506.5,12043.0,185517.5,23838.5,89889.0,,,,,,,
2022-07-04,469898.0,9203.0,197701.0,29608.0,113819.0,,,,,,,
2022-07-05,535754.0,8124.5,230407.5,15053.0,118082.5,,,,,,,
2022-07-06,601610.0,7046.0,263114.0,498.0,122346.0,,,,,,,
2022-07-07,525687.0,5563.333333,230603.6667,437.3333333,108345.6667,,,,,,,
2022-07-08,449764.0,4080.666667,198093.3333,376.6666667,94345.33333,,,,,,,
2022-07-09,373841.0,2598.0,165583.0,316.0,80345.0,,,,,,,
2022-07-10,409476.5,4247.5,174202.5,8823.5,93220.5,,,,,,,
2022-07-11,445112.0,5897.0,182822.0,17331.0,106096.0,,,,,,,
2022-07-12,455014.5,5233.5,161141.5,14554.0,100080.0,,,,,,,
2022-07-13,464917.0,4570.0,139461.0,11777.0,94064.0,,,,,,,
2022-07-14,427050.6667,4919.333333,130802.3333,12148.33333,82308.33333,,,,,,,
2022-07-15,389184.3333,5268.666667,122143.6667,12519.66667,70552.66667,,,,,,,
2022-07-16,351318.0,5618.0,113485.0,12891.0,58797.0,,,,,,,
2022-07-17,331456.0,5763.0,106039.5,13304.0,71730.0,,,,,,,
2022-07-18,311594.0,5908.0,98594.0,13717.0,84663.0,,,,,,,
2022-07-19,353048.0,5577.5,106769.0,15009.5,90804.0,,,,,,,
2022-07-20,394502.0,5247.0,114944.0,16302.0,96945.0,,,,,,,
2022-07-21,360710.0,4900.0,135373.0,11459.66667,97477.0,,,,,,,
2022-07-22,326918.0,4553.0,155802.0,6617.333333,98009.0,,,,,,,
2022-07-23,293126.0,4206.0,176231.0,1775.0,98541.0,,,,,,,
2022-07-24,448520.5,6203.5,170461.0,5016.25,87982.0,,,,,,,
2022-07-25,603915.0,8201.0,164691.0,8257.5,77423.0,,,,,,,
2022-07-26,502615.0,8498.0,177144.5,11498.75,75352.5,,,,,,,
2022-07-27,401315.0,8795.0,189598.0,14740.0,73282.0,,,,,,,
2022-07-28,381925.0,7434.0,152098.0,11400.33333,63176.33333,,,,,,,
2022-07-29,362535.0,6073.0,114598.0,8060.666667,53070.66667,,,,,,,
2022-07-30,343145.0,4712.0,77098.0,4721.0,42965.0,,,,,,,
2022-07-31,341179.5,7212.5,78877.5,8302.5,50913.5,,,,,,,
2022-08-01,339214.0,9713.0,80657.0,11884.0,58862.0,,,,,,,
2022-08-02,358248.0,7200.5,122481.5,6084.5,65112.5,,,,,,,
2022-08-03,377282.0,4688.0,164306.0,285.0,71363.0,,,,,,,
2022-08-04,352477.3333,4539.333333,151386.0,385.0,64809.66667,,,,,,,
2022-08-05,327672.6667,4390.666667,138466.0,485.0,58256.33333,,,,,,,
2022-08-06,302868.0,4242.0,125546.0,585.0,51703.0,,,,,,,
2022-08-07,308912.0,4991.0,125164.5,958.5,53984.5,,,,,,,
2022-08-08,314956.0,5740.0,124783.0,1332.0,56266.0,,,,,,,
2022-08-09,295657.5,6378.5,104322.0,6080.5,60332.5,,,,,,,
2022-08-10,276359.0,7017.0,83861.0,10829.0,64399.0,,,,,,,
2022-08-11,297487.3333,5806.333333,77680.0,8599.333333,56930.33333,,,,,,,
2022-08-12,318615.6667,4595.666667,71499.0,6369.666667,49461.66667,,,,,,,
2022-08-13,339744.0,3385.0,65318.0,4140.0,41993.0,,,,,,,
2022-08-14,316146.0,3445.0,90578.0,4812.0,44186.5,,,,,,,
2022-08-15,292548.0,3505.0,115838.0,5484.0,46380.0,,,,,,,
2022-08-16,270681.5,3822.5,87652.5,3492.0,48029.0,,,,,,,
2022-08-17,248815.0,4140.0,59467.0,1500.0,49678.0,,,,,,,
2022-08-18,266403.0,3709.0,65348.0,1171.666667,46805.0,,,,,,,
2022-08-19,283991.0,3278.0,71229.0,843.3333333,43932.0,,,,,,,
2022-08-20,301579.0,2847.0,77110.0,515.0,41059.0,,,,,,,
2022-08-21,259718.5,3398.0,74312.5,463.5,42631.0,,,,,,,
2022-08-22,217858.0,3949.0,71515.0,412.0,44203.0,,,,,,,
2022-08-23,246622.0,3724.5,92575.0,360.5,54144.0,,,,,,,
2022-08-24,275386.0,3500.0,113635.0,309.0,64085.0,,,,,,,
2022-08-25,262390.3333,3202.0,98443.33333,343.3333333,60823.33333,,,,,,,
2022-08-26,249394.6667,2904.0,83251.66667,377.6666667,57561.66667,,,,,,,
2022-08-27,236399.0,2606.0,68060.0,412.0,54300.0,,,,,,,
2022-08-28,228301.0,3310.0,79346.5,326.5,52421.5,,,,,,,
2022-08-29,220203.0,4014.0,90633.0,241.0,50543.0,,,,,,,
2022-08-30,172443.0,3466.5,167165.0,254.0,53698.0,,,,,,,
2022-08-31,124683.0,2919.0,243697.0,267.0,56853.0,,,,,,,
2022-09-01,169811.6667,3904.333333,193637.0,2699.333333,54286.33333,,,,,,,
2022-09-02,214940.3333,4889.666667,143577.0,5131.666667,51719.66667,,,,,,,
2022-09-03,260069.0,5875.0,93517.0,7564.0,49153.0,,,,,,,
2022-09-04,259522.0,4619.0,79318.0,7829.0,54954.5,,,,,,,
2022-09-05,258975.0,3363.0,65119.0,8094.0,60756.0,,,,,,,
2022-09-06,233173.5,2823.5,60062.5,6819.5,55469.0,,,,,,,
2022-09-07,207372.0,2284.0,55006.0,5545.0,50182.0,,,,,,,
2022-09-08,213399.6667,2428.0,61272.0,3819.666667,50091.66667,,,,,,,
2022-09-09,219427.3333,2572.0,67538.0,2094.333333,50001.33333,,,,,,,
2022-09-10,225455.0,2716.0,73804.0,369.0,49911.0,,,,,,,
2022-09-11,182458.0,2950.0,53478.5,407.5,39542.5,,,,,,,
2022-09-12,139461.0,3184.0,33153.0,446.0,29174.0,,,,,,,
2022-09-13,189976.5,4274.0,59956.0,1239.0,44025.0,,,,,,,
2022-09-14,240492.0,5364.0,86759.0,2032.0,58876.0,,,,,,,
2022-09-15,233376.0,4023.0,84095.33333,1597.0,59012.0,,,,,,,
2022-09-16,226260.0,2682.0,81431.66667,1162.0,59148.0,,,,,,,
2022-09-17,219144.0,1341.0,78768.0,727.0,59284.0,,,,,,,
2022-09-18,238806.5,2588.0,71518.5,641.5,56011.5,34811.0,,,,,,
2022-09-19,258469.0,3835.0,64269.0,556.0,52739.0,26977.0,,,,,,
2022-09-20,177897.0,2973.5,62199.0,2771.5,47083.5,25723.714285714286,,7635.0,,,,
2022-09-21,97325.0,2112.0,60129.0,4987.0,41428.0,24470.428571428572,,5582.0,,,,
2022-09-22,111437.0,2722.333333,61335.0,5630.0,41774.66667,23217.14285714286,,4514.0,,,,
2022-09-23,125549.0,3332.666667,62541.0,6273.0,42121.33333,21963.857142857145,,5121.6,,,,
2022-09-24,139661.0,3943.0,63747.0,6916.0,42468.0,20710.571428571428,,5729.2,,,,
2022-09-25,213637.5,5325.5,71629.0,9472.0,44443.0,19457.285714285714,,6336.8,12737.0,7379.0,,
2022-09-26,287614.0,6708.0,79511.0,12028.0,46418.0,18204.0,,6944.4,13490.0,9556.5,,
2022-09-27,253251.5,8364.5,82982.5,6254.0,40704.5,32259.999999999996,,7552.0,14243.0,11734.0,,
2022-09-28,218889.0,10021.0,86454.0,480.0,34991.0,23581.0,,7166.571428571428,16331.0,12485.57142857143,,
2022-09-29,230628.3333,7985.0,89455.0,3091.666667,41449.0,23086.25,,6781.142857142857,18419.0,13237.142857142857,,
2022-09-30,242367.6667,5949.0,92456.0,5703.333333,47907.0,22591.5,,6395.714285714286,17496.5,13988.714285714286,,
2022-10-01,254107.0,3913.0,95457.0,8315.0,54365.0,22096.75,,6010.285714285714,16574.0,14740.285714285714,,
2022-10-02,225331.5,5654.0,97902.0,10465.0,49064.0,21602.0,,5624.857142857143,15651.5,15491.857142857143,,
2022-10-03,196556.0,7395.0,100347.0,12615.0,43763.0,26388.0,,5239.428571428572,14729.0,16243.428571428572,,
2022-10-04,205637.0,4890.0,95836.0,10423.5,46926.0,18213.0,,4854.0,16234.000000000002,16995.0,,
2022-10-05,214718.0,2385.0,91325.0,8232.0,50089.0,18233.8,,4212.0,13034.5,14084.5,,
2022-10-06,188182.6667,2673.666667,76596.0,7815.333333,45244.66667,18254.6,,3975.0,9835.0,11174.0,,
2022-10-07,161647.3333,2962.333333,61867.0,7398.666667,40400.33333,18275.4,,4141.2,9819.5,9872.333333333334,,
2022-10-08,135112.0,3251.0,47138.0,6982.0,35556.0,18296.2,,4307.4,9804.0,8570.666666666666,,
2022-10-09,172706.5,2622.0,51554.0,8509.0,38481.0,18317.0,,4473.6,9788.5,7269.0,,
2022-10-10,210301.0,1993.0,55970.0,10036.0,41406.0,11935.0,,4639.8,9773.0,6078.0,,
2022-10-11,164222.5,2212.0,59738.5,7036.5,50273.5,18961.0,,4806.0,10971.0,4887.0,,
2022-10-12,118144.0,2431.0,63507.0,4037.0,59141.0,18781.8,,1748.0,13578.5,5768.5,,
2022-10-13,149728.6667,2444.333333,64983.33333,5033.333333,58528.33333,18602.6,,1321.0,16186.0,6650.0,,
2022-10-14,181313.3333,2457.666667,66459.66667,6029.666667,57915.66667,18423.4,,1977.8,14139.5,5967.666666666667,,
2022-10-15,212898.0,2471.0,67936.0,7026.0,57303.0,18244.2,,2634.6,12093.0,5285.333333333333,,
2022-10-16,204552.5,2887.5,56749.5,7034.5,48588.0,18065.0,,3291.3999999999996,10046.5,4603.0,,
2022-10-17,196207.0,3304.0,45563.0,7043.0,39873.0,31668.0,,3948.2,8000.0,5183.0,,
2022-10-18,185470.0,4510.0,51998.5,5045.5,43165.5,19708.0,,4605.0,11018.0,5763.0,,
2022-10-19,174733.0,5716.0,58434.0,3048.0,46458.0,19289.2,,4496.0,10345.0,6292.0,,
2022-10-20,164917.6667,4510.0,62074.66667,3950.666667,40993.0,18870.4,,5779.0,9672.0,6821.0,,
2022-10-21,155102.3333,3304.0,65715.33333,4853.333333,35528.0,18451.6,,5130.2,9119.75,6343.333333333333,,
2022-10-22,145287.0,2098.0,69356.0,5756.0,30063.0,18032.8,,4481.4,8567.5,5865.666666666667,,
2022-10-23,192966.0,2271.0,64121.0,5337.0,32940.5,17614.0,,3832.6000000000004,8015.25,5388.0,,
2022-10-24,240645.0,2444.0,58886.0,4918.0,35818.0,18990.0,,3183.8,7463.0,7003.0,,
2022-10-25,200840.5,2594.5,48446.0,4711.0,41665.5,17362.0,,2535.0,12379.0,8618.0,,
2022-10-26,161036.0,2745.0,48477.0,4504.0,47513.0,19309.6,,2694.0,10485.5,5879.5,,
2022-10-27,175440.6667,2309.333333,41948.66667,4720.666667,47588.66667,21257.2,,3313.0,8592.0,3141.0,,
2022-10-28,189845.3333,1873.666667,35420.33333,4937.333333,47664.33333,23204.8,,3098.0,8656.75,3849.0,,
2022-10-29,204250.0,1438.0,28892.0,5154.0,47740.0,25152.4,,2883.0,8721.5,4557.0,,
2022-10-30,225700.5,1924.0,41735.5,5414.5,45230.0,27100.0,,2668.0,8786.25,5265.0,,
2022-10-31,247151.0,2410.0,54579.0,5675.0,42720.0,18844.0,10743.0,2453.0,8851.0,6873.5,,
2022-11-01,174789.5,2927.5,70612.5,4885.0,40179.0,16813.0,13709.0,2238.0,9023.0,8482.0,,
2022-11-02,102428.0,3445.0,86646.0,4095.0,37638.0,14782.0,13462.333333333334,2907.0,11286.5,7939.0,,
2022-11-03,162758.3333,3354.666667,87363.66667,6164.666667,38540.33333,14265.25,13215.666666666666,2661.8333333333335,13550.0,7396.0,,
2022-11-04,223088.6667,3264.333333,88081.33333,8234.333333,39442.66667,13748.5,12969.0,2416.6666666666665,12462.25,7243.333333333333,,
2022-11-05,283419.0,3174.0,88799.0,10304.0,40345.0,13231.75,12722.333333333334,2171.5,11374.5,7090.666666666667,,
2022-11-06,248368.0,2281.0,99558.5,9999.0,32612.0,12715.0,12475.666666666666,1926.3333333333335,10286.75,6938.0,,
2022-11-07,213317.0,1388.0,110318.0,9694.0,24879.0,10593.0,12229.0,1681.1666666666667,9199.0,6454.0,,
2022-11-08,207148.5,3102.0,103754.0,7526.5,37756.5,8471.0,7665.0,1436.0,7369.0,5970.0,,
2022-11-09,200980.0,4816.0,97190.0,5359.0,50634.0,10637.6,11942.0,1263.0,10715.5,6049.0,,
2022-11-10,254252.6667,5061.333333,89371.0,6114.333333,48127.66667,12804.2,13422.4,3001.0,14062.0,6128.0,,
2022-11-11,307525.3333,5306.666667,81552.0,6869.666667,45621.33333,14970.8,14902.8,4301.6,13023.75,5751.0,,
2022-11-12,360798.0,5552.0,73733.0,7625.0,43115.0,17137.4,16383.2,5602.2,11985.5,5374.0,,
2022-11-13,337144.5,4574.5,63298.5,6152.0,47079.0,19304.0,17863.6,6902.799999999999,10947.25,4997.0,,
2022-11-14,313491.0,3597.0,52864.0,4679.0,51043.0,20879.0,19344.0,8203.4,9909.0,4983.5,,
2022-11-15,281451.0,5283.0,64283.0,9062.5,52096.0,21447.0,11336.0,9504.0,17964.0,4970.0,,
2022-11-16,249411.0,6969.0,75702.0,13446.0,53149.0,21174.2,15565.0,4674.0,16522.5,6534.0,,
2022-11-17,254036.0,5528.0,64318.66667,13545.66667,52266.66667,20901.4,15780.0,5100.0,15081.0,8098.000000000001,,
2022-11-18,258661.0,4087.0,52935.33333,13645.33333,51384.33333,20628.6,15995.0,5065.8,13583.5,9486.333333333334,,
2022-11-19,263286.0,2646.0,41552.0,13745.0,50502.0,20355.8,16210.0,5031.6,12086.0,10874.666666666668,,
2022-11-20,266056.0,5118.0,80209.5,11696.5,61293.0,20083.0,16425.0,4997.4,10588.5,12263.0,,
2022-11-21,268826.0,7590.0,118867.0,9648.0,72084.0,40484.0,16640.0,4963.2,9091.0,8237.5,,
2022-11-22,248511.5,7384.0,83562.0,8767.0,66214.5,27993.0,16383.0,4929.0,20201.0,4212.0,,
2022-11-23,228197.0,7178.0,48257.0,7886.0,60345.0,24523.4,20344.0,4490.0,20100.5,7194.5,,
2022-11-24,281217.0,6889.0,82693.0,9223.666667,56404.33333,21053.8,17570.2,5239.0,20000.0,10177.0,,
2022-11-25,334237.0,6600.0,117129.0,10561.33333,52463.66667,17584.2,14796.4,5015.4,16416.25,8500.666666666666,,
2022-11-26,387257.0,6311.0,151565.0,11899.0,48523.0,14114.6,12022.599999999999,4791.8,12832.5,6824.333333333334,,
2022-11-27,281314.0,4776.0,95165.5,10785.0,37441.5,10645.0,9248.8,4568.2,9248.75,5148.0,,
2022-11-28,175371.0,3241.0,38766.0,9671.0,26360.0,28740.0,6475.0,4344.6,5665.0,5181.5,1956.0,
2022-11-29,192554.5,3121.0,62251.5,12326.5,36343.5,16444.0,10715.0,4121.0,14737.0,5215.0,2250.0,
2022-11-30,209738.0,3001.0,85737.0,14982.0,46327.0,19161.2,16129.999999999998,6669.0,11892.5,9231.0,4464.0,
2022-12-01,229854.6667,3996.666667,94676.33333,13407.33333,52010.0,21878.4,15360.199999999999,6580.0,9048.0,13247.0,4306.4,
2022-12-02,249971.3333,4992.333333,103615.6667,11832.66667,57693.0,24595.6,14590.4,5829.0,9416.75,12841.333333333334,4148.8,
2022-12-03,270088.0,5988.0,112555.0,10258.0,63376.0,27312.8,13820.599999999999,5078.0,9785.5,12435.666666666666,3991.2,
2022-12-04,304387.5,4519.0,126599.0,14633.0,65290.0,30030.0,13050.8,4327.0,10154.25,12030.0,3833.6,
2022-12-05,338687.0,3050.0,140643.0,19008.0,67204.0,41302.0,12281.0,3576.0,10523.0,12640.0,3676.0,
2022-12-06,328894.0,2741.0,118696.0,16559.0,58799.0,53702.0,15052.0,2825.0,12146.0,13250.0,4166.0,
2022-12-07,319101.0,2432.0,96749.0,14110.0,50394.0,53249.916666666664,15621.0,5362.0,11645.0,11957.0,5770.0,
2022-12-08,300680.3333,2651.666667,104896.3333,15768.33333,49597.33333,52797.833333333336,16605.0,6229.0,11144.0,10664.0,5235.833333333333,
2022-12-09,282259.6667,2871.333333,113043.6667,17426.66667,48800.66667,52345.75,17589.0,5627.8,10900.0,11238.8,4701.666666666667,
2022-12-10,263839.0,3091.0,121191.0,19085.0,48004.0,51893.666666666664,18573.0,5026.6,10656.0,11813.6,4167.5,
2022-12-11,255415.5,4619.5,108989.0,14404.5,49836.0,51441.583333333336,19557.0,4425.4,10412.0,12388.4,3633.3333333333335,
2022-12-12,246992.0,6148.0,96787.0,9724.0,51668.0,50989.5,20541.0,3824.2,10168.0,12963.2,3099.166666666667,
2022-12-13,235235.5,4917.0,106664.0,10526.5,61469.5,50537.416666666664,21525.0,3223.0,10250.0,13538.0,2565.0,
2022-12-14,223479.0,3686.0,116541.0,11329.0,71271.0,50085.333333333336,26288.0,8413.0,13709.0,12082.0,5321.0,
2022-12-15,277921.0,4760.333333,119018.3333,11695.33333,78580.66667,49633.25,23708.4,8822.0,17168.0,10626.0,2560.0,
2022-12-16,332363.0,5834.666667,121495.6667,12061.66667,85890.33333,49181.166666666664,21128.8,9857.2,16631.333333333332,9170.0,2968.25,
2022-12-17,386805.0,6909.0,123973.0,12428.0,93200.0,48729.083333333336,18549.2,10892.4,16094.666666666666,10886.0,3376.5,
2022-12-18,422775.0,6797.0,134574.5,12137.0,87529.5,48277.0,15969.6,11927.6,15558.0,12602.0,3784.75,
2022-12-19,458745.0,6685.0,145176.0,11846.0,81859.0,43824.5,13390.0,12962.8,16917.0,11040.0,4193.0,
2022-12-20,322912.5,5135.0,109316.5,11555.0,62012.0,39372.0,20435.0,13998.0,18276.0,9478.0,3664.0,
2022-12-21,187080.0,3585.0,73457.0,11264.0,42165.0,34919.5,24264.0,5744.0,13278.0,11012.0,4926.0,
2022-12-22,192474.0,3412.0,77623.0,11873.33333,40826.33333,30467.0,23969.2,3555.0,8280.0,12546.0,4529.0,
2022-12-23,197868.0,3239.0,81789.0,12482.66667,39487.66667,26014.5,23674.4,3678.2,7815.0,9373.666666666666,4132.0,
2022-12-24,203262.0,3066.0,85955.0,13092.0,38149.0,21562.0,23379.6,3801.4,7350.0,6201.333333333333,3735.0,
2022-12-25,196432.5,4045.0,94203.0,14758.0,55576.5,17109.5,23084.8,3924.6,6885.0,3029.0,3338.0,
2022-12-26,189603.0,5024.0,102451.0,16424.0,73004.0,12657.0,22790.0,4047.8,6420.0,3884.0,2941.0,
2022-12-27,184810.5,6128.0,194491.5,19703.0,65558.0,38176.0,12128.0,4171.0,5775.0,4739.0,1682.0,
2022-12-28,180018.0,7232.0,286532.0,22982.0,58112.0,35379.8,9590.0,5585.0,11705.0,6349.0,3442.0,
2022-12-29,224145.6667,6238.333333,252731.3333,22553.33333,58621.66667,32583.6,12613.4,14896.0,17635.0,7959.0,3456.6,
2022-12-30,268273.3333,5244.666667,218930.6667,22124.66667,59131.33333,29787.4,15636.8,14064.0,15425.0,9047.666666666666,3471.2,
2022-12-31,312401.0,4251.0,185130.0,21696.0,59641.0,26991.2,18660.2,13232.0,13215.0,10136.333333333334,3485.8,
2023-01-01,288481.5,5720.5,155257.5,20100.5,56003.5,24195.0,21683.6,12400.0,11005.0,11225.0,3500.4,
2023-01-02,264562.0,7190.0,125385.0,18505.0,52366.0,28321.0,24707.0,11568.0,8795.0,10802.5,3515.0,
2023-01-03,287394.5,5474.0,122905.5,14005.5,53512.5,32447.000000000004,20445.0,10736.0,12405.0,10380.0,1871.0,
2023-01-04,310227.0,3758.0,120426.0,9506.0,54659.0,30329.000000000004,19304.0,8048.999999999999,11853.5,11515.0,3034.0,
2023-01-05,267992.6667,3729.666667,112332.6667,8961.0,51792.0,28211.000000000004,17579.0,8969.0,11302.0,12650.0,2583.2,
2023-01-06,225758.3333,3701.333333,104239.3333,8416.0,48925.0,26093.0,15854.0,8231.2,10176.5,9672.666666666666,2132.4,
2023-01-07,183524.0,3673.0,96146.0,7871.0,46058.0,23975.0,14129.0,7493.4,9051.0,6695.333333333333,1681.6,
2023-01-08,199023.0,3588.5,86017.0,6621.0,42689.0,21857.0,12404.0,6755.6,7925.5,3718.0,1230.8,
2023-01-09,214522.0,3504.0,75888.0,5371.0,39320.0,19739.0,10679.0,6017.8,6800.0,4782.5,780.0,
2023-01-10,212355.0,3457.5,71809.0,5615.0,36768.5,18096.0,14673.0,5280.0,9819.0,5847.0,3135.0,
2023-01-11,210188.0,3411.0,67730.0,5859.0,34217.0,16555.8,17713.0,7409.0,10164.0,5549.5,1541.0,
2023-01-12,198738.0,3543.666667,76671.0,6938.333333,34707.66667,15015.6,15866.6,6072.0,10509.0,5252.0,1441.8,
2023-01-13,187288.0,3676.333333,85612.0,8017.666667,35198.33333,13475.4,14020.2,5930.8,9047.75,4908.333333333333,1342.6,
2023-01-14,175838.0,3809.0,94553.0,9097.0,35689.0,11935.2,12173.8,5789.6,7586.5,4564.666666666667,1243.4,
2023-01-15,191526.0,3236.0,108099.0,13544.5,30784.5,10395.0,10327.4,5648.4,6125.25,4221.0,1144.2,
2023-01-16,207214.0,2663.0,121645.0,17992.0,25880.0,17136.0,8481.0,5507.2,4664.0,4916.0,1045.0,
2023-01-17,165084.0,2641.5,110022.0,13471.5,30375.5,19738.0,12756.0,5366.0,7983.0,5611.0,3511.0,
2023-01-18,122954.0,2620.0,98399.0,8951.0,34871.0,20879.2,9866.0,1470.0,7629.0,6026.5,776.0,
2023-01-19,104779.3333,1900.0,89946.33333,8306.333333,33542.0,22020.4,9913.0,928.0,7275.0,6442.0,721.0,
2023-01-20,86604.66667,1180.0,81493.66667,7661.666667,32213.0,23161.6,9960.0,1308.5,6354.5,5888.0,666.0,
2023-01-21,68430.0,460.0,73041.0,7017.0,30884.0,24302.8,10007.0,1689.0,5434.0,5334.0,611.0,
2023-01-22,133585.0,2174.0,59900.5,7203.5,32067.5,25444.0,10054.0,2069.5,4513.5,4780.0,556.0,
2023-01-23,198740.0,3888.0,46760.0,7390.0,33251.0,34246.0,10101.0,2450.0,3593.0,6528.0,501.0,
2023-01-24,171244.5,3399.5,49271.0,7875.5,30396.5,28645.0,14680.0,2806.0,9858.0,8276.0,869.0,
2023-01-25,143749.0,2911.0,51782.0,8361.0,27542.0,30709.666666666668,10472.0,3009.0,9442.0,10824.5,1121.0,
2023-01-26,176706.0,3086.666667,74706.66667,8524.0,35840.33333,32774.333333333336,11312.4,3544.8333333333335,9026.0,13373.0,1107.2,
2023-01-27,209663.0,3262.333333,97631.33333,8687.0,44138.66667,34839.0,12152.8,4080.666666666667,9112.25,13373.0,1093.4,
2023-01-28,242620.0,3438.0,120556.0,8850.0,52437.0,36903.666666666664,12993.2,4616.5,9198.5,13373.0,1079.6,
2023-01-29,261808.5,7163.5,133820.0,15215.5,62574.5,38968.33333333333,13833.6,5152.333333333334,9284.75,13373.0,1065.8,
2023-01-30,280997.0,10889.0,147084.0,21581.0,72712.0,41033.0,14674.0,5688.166666666667,9371.0,14708.0,1052.0,
2023-01-31,230677.0,8505.0,112717.5,18070.5,60600.5,31599.0,19466.0,6224.0,13610.0,16043.0,2784.0,
2023-02-01,180357.0,6121.0,78351.0,14560.0,48489.0,31423.8,15856.0,5630.0,11122.0,13291.0,2138.0,
2023-02-02,183919.3333,6190.333333,80067.0,12497.66667,43553.66667,31248.6,17290.0,6173.0,8634.0,10539.0,2247.4,
2023-02-03,187481.6667,6259.666667,81783.0,10435.33333,38618.33333,31073.4,18724.0,6350.4,8933.25,11484.333333333334,2356.8,
2023-02-04,191044.0,6329.0,83499.0,8373.0,33683.0,30898.2,20158.0,6527.8,9232.5,12429.666666666666,2466.2,
2023-02-05,207555.5,9573.0,96136.5,9597.5,44112.0,30723.0,21592.0,6705.2,9531.75,13375.0,2575.6,
2023-02-06,224067.0,12817.0,108774.0,10822.0,54541.0,37395.0,23026.0,6882.6,9831.0,11538.5,2685.0,
2023-02-07,187864.5,7814.0,90670.5,8852.0,41144.0,55519.0,18135.0,7060.0,9087.666666666666,9702.0,2520.0,
2023-02-08,151662.0,2811.0,72567.0,6882.0,27747.0,50506.8,16567.0,9277.0,8344.333333333334,7821.0,1944.0,
2023-02-09,171037.0,3781.333333,80023.0,9673.0,27716.66667,45494.6,17635.0,5337.0,7601.0,5940.0,1836.8,
2023-02-10,190412.0,4751.666667,87479.0,12464.0,27686.33333,40482.4,18703.0,5199.8,7263.25,5912.333333333333,1729.6,
2023-02-11,209787.0,5722.0,94935.0,15255.0,27656.0,35470.2,19771.0,5062.6,6925.5,5884.666666666667,1622.4,
2023-02-12,200370.0,6476.0,99911.5,13121.5,27379.0,30458.0,20839.0,4925.4,6587.75,5857.0,1515.2,
2023-02-13,190953.0,7230.0,104888.0,10988.0,27102.0,28490.0,21907.0,4788.2,6250.0,7913.0,1408.0,
2023-02-14,141338.5,5085.0,66202.0,8756.0,26034.5,18929.0,15558.0,4651.0,12142.0,9969.0,1220.0,
2023-02-15,91724.0,2940.0,27516.0,6524.0,24967.0,23119.0,11341.0,3968.0,12202.666666666666,7811.0,452.0,
2023-02-16,116845.0,3172.333333,43669.33333,9676.666667,30106.66667,27309.0,13611.0,3285.0,12263.333333333334,5653.0,687.8,
2023-02-17,141966.0,3404.666667,59822.66667,12829.33333,35246.33333,31499.0,15881.0,3301.75,12324.0,6592.333333333333,923.6,
2023-02-18,167087.0,3637.0,75976.0,15982.0,40386.0,35689.0,18151.0,3318.5,12384.666666666666,7531.666666666667,1159.4,
2023-02-19,180378.5,3896.0,95147.0,16187.5,31882.0,39879.0,20421.0,3335.25,12445.333333333334,8471.0,1395.2,
2023-02-20,193670.0,4155.0,114318.0,16393.0,23378.0,39659.0,22691.0,3352.0,12506.0,8431.5,1631.0,
2023-02-21,176181.5,3608.5,86261.0,15510.5,25009.0,39439.0,13000.0,6030.5,10737.0,8392.0,2425.0,
2023-02-22,158693.0,3062.0,58204.0,14628.0,26640.0,35513.0,14352.0,8709.0,11087.0,8192.0,2090.0,
2023-02-23,155213.0,2790.0,56387.66667,12836.33333,26578.66667,31587.0,13709.0,5573.0,11437.0,7992.0,1830.0,
2023-02-24,151733.0,2518.0,54571.33333,11044.66667,26517.33333,27661.0,13066.0,4947.0,11271.5,6834.333333333333,1570.0,
2023-02-25,148253.0,2246.0,52755.0,9253.0,26456.0,23735.0,12423.0,4321.0,11106.0,5676.666666666666,1310.0,
2023-02-26,163509.0,2481.5,55899.0,12140.5,25021.0,19809.0,11780.0,3695.0,10940.5,4519.0,1050.0,
2023-02-27,178765.0,2717.0,59043.0,15028.0,23586.0,19797.0,11137.0,3069.0,10775.0,3864.0,790.0,
2023-02-28,109754.0,2424.0,55419.5,10001.5,19907.5,15591.0,8637.0,2443.0,10924.0,3209.0,466.0,
2023-03-01,40743.0,2131.0,51796.0,4975.0,16229.0,14808.0,7743.0,2048.0,10108.5,4281.0,170.0,
2023-03-02,61012.33333,1749.666667,59852.66667,6099.666667,14670.66667,14025.0,7229.8,3665.0,9293.0,5353.0,223.6,
2023-03-03,81281.66667,1368.333333,67909.33333,7224.333333,13112.33333,13242.0,6716.6,3147.2,8058.75,4060.0,277.2,
2023-03-04,101551.0,987.0,75966.0,8349.0,11554.0,12459.0,6203.4,2629.4,6824.5,2767.0,330.8,
2023-03-05,85783.5,1221.0,50618.0,6172.0,11177.0,11676.0,5690.2,2111.6000000000004,5590.25,1474.0,384.4,
2023-03-06,70016.0,1455.0,25270.0,3995.0,10800.0,3907.0,5177.0,1593.8000000000002,4356.0,1324.0,438.0,
2023-03-07,108686.5,1936.0,45158.0,3590.5,13679.5,13442.0,6771.0,1076.0,2328.0,1174.0,1179.0,
2023-03-08,147357.0,2417.0,65046.0,3186.0,16559.0,17778.8,9924.0,3312.0,4755.5,2271.5,867.0,
2023-03-09,155105.0,2206.0,64446.0,4742.0,15716.66667,22115.6,10245.0,3133.0,7183.0,3369.0,987.2,
2023-03-10,162853.0,1995.0,63846.0,6298.0,14874.33333,26452.4,10566.0,3805.0,7902.5,3818.0,1107.4,
2023-03-11,170601.0,1784.0,63246.0,7854.0,14032.0,30789.2,10887.0,4477.0,8622.0,4267.0,1227.6,
2023-03-12,149146.5,2137.5,64842.0,6419.5,12068.5,35126.0,11208.0,5149.0,9341.5,4716.0,1347.8,
2023-03-13,127692.0,2491.0,66438.0,4985.0,10105.0,21670.0,11529.0,5821.0,10061.0,4181.5,1468.0,
2023-03-14,130079.0,2047.0,56862.5,4202.5,18987.5,8214.0,11850.0,6493.0,14256.0,3647.0,1124.0,
2023-03-15,132466.0,1603.0,47287.0,3420.0,27870.0,8769.0,12761.0,5571.0,10866.0,3337.0,1548.0,
2023-03-16,140517.6667,1546.666667,32404.66667,21281.66667,28102.0,9324.0,11982.0,1935.0,7476.0,3027.0,1471.6666666666667,
2023-03-17,148569.3333,1490.333333,17522.33333,39143.33333,28334.0,9879.0,11015.25,1910.6,6818.5,3129.6666666666665,1395.3333333333333,
2023-03-18,156621.0,1434.0,2640.0,57005.0,28566.0,10434.0,10048.5,1886.2,6161.0,3232.3333333333335,1319.0,
2023-03-19,110215.0,2876.5,28786.0,29885.0,28566.0,10989.0,9081.75,1861.8,5503.5,3335.0,1242.6666666666667,
2023-03-20,63809.0,4319.0,54932.0,2765.0,28566.0,12181.0,8115.0,1837.4,4846.0,3274.5,1166.3333333333335,
2023-03-21,89869.0,3159.0,53998.5,2231.5,28914.0,11343.0,9012.0,1813.0,8528.0,3214.0,1090.0,
2023-03-22,115929.0,1999.0,53065.0,1698.0,29262.0,10505.0,12623.0,2918.0,9019.5,3133.0,1194.0,
2023-03-23,116926.6667,1685.0,55455.0,1386.666667,25393.0,9667.0,11008.0,2685.0,9511.0,3052.0,1301.0,
2023-03-24,117924.3333,1371.0,57845.0,1075.333333,19791.5,8829.0,9393.0,2310.6,8086.0,2478.6666666666665,1408.0,
2023-03-25,118922.0,1057.0,60235.0,764.0,14190.0,7991.0,7778.0,1936.2,6661.0,1905.3333333333333,1515.0,
2023-03-26,107303.5,910.0,55601.5,2105.5,16963.5,7153.0,6163.0,1561.8000000000002,5236.0,1332.0,1622.0,
2023-03-27,95685.0,763.0,50968.0,3447.0,19737.0,10745.0,4548.0,1187.4,3811.0,2033.5,1729.0,
2023-03-28,133743.0,1429.0,56437.5,2512.5,23939.5,13949.0,4360.0,813.0,6143.0,2735.0,845.0,
2023-03-29,171801.0,2095.0,61907.0,1578.0,28142.0,14791.8,9613.0,3211.0,9941.5,3731.0,1194.0,
2023-03-30,151749.0,2825.0,59340.66667,2886.0,29750.33333,15634.6,9055.8,3339.0,13740.0,4727.0,2073.8333333333335,
2023-03-31,131697.0,3555.0,56774.33333,4194.0,31358.66667,16477.4,8498.6,3479.8,12520.75,4158.333333333333,2953.666666666667,
2023-04-01,111645.0,4285.0,54208.0,5502.0,32967.0,17320.2,7941.4,3620.6,11301.5,3589.666666666667,3833.5,
2023-04-02,170110.0,3833.0,63935.5,7836.5,31855.0,18163.0,7384.2,3761.4,10082.25,3021.0,4713.333333333334,
2023-04-03,228575.0,3381.0,73663.0,10171.0,30743.0,13122.0,6827.0,3902.2,8863.0,6034.5,5593.166666666667,
2023-04-04,187823.0,4374.5,87778.5,5553.5,28334.0,12181.0,14580.0,4043.0,19658.0,9048.0,6473.0,
2023-04-05,147071.0,5368.0,101894.0,936.0,25925.0,12925.166666666666,9529.0,2058.0,15911.5,6085.5,2149.0,
2023-04-06,182324.6667,5521.0,97390.66667,3640.666667,26283.33333,13669.333333333334,9004.6,3041.0,12165.0,3123.0,1858.0,
2023-04-07,217578.3333,5674.0,92887.33333,6345.333333,26641.66667,14413.5,8480.2,2847.0,10756.0,4309.333333333333,1629.75,
2023-04-08,252832.0,5827.0,88384.0,9050.0,27000.0,15157.666666666666,7955.8,2653.0,9347.0,5495.666666666666,1401.5,
2023-04-09,239443.5,8125.5,106287.0,10613.5,31000.0,15901.833333333332,7431.4,2459.0,7938.0,6682.0,1173.25,
2023-04-10,226055.0,10424.0,124190.0,12177.0,35000.0,16646.0,6907.0,2265.0,6529.0,5585.0,945.0,
2023-04-11,187006.5,6934.5,96463.5,10838.5,30782.5,15049.0,11245.0,2071.0,8210.0,4488.0,968.0,
2023-04-12,147958.0,3445.0,68737.0,9500.0,26565.0,17392.0,13270.0,3870.0,5741.5,3464.5,999.0,
2023-04-13,131802.6667,3116.333333,58580.33333,8808.666667,15922.0,17208.666666666668,12181.4,2145.0,3273.0,2441.0,912.4,
2023-04-14,115647.3333,2787.666667,48423.66667,8117.333333,19015.0,17025.333333333336,11092.8,1995.8,3483.75,3083.0,825.8,
2023-04-15,99492.0,2459.0,38267.0,7426.0,22108.0,16842.0,10004.2,1846.6,3694.5,3725.0,739.2,
2023-04-16,127646.0,2589.5,61987.0,7785.0,26903.5,16658.666666666668,8915.6,1697.4,3905.25,4367.0,652.6,
2023-04-17,155800.0,2720.0,85707.0,8144.0,31699.0,16475.333333333336,7827.0,1548.2,4116.0,3779.5,566.0,
2023-04-18,166624.6667,2666.666667,90850.0,9384.333333,29482.66667,16292.000000000002,8086.0,1399.0,4905.0,3192.0,1400.0,
2023-04-19,177449.3333,2613.333333,95993.0,10624.66667,27266.33333,10459.0,9507.0,2230.0,4764.0,3277.0,1138.0,
2023-04-20,188274.0,2560.0,101136.0,11865.0,25050.0,10587.75,9516.6,2414.0,4623.0,3362.0,1016.4,
2023-04-21,159584.0,3470.0,91748.5,10577.5,24532.0,10716.5,9526.2,2580.8,4390.25,3158.6666666666665,894.8,
2023-04-22,130894.0,4380.0,82361.0,9290.0,24014.0,10845.25,9535.8,2747.6,4157.5,2955.3333333333335,773.2,
2023-04-23,127144.5,4928.0,99380.5,10388.0,21388.5,10974.0,9545.4,2914.4,3924.75,2752.0,651.6,
2023-04-24,123395.0,5476.0,116400.0,11486.0,18763.0,14307.0,9555.0,3081.2,3692.0,2691.5,530.0,
2023-04-25,119342.0,4875.333333,94457.66667,9226.333333,19551.0,20318.0,10004.0,3248.0,4250.0,2631.0,1682.0,
2023-04-26,115289.0,4274.666667,72515.33333,6966.666667,20339.0,19430.0,5480.0,2587.0,3360.5,3143.0,492.0,
2023-04-27,111236.0,3674.0,50573.0,4707.0,21127.0,18542.0,5774.0,2753.0,2471.0,3655.0,554.8,
2023-04-28,105090.5,3445.5,48966.5,6802.0,18605.0,17654.0,6068.0,2906.2,3175.5,4177.0,617.6,
2023-04-29,98945.0,3217.0,47360.0,8897.0,16083.0,16766.0,6362.0,3059.4,3880.0,4699.0,680.4,
2023-04-30,112499.5,2929.0,52517.5,7075.5,19027.0,15878.0,6656.0,3212.6,4584.5,5221.0,743.2,
2023-05-01,126054.0,2641.0,57675.0,5254.0,21971.0,17703.0,6950.0,3365.8,5289.0,3710.0,806.0,
2023-05-02,125178.3333,2498.333333,63173.33333,5745.666667,20577.66667,10164.0,4980.0,3519.0,2283.0,2199.0,593.0,
2023-05-03,124302.6667,2355.666667,68671.66667,6237.333333,19184.33333,10024.8,3070.0,1459.0,2151.5,2528.5,584.0,
2023-05-04,123427.0,2213.0,74170.0,6729.0,17791.0,9885.6,3528.2,3002.0,2020.0,2858.0,644.8,
2023-05-05,128796.0,2093.0,60296.5,7406.5,18679.5,9746.4,3986.4,2693.0,2233.0,2647.0,705.6,
2023-05-06,134165.0,1973.0,46423.0,8084.0,19568.0,9607.2,4444.6,2384.0,2446.0,2436.0,766.4,
2023-05-07,126131.0,1911.5,53962.0,6913.0,16184.0,9468.0,4902.8,2075.0,2659.0,2225.0,827.2,
2023-05-08,118097.0,1850.0,61501.0,5742.0,12800.0,14635.0,5361.0,1766.0,2872.0,2112.5,888.0,
2023-05-09,101223.0,1695.0,52680.0,4548.666667,14087.33333,10164.0,3424.0,1457.0,2876.0,2000.0,652.0,
2023-05-10,84349.0,1540.0,43859.0,3355.333333,15374.66667,9333.8,6887.0,1247.0,2105.5,1272.0,708.0,
2023-05-11,67475.0,1385.0,35038.0,2162.0,16662.0,8503.6,5849.0,1522.0,1335.0,544.0,686.0,
2023-05-12,66875.5,1176.0,35888.5,3225.0,15820.5,7673.4,4811.0,1538.8,1378.5,920.6666666666667,664.0,
2023-05-13,66276.0,967.0,36739.0,4288.0,14979.0,6843.2,3773.0,1555.6,1422.0,1297.3333333333335,642.0,
2023-05-14,67665.5,1334.5,38597.5,3771.0,17576.0,6013.0,2735.0,1572.4,1465.5,1674.0,620.0,
2023-05-15,69055.0,1702.0,40456.0,3254.0,20173.0,6396.0,1697.0,1589.2,1509.0,1828.5,598.0,
2023-05-16,68069.0,1474.0,42004.0,3254.5,20308.0,10212.0,2075.0,1606.0,3258.0,1983.0,526.0,
2023-05-17,67083.0,1246.0,43552.0,3255.0,20443.0,8691.0,1901.0,450.0,2353.0,1921.5,558.2857142857143,
2023-05-18,62734.33333,1415.333333,40319.33333,3175.0,18011.66667,7170.0,2063.8,637.0,1448.0,1860.0,590.5714285714286,
2023-05-19,58385.66667,1584.666667,37086.66667,3095.0,15580.33333,5649.0,2226.6,631.5,1351.5,1113.0,622.8571428571429,
2023-05-20,54037.0,1754.0,33854.0,3015.0,13149.0,4128.0,2389.4,626.0,1255.0,366.0,655.1428571428571,
2023-05-21,46024.0,2074.0,28908.5,2754.0,14079.0,2607.0,2552.2,620.5,1158.5,714.5,687.4285714285714,
2023-05-22,38011.0,2394.0,23963.0,2493.0,15009.0,5815.0,2715.0,615.0,1062.0,1063.0,719.7142857142858,
2023-05-23,43113.5,1437.5,25107.0,1699.5,13916.5,3380.0,1342.0,609.5,1239.0,1063.0,752.0,
2023-05-24,48216.0,481.0,26251.0,906.0,12824.0,3088.4,1678.0,604.0,1868.0,1063.0,366.0,
2023-05-25,59105.0,571.6666667,29645.0,1370.666667,12308.0,2796.8,1899.6,213.0,2497.0,998.75,490.0,
2023-05-26,69994.0,662.3333333,33039.0,1835.333333,11792.0,2505.2,2121.2,643.0,2343.75,934.5,378.75,
2023-05-27,80883.0,753.0,36433.0,2300.0,11276.0,2213.6,2342.8,736.5,2190.5,870.25,267.5,
2023-05-28,65514.0,822.5,41471.0,2684.5,13666.5,1922.0,2564.4,830.0,2037.25,806.0,156.25,
2023-05-29,50145.0,892.0,46509.0,3069.0,16057.0,10038.0,2786.0,923.4999999999999,1884.0,593.5,45.0,
2023-05-30,44849.5,729.5,42701.5,2677.0,14674.0,5217.0,4286.0,1016.9999999999999,1633.0,381.0,571.0,
2023-05-31,39554.0,567.0,38894.0,2285.0,13291.0,5348.8,2807.0,1446.0,1161.5,908.0,784.0,
2023-06-01,40317.66667,559.6666667,32003.66667,1776.0,11805.33333,5480.6,2762.4,1153.0,690.0,1435.0,658.4,
2023-06-02,41081.33333,552.3333333,25113.33333,1267.0,10319.66667,5612.4,2717.8,1057.8,867.0,1355.0,532.8,
2023-06-03,41845.0,545.0,18223.0,758.0,8834.0,5744.2,2673.2,962.6,1044.0,1275.0,407.20000000000005,
2023-06-04,37721.0,1098.5,24265.5,1550.0,10293.0,5876.0,2628.6,867.4,1221.0,1195.0,281.6,
2023-06-05,33597.0,1652.0,30308.0,2342.0,11752.0,8249.0,2584.0,772.2,1398.0,772.5,156.0,
2023-06-06,37907.5,1100.0,21353.5,1793.0,9978.5,4199.0,2757.0,677.0,2102.0,350.0,162.0,
2023-06-07,42218.0,548.0,12399.0,1244.0,8205.0,4168.2,2171.0,1144.0,2404.5,573.8,223.0,
2023-06-08,40771.33333,582.0,14335.0,1046.333333,8196.0,4137.4,2162.4,526.0,2707.0,797.6,258.6,
2023-06-09,39324.66667,616.0,16271.0,848.6666667,8187.0,4106.6,2153.8,511.6,2539.75,1021.4000000000001,294.2,
2023-06-10,37878.0,650.0,18207.0,651.0,8178.0,4075.8,2145.2,497.2,2372.5,1245.2,329.8,
2023-06-11,29136.0,830.0,19427.0,756.0,9350.0,4045.0,2136.6,482.8,2205.25,1469.0,365.4,664.0
2023-06-12,20394.0,1010.0,20647.0,861.0,10522.0,5717.0,2128.0,468.4,2037.9999999999998,1367.5,401.0,229.0
2023-06-13,25700.0,953.5,15675.5,937.0,8775.0,3651.0,1174.0,454.0,2126.0,1266.0,490.0,339.5
2023-06-14,31006.0,897.0,10704.0,1013.0,7028.0,3826.4,2134.0,404.0,1624.5,1256.0,465.0,450.0
2023-06-15,34151.0,826.0,15009.66667,1021.333333,8329.333333,4001.8,2154.0,157.0,1123.0,1246.0,493.0,533.5
2023-06-16,37296.0,755.0,19315.33333,1029.666667,9630.666667,4177.2,2174.0,314.6,1180.0,1203.3333333333333,521.0,617.0
2023-06-17,40441.0,684.0,23621.0,1038.0,10932.0,4352.6,2194.0,472.2,1237.0,1160.6666666666667,549.0,700.5
2023-06-18,38040.5,504.5,20456.5,1165.0,10305.5,4528.0,2214.0,629.8,1294.0,1118.0,577.0,784.0
2023-06-19,35640.0,325.0,17292.0,1292.0,9679.0,3346.0,2234.0,787.4,1351.0,1013.5,605.0,602.0
2023-06-20,33732.0,349.0,16787.5,1327.0,9421.0,6139.0,740.0,945.0,1274.0,909.0,187.0,564.0
2023-06-21,31824.0,373.0,16283.0,1362.0,9163.0,5796.2,3140.0,522.0,847.0,1172.5,185.0,526.0
2023-06-22,40590.66667,309.6666667,24532.0,1729.333333,9771.666667,5453.4,2927.8,1190.0,420.0,1436.0,216.6,577.5
2023-06-23,49357.33333,246.3333333,32781.0,2096.666667,10380.33333,5110.6,2715.6,1051.0,512.5,1211.3333333333333,248.2,629.0
2023-06-24,58124.0,183.0,41030.0,2464.0,10989.0,4767.8,2503.4,912.0,605.0,986.6666666666667,279.8,680.5
2023-06-25,50648.0,353.0,32826.0,2483.0,11358.0,4425.0,2291.2,773.0,697.5,762.0,311.4,732.0
2023-06-26,43172.0,523.0,24622.0,2502.0,11727.0,2552.0,2079.0,634.0,790.0,779.0,343.0,878.0
2023-06-27,42055.0,449.5,18757.5,1915.0,9877.0,679.0,3243.0,495.0,1370.0,796.0,472.0,884.0
2023-06-28,40938.0,376.0,12893.0,1328.0,8027.0,974.6666666666667,2363.0,692.5,1367.0,1214.0,258.0,890.0
2023-06-29,41361.33333,398.6666667,15236.33333,1218.0,7720.666667,1270.3333333333335,2253.8,890.0,1364.0,1632.0,245.2,743.25
2023-06-30,41784.66667,421.3333333,17579.66667,1108.0,7414.333333,1566.0,2144.6,911.0,1541.75,1255.3333333333333,232.4,596.5
2023-07-01,42208.0,444.0,19923.0,998.0,7108.0,1861.6666666666667,2035.4,932.0,1719.5,878.6666666666666,219.6,449.75
2023-07-02,30726.5,739.0,22224.5,1573.0,8592.0,2157.3333333333335,1926.2,953.0,1897.25,502.0,206.8,303.0
2023-07-03,19245.0,1034.0,24526.0,2148.0,10076.0,2453.0,1817.0,974.0,2075.0,719.5,194.0,184.0
2023-07-04,36676.0,711.5,21022.0,1468.5,9933.5,4667.0,990.0,995.0,665.0,937.0,265.0,213.66666666666666
2023-07-05,54107.0,389.0,17518.0,789.0,9791.0,4538.0,1106.5,281.0,704.5,993.5,428.0,243.33333333333334
2023-07-06,51086.33333,441.6666667,22275.66667,1211.0,10406.0,4701.2,1223.0,608.0,744.0,1050.0,393.8,273.0
2023-07-07,48065.66667,494.3333333,27033.33333,1633.0,11021.0,4864.4,1339.5,572.0,862.75,805.0,359.6,302.6666666666667
2023-07-08,45045.0,547.0,31791.0,2055.0,11636.0,5027.6,1456.0,536.0,981.5,560.0,325.4,332.33333333333337
2023-07-09,42573.0,1044.5,25852.5,2055.0,9887.5,5190.8,1572.5,500.0,1100.25,315.0,291.2,362.0
2023-07-10,40101.0,1542.0,19914.0,2055.0,8139.0,5354.0,1689.0,464.0,1219.0,389.5,257.0,818.0
2023-07-11,39218.0,1162.0,15432.5,1416.5,9547.0,5135.0,1475.0,428.0,1296.0,464.0,234.0,851.5
2023-07-12,38335.0,782.0,10951.0,778.0,10955.0,4444.0,1566.0,200.0,1040.5,325.0,203.0,885.0
2023-07-13,26923.33333,894.0,9094.333333,807.3333333,11472.66667,3919.0,1435.25,1066.0,785.0,186.0,261.0833333333333,804.5
2023-07-14,15511.66667,1006.0,7237.666667,836.6666667,11990.33333,3394.0,1304.5,959.2,662.25,272.57142857142856,319.1666666666667,724.0
2023-07-15,4100.0,1118.0,5381.0,866.0,12508.0,2869.0,1173.75,852.4,539.5,359.1428571428571,377.25,643.5
2023-07-16,16067.0,883.5,8934.0,866.0,8438.0,2344.0,1043.0,745.6,416.75,445.7142857142857,435.33333333333337,563.0
2023-07-17,28034.0,649.0,12487.0,866.0,4368.0,6115.0,2331.0,638.8,294.0,532.2857142857142,493.4166666666667,222.0
2023-07-18,27098.5,524.5,11324.0,712.0,4612.5,3015.0,1476.0,532.0,1495.0,618.8571428571429,551.5,633.0
2023-07-19,26163.0,400.0,10161.0,558.0,4857.0,3408.6,1662.3333333333333,264.0,1205.5,705.4285714285714,609.5833333333334,1044.0
2023-07-20,26021.33333,512.3333333,9714.0,898.0,4784.666667,3802.2,1848.6666666666667,206.0,916.0,792.0,667.6666666666667,945.5
2023-07-21,25879.66667,624.6666667,9267.0,1238.0,4712.333333,4195.8,2035.0,283.6,1056.75,1031.3333333333333,725.75,847.0
2023-07-22,25738.0,737.0,8820.0,1578.0,4640.0,4589.4,2221.3333333333335,361.2,1197.5,1270.6666666666667,783.8333333333334,748.5
2023-07-23,21614.0,968.0,15613.0,1955.0,6966.5,4983.0,2407.666666666667,438.79999999999995,1338.25,1510.0,841.9166666666667,650.0
2023-07-24,17490.0,1199.0,22406.0,2332.0,9293.0,4669.0,2594.0,516.4,1479.0,1342.5,900.0,403.0
2023-07-25,25524.5,795.0,20129.0,1593.0,9958.0,4270.0,1842.0,594.0,1388.0,1175.0,114.0,527.5
2023-07-26,33559.0,391.0,17852.0,854.0,10623.0,4426.0,2808.0,476.0,1056.0,1433.5,81.0,652.0
2023-07-27,36003.66667,462.3333333,17477.33333,912.6666667,9535.0,4582.0,2748.8,490.0,724.0,1692.0,100.8,590.75
2023-07-28,38448.33333,533.6666667,17102.66667,971.3333333,8447.0,4738.0,2689.6,514.8,891.75,1410.6666666666667,120.6,529.5
2023-07-29,40893.0,605.0,16728.0,1030.0,7359.0,4894.0,2630.4,539.6,1059.5,1129.3333333333335,140.4,468.25
2023-07-30,38090.0,734.5,21036.0,1098.0,7387.5,5050.0,2571.2,564.4,1227.25,848.0,160.2,407.0
2023-07-31,35287.0,864.0,25344.0,1166.0,7416.0,5853.0,2512.0,589.2,1395.0,1025.0,180.0,459.0
2023-08-01,31097.5,554.5,20926.0,1420.6,5630.5,2992.0,1962.0,614.0,1523.0,1202.0,150.0,485.5
2023-08-02,26908.0,245.0,16508.0,1675.2,3845.0,3202.1666666666665,1355.0,363.0,1676.5,1217.6,514.0,512.0
2023-08-03,31293.66667,301.0,18719.66667,1929.8,4521.666667,3412.3333333333335,1577.0,180.0,1830.0,1233.2,509.0,666.0
2023-08-04,35679.33333,357.0,20931.33333,2184.4,5198.333333,3622.5,1799.0,183.4,1650.4,1248.8,504.0,820.0
2023-08-05,40065.0,413.0,23143.0,2439.0,5875.0,3832.6666666666665,2021.0,186.8,1470.8,1264.4,499.0,974.0
2023-08-06,34634.0,920.5,17216.0,2905.5,7147.5,4042.833333333333,2243.0,190.2,1291.2,1280.0,494.0,1128.0
2023-08-07,29203.0,1428.0,11289.0,3372.0,8420.0,4253.0,2465.0,193.6,1111.6,1887.5,489.0,1574.0
2023-08-08,45008.0,808.5,17180.0,2803.0,6712.0,8128.0,4467.0,197.0,932.0,2495.0,818.0,1302.5
2023-08-09,60813.0,189.0,23071.0,2234.0,5004.0,7063.0,2871.0,712.0,1251.0,1947.5,696.0,1031.0
2023-08-10,55382.33333,446.6666667,19441.0,1881.0,6228.0,6263.0,2785.6,683.6666666666666,1570.0,1400.0,605.4,1051.5
2023-08-11,49951.66667,704.3333333,15811.0,1528.0,7452.0,5463.0,2700.2,655.3333333333334,1650.0,1320.0,514.8,1072.0
2023-08-12,44521.0,962.0,12181.0,1175.0,8676.0,4663.0,2614.8,627.0,1730.0,1240.0,424.20000000000005,1092.5
2023-08-13,46832.0,904.5,12370.5,1584.0,8161.0,3863.0,2529.4,598.6666666666666,1810.0,1160.0,333.6,1113.0
2023-08-14,49143.0,847.0,12560.0,1993.0,7646.0,3133.5,2444.0,570.3333333333334,1890.0,1467.5,243.0,1542.0
2023-08-15,56791.0,712.0,16898.5,1601.5,8811.5,2404.0,3123.0,542.0,2989.0,1775.0,353.0,1282.0
2023-08-16,64439.0,577.0,21237.0,1210.0,9977.0,5138.0,2553.0,494.0,2799.5,1402.5,232.0,1022.0
2023-08-17,63227.33333,787.3333333,19286.33333,1533.666667,10726.0,5679.5,2742.0,564.0,2610.0,1030.0,355.6,1369.5
2023-08-18,62015.66667,997.6666667,17335.66667,1857.333333,11475.0,6221.0,2931.0,543.8333333333334,2952.0,1460.6666666666667,479.2,1717.0
2023-08-19,60804.0,1208.0,15385.0,2181.0,12224.0,6762.5,3120.0,523.6666666666666,3294.0,1891.3333333333335,602.8,2064.5
2023-08-20,83955.5,1468.0,24663.0,3266.0,13979.5,7304.0,3309.0,503.5,3636.0,2322.0,726.4,2412.0
2023-08-21,107107.0,1728.0,33941.0,4351.0,15735.0,14688.0,3498.0,483.3333333333333,3978.0,1949.0,850.0,1593.0
2023-08-22,87642.5,1258.5,23613.5,2881.5,13204.5,10831.0,9217.0,463.16666666666663,4320.0,1576.0,1261.0,1458.0
2023-08-23,68178.0,789.0,13286.0,1412.0,10674.0,9949.8,3461.0,443.0,3616.0,1906.0,573.0,1323.0
2023-08-24,76779.0,943.0,22391.0,2488.666667,10799.33333,9068.6,3309.4,577.0,2912.0,2236.0,599.0,1416.0
2023-08-25,85380.0,1097.0,31496.0,3565.333333,10924.66667,8187.4,3157.8,593.8,2819.0,2422.6666666666665,625.0,1509.0
2023-08-26,93981.0,1251.0,40601.0,4642.0,11050.0,7306.2,3006.2,610.6,2726.0,2609.3333333333335,651.0,1602.0
2023-08-27,99194.0,1227.0,31414.0,3030.5,12530.0,6425.0,2854.6,627.4,2633.0,2796.0,677.0,1695.0
2023-08-28,104407.0,1203.0,22227.0,1419.0,14010.0,8737.0,2703.0,644.2,2540.0,1957.5,703.0,1156.0
2023-08-29,100482.5,1184.5,20897.5,2163.0,13334.0,8678.857142857143,2537.0,661.0,2501.0,1119.0,410.0,899.5
2023-08-30,96558.0,1166.0,19568.0,2907.0,12658.0,8620.714285714286,2782.0,426.0,2410.5,1069.5,556.0,643.0
2023-08-31,87068.33333,1106.666667,18015.0,2380.0,13558.0,8562.57142857143,2786.6,716.0,2320.0,1020.0,576.0,774.75
2023-09-01,77578.66667,1047.333333,16462.0,1853.0,14458.0,8504.42857142857,2791.2,601.2,2433.0,1326.0,596.0,906.5
2023-09-02,68089.0,988.0,14909.0,1326.0,15358.0,8446.285714285714,2795.8,486.4,2546.0,1632.0,616.0,1038.25
2023-09-03,72278.5,1817.0,22069.0,2343.5,20485.0,8388.142857142857,2800.4,371.6,2659.0,1938.0,636.0,1170.0
2023-09-04,76468.0,2646.0,29229.0,3361.0,25612.0,8330.0,2805.0,256.8,2772.0,2019.5,656.0,1288.0
2023-09-05,70343.0,1632.5,21402.5,2814.0,21283.0,8090.999999999999,4996.0,142.0,3381.0,2101.0,534.0,912.5
2023-09-06,64218.0,619.0,13576.0,2267.0,16954.0,8208.0,5441.0,512.0,2745.5,2568.0,611.0,537.0
2023-09-07,68765.0,1204.666667,17955.33333,2546.0,15266.66667,8602.0,4592.8,662.0,2110.0,3035.0,593.8333333333334,590.75
2023-09-08,73312.0,1790.333333,22334.66667,2825.0,13579.33333,8996.0,3744.6,700.4,2157.0,2620.3333333333335,576.6666666666666,644.5
2023-09-09,77859.0,2376.0,26714.0,3104.0,11892.0,9390.0,2896.3999999999996,738.8,2204.0,2205.6666666666665,559.5,698.25
2023-09-10,68411.5,1930.0,24067.5,3161.5,12616.5,9784.0,2048.2,777.2,2251.0,1791.0,542.3333333333334,752.0
2023-09-11,58964.0,1484.0,21421.0,3219.0,13341.0,10629.0,1200.0,815.6,2298.0,2105.0,525.1666666666666,1029.0
2023-09-12,60822.5,1123.0,19235.0,2602.5,13630.0,11790.0,3635.0,854.0,2646.0,2419.0,508.0,1033.5
2023-09-13,62681.0,762.0,17049.0,1986.0,13919.0,12951.0,1787.0,1306.0,1988.5,1912.0,445.0,1038.0
2023-09-14,74401.0,1245.0,25275.33333,2690.666667,14031.0,14112.0,1919.0,1390.0,1331.0,1405.0,281.0,1351.5
2023-09-15,86121.0,1728.0,33501.66667,3395.333333,14143.0,15273.0,2051.0,1340.8,1649.0,2223.0,348.5,1665.0
2023-09-16,97841.0,2211.0,41728.0,4100.0,14255.0,16434.0,2183.0,1291.6,1967.0,3041.0,416.0,1978.5
2023-09-17,84848.0,2221.0,35011.5,3837.5,15551.5,17595.0,2315.0,1242.4,2285.0,3859.0,483.5,2292.0
2023-09-18,71855.0,2231.0,28295.0,3575.0,16848.0,15599.5,2447.0,1193.2,2603.0,3932.0,551.0,2453.0
2023-09-19,91328.5,1725.5,28917.8,3257.5,15500.5,13604.0,3879.0,1144.0,6097.0,4005.0,952.0,1913.0
2023-09-20,110802.0,1220.0,29540.6,2940.0,14153.0,11836.0,3651.0,860.0,5602.166666666667,2774.0,800.0,1373.0
2023-09-21,111152.3333,1418.333333,30163.4,2940.0,15406.33333,11622.75,3787.6,802.0,5107.333333333333,1543.0,720.8,1369.0
2023-09-22,111502.6667,1616.666667,30786.2,2940.0,16659.66667,11409.5,3924.2,842.1999999999999,4612.5,2102.3333333333335,641.6,1365.0
2023-09-23,111853.0,1815.0,31409.0,2940.0,17913.0,11196.25,4060.8,882.4,4117.666666666667,2661.666666666667,562.4,1361.0
2023-09-24,118413.5,1943.0,49089.5,2940.0,18666.0,10983.0,4197.4,922.5999999999999,3622.8333333333335,3221.0,483.2,1357.0
2023-09-25,124974.0,2071.0,66770.0,2940.0,19419.0,15318.0,4334.0,962.8,3128.0,3857.5,404.0,2875.0
2023-09-26,105923.0,1706.0,42799.0,3202.6,16029.0,22191.0,6604.0,1002.9999999999999,5023.0,4494.0,757.0,2923.5
2023-09-27,86872.0,1341.0,18828.0,3465.2,12639.0,21528.4,6327.0,1646.0,4482.0,3772.5,1205.0,2972.0
2023-09-28,94246.0,1475.666667,21764.0,3727.8,12629.66667,20865.8,5697.6,1567.5,3941.0,3051.0,1134.0,2591.0
2023-09-29,101620.0,1610.333333,24700.0,3990.4,12620.33333,20203.2,5068.2,1489.0,3845.5,2812.3333333333335,1063.0,2210.0
2023-09-30,108994.0,1745.0,27636.0,4253.0,12611.0,19540.6,4438.8,1410.5,3750.0,2573.6666666666665,992.0,1829.0
2023-10-01,96245.5,2273.0,25800.5,5294.0,14231.5,18878.0,3809.4,1332.0,3654.5,2335.0,921.0,1448.0
2023-10-02,83497.0,2801.0,23965.0,6335.0,15852.0,27386.0,3180.0,1253.5,3559.0,2746.0,850.0,1775.0
2023-10-03,81075.0,1991.0,23943.5,5919.0,16289.0,14226.0,4587.0,1175.0,4368.0,3157.0,1406.0,2183.5
2023-10-04,78653.0,1181.0,23922.0,5503.0,16726.0,14991.0,4075.0,1373.0,3601.0,2996.0,1679.0,2592.0
2023-10-05,78537.33333,1487.0,24787.66667,4671.333333,15544.33333,15756.0,4062.4,1625.0,2834.0,2835.0,1546.4,2959.5
2023-10-06,78421.66667,1793.0,25653.33333,3839.666667,14362.66667,16521.0,4049.7999999999997,1859.2,3289.75,3041.3333333333335,1413.8,3327.0
2023-10-07,78306.0,2099.0,26519.0,3008.0,13181.0,17286.0,4037.2,2093.4,3745.5,3247.6666666666665,1281.2,3694.5000000000005
2023-10-08,74629.5,2345.5,34979.0,3627.5,14171.0,18051.0,4024.5999999999995,2327.6,4201.25,3454.0,1148.6,4062.0000000000005
2023-10-09,70953.0,2592.0,43439.0,4247.0,15161.0,15247.0,4011.9999999999995,2561.8,4657.0,3762.5,1016.0,3939.0
2023-10-10,90971.5,2175.0,31997.0,2807.0,14889.0,7822.0,4916.0,2796.0,2546.0,4070.9999999999995,1115.0,3215.5
2023-10-11,110990.0,1758.0,20555.0,1367.0,14617.0,8690.0,4516.0,785.0,2879.5,4449.5,1208.0,2492.0
2023-10-12,93131.0,1657.666667,21714.33333,1892.6,14172.66667,9558.0,3831.8,1531.0,3213.0,4828.0,1268.8,2441.5
2023-10-13,75272.0,1557.333333,22873.66667,2418.2,13728.33333,10426.0,3147.6,1860.4,3291.0,5040.0,1329.6,2391.0
2023-10-14,57413.0,1457.0,24033.0,2943.8,13284.0,11294.0,2463.3999999999996,2189.8,3369.0,5252.0,1390.4,2340.5
2023-10-15,85035.5,1520.0,24239.5,3469.4,14004.5,12162.0,1779.1999999999998,2519.2,3447.0,5464.0,1451.2,2290.0
2023-10-16,112658.0,1583.0,24446.0,3995.0,14725.0,12556.0,1095.0,2848.6,3525.0,6329.0,1512.0,2348.0
2023-10-17,78721.0,1277.0,16969.0,3469.0,11166.0,14859.0,3001.0,3178.0,5594.0,7194.0,1373.0,2075.5
2023-10-18,44784.0,971.0,9492.0,2943.0,7607.0,13215.4,3765.0,3034.0,4063.0,5008.0,1008.0,1803.0
2023-10-19,57477.66667,931.6666667,22472.66667,4332.333333,8393.333333,11571.8,3820.6,2225.0,2532.0,2822.0,956.0,2191.0
2023-10-20,70171.33333,892.3333333,35453.33333,5721.666667,9179.666667,9928.2,3876.2,2144.2,2616.25,2645.3333333333335,904.0,2579.0
2023-10-21,82865.0,853.0,48434.0,7111.0,9966.0,8284.6,3931.8,2063.4,2700.5,2468.6666666666665,852.0,2967.0
2023-10-22,78336.0,1850.5,45346.0,6075.5,10959.0,6641.0,3987.4,1982.6,2784.75,2292.0,800.0,3355.0
2023-10-23,73807.0,2848.0,42258.0,5040.0,11952.0,9163.0,4043.0,1901.8,2869.0,2519.0,748.0,2402.0
2023-10-24,74099.5,1944.0,32607.5,3523.5,11598.0,10583.0,2291.0,1821.0,3502.0,2746.0,601.0,2760.5
2023-10-25,74392.0,1040.0,22957.0,2007.0,11244.0,9723.4,5489.0,1989.0,3236.5,3027.5,558.0,3119.0
2023-10-26,78248.66667,1161.0,23499.0,2313.333333,10929.0,8863.8,5455.8,1306.0,2971.0,3309.0,515.8,2566.25
2023-10-27,82105.33333,1282.0,24041.0,2619.666667,10614.0,8004.2,5422.6,1706.8,2811.5,2990.6666666666665,473.6,2013.5
2023-10-28,85962.0,1403.0,24583.0,2926.0,10299.0,7144.6,5389.4,2107.6,2652.0,2672.3333333333335,431.4,1460.75
2023-10-29,75599.0,1071.5,19728.5,2430.0,9923.5,6285.0,5356.2,2508.4,2492.5,2354.0,389.2,908.0
2023-10-30,65236.0,740.0,14874.0,1934.0,9548.0,10090.0,5323.0,2909.2,2333.0,2605.5,347.0,1758.0
2023-10-31,66408.5,2455.5,20203.5,3141.0,15515.0,8699.0,5981.0,3310.0,6181.0,2857.0,1212.0,2032.0
2023-11-01,67581.0,4171.0,25533.0,4348.0,21482.0,8422.0,4583.0,1346.0,5069.5,2780.0,542.0,2306.0
2023-11-02,70611.33333,3604.0,34400.33333,5428.333333,19465.0,8145.0,5160.666666666666,2934.0,3958.0,2703.0,570.0,2479.0
2023-11-03,73641.66667,3037.0,43267.66667,6508.666667,17448.0,7868.0,5738.333333333333,3258.8,4215.5,2493.6666666666665,598.0,2652.0
2023-11-04,76672.0,2470.0,52135.0,7589.0,15431.0,7591.0,6316.0,3583.6,4473.0,2284.3333333333335,626.0,2825.0
2023-11-05,120513.0,2962.0,50716.5,8074.0,16059.0,7314.0,6893.666666666666,3908.4,4730.5,2075.0,654.0,2998.0
2023-11-06,164354.0,3454.0,49298.0,8559.0,16687.0,14250.0,7471.333333333332,4233.2,4988.0,4327.5,682.0,2911.0
2023-11-07,118352.0,2753.5,36262.0,5708.0,15344.0,21053.0,8048.999999999999,4558.0,14180.0,6580.0,1129.0,5862.5
2023-11-08,72350.0,2053.0,23226.0,2857.0,14001.0,19228.0,10066.0,3985.0,8949.5,4564.5,1802.0,8814.0
2023-11-09,88506.0,3878.0,24436.66667,3244.666667,15673.66667,17403.0,8138.999999999999,1613.0,3719.0,2549.0,1645.3333333333333,7801.5
2023-11-10,104662.0,5703.0,25647.33333,3632.333333,17346.33333,15578.0,8058.999999999999,2173.0,3921.25,3246.6666666666665,1488.6666666666667,6789.0
2023-11-11,120818.0,7528.0,26858.0,4020.0,19019.0,13753.0,7979.0,2733.0,4123.5,3944.333333333333,1332.0,5776.5
2023-11-12,98615.0,4792.0,22534.5,3650.0,16320.0,11928.0,7899.0,3293.0,4325.75,4642.0,1175.3333333333335,4764.0
2023-11-13,76412.0,2056.0,18211.0,3280.0,13621.0,10103.0,7819.0,3853.0,4528.0,4796.0,1018.6666666666667,5398.0
2023-11-14,68516.5,1955.0,17775.5,2693.0,12514.0,12400.0,6630.0,4413.0,4477.0,4950.0,862.0,4180.0
2023-11-15,60621.0,1854.0,17340.0,2106.0,11407.0,11177.0,8334.0,3158.0,5609.0,5104.0,539.0,2962.0
2023-11-16,76288.33333,2222.333333,19633.0,3206.333333,11656.66667,10407.25,7651.6,2903.0,6741.0,5258.0,1223.0,3376.5
2023-11-17,91955.66667,2590.666667,21926.0,4306.666667,11906.33333,9637.5,6969.2,3282.0,6435.25,4929.666666666667,1459.5,3791.0
2023-11-18,107623.0,2959.0,24219.0,5407.0,12156.0,8867.75,6286.8,3661.0,6129.5,4601.333333333333,1696.0,4205.5
2023-11-19,98186.0,2976.5,35702.0,6006.0,12820.5,8098.000000000001,5604.4,4040.0,5823.75,4273.0,1932.5,4620.0
2023-11-20,88749.0,2994.0,47185.0,6605.0,13485.0,9237.0,4922.0,4419.0,5518.0,4367.0,2169.0,1594.0
2023-11-21,85152.5,2116.5,34513.0,4997.5,12278.5,8167.999999999999,6219.0,4798.0,5257.0,4461.0,1186.0,2293.0
2023-11-22,81556.0,1239.0,21841.0,3390.0,11072.0,8284.599999999999,6968.0,1922.0,5398.0,3875.0,1025.0,2992.0
2023-11-23,84586.33333,1346.666667,20378.33333,3121.333333,10760.0,8401.199999999999,5990.8,4579.0,5539.0,3289.0,849.0,2386.0
2023-11-24,87616.66667,1454.333333,18915.66667,2852.666667,10448.0,8517.8,5013.6,4090.4,5086.25,2549.0,673.0,1780.0
2023-11-25,90647.0,1562.0,17453.0,2584.0,10136.0,8634.4,4036.3999999999996,3601.8,4633.5,1809.0,497.0,1174.0
2023-11-26,65339.5,1788.5,13387.0,1715.5,9648.0,8751.0,3059.2,3113.2,4180.75,1069.0,321.0,568.0
2023-11-27,40032.0,2015.0,9321.0,847.0,9160.0,5103.0,2082.0,2624.6,3728.0,1344.0,145.0,551.0
2023-11-28,51650.5,1760.0,15230.0,811.0,10149.5,6689.5,3798.0,2136.0,3375.0,1619.0,249.0,1763.5
2023-11-29,63269.0,1505.0,21139.0,775.0,11139.0,8276.0,5741.0,2409.0,3483.5,2248.5,881.0,2976.0
2023-11-30,71420.66667,2029.0,22328.33333,1471.333333,10215.0,9990.5,5968.4,2446.0,3592.0,2878.0,987.6,2891.75
2023-12-01,79572.33333,2553.0,23517.66667,2167.666667,9291.0,11705.0,6195.8,2555.0,4373.0,3353.6666666666665,1094.2,2807.5
2023-12-02,87724.0,3077.0,24707.0,2864.0,8367.0,13419.5,6423.2,2664.0,5154.0,3829.3333333333335,1200.8,2723.25
2023-12-03,94040.5,3419.0,24119.0,2448.0,7022.0,15134.0,6650.6,2773.0,5935.0,4305.0,1307.4,2639.0
2023-12-04,100357.0,3761.0,23531.0,2032.0,5677.0,10076.0,6878.0,2882.0,6716.0,3613.0,1414.0,2825.0
2023-12-05,73066.0,2875.0,22042.5,4973.333333,7133.5,11452.0,5817.0,2991.0,4650.0,2921.0,1337.0,2231.0
2023-12-06,45775.0,1989.0,20554.0,7914.666667,8590.0,11279.2,6464.0,1746.0,4131.5,2664.5,403.0,1637.0
2023-12-07,72583.33333,2668.666667,26925.0,10856.0,12697.66667,11106.4,6787.0,2598.0,3613.0,2408.0,589.8,1504.25
2023-12-08,99391.66667,3348.333333,33296.0,7951.5,16805.33333,10933.6,7110.0,2561.2,3423.25,3199.0,776.6,1371.5
2023-12-09,126200.0,4028.0,39667.0,5047.0,20913.0,10760.8,7433.0,2524.4,3233.5,3990.0,963.4000000000001,1238.75
2023-12-10,110991.5,3304.0,49627.5,6859.0,23157.5,10588.0,7756.000000000001,2487.6,3043.75,4781.0,1150.2,1106.0
2023-12-11,95783.0,2580.0,59588.0,8671.0,25402.0,12263.0,8079.000000000001,2450.8,2854.0,4664.0,1337.0,1505.0
2023-12-12,93391.0,2174.0,38374.0,6890.5,20388.0,13938.0,8469.0,2414.0,3873.0,4547.0,778.0,1687.5
2023-12-13,90999.0,1768.0,17160.0,5110.0,15374.0,12816.2,4993.0,2810.0,2775.5,3908.5,402.0,1870.0
2023-12-14,105700.6667,2192.0,20435.33333,4380.666667,15309.0,11694.4,4434.0,482.0,1678.0,3270.0,374.4,1464.0
2023-12-15,120402.3333,2616.0,23710.66667,3651.333333,15244.0,10572.6,3875.0,801.2,1869.0,2625.0,346.8,1058.0
2023-12-16,135104.0,3040.0,26986.0,2922.0,15179.0,9450.8,3316.0,1120.4,2060.0,1980.0,319.2,652.0
2023-12-17,149079.0,3025.0,23345.5,2898.0,15872.0,8329.0,2757.0,1439.6,2251.0,1335.0,291.6,246.0
2023-12-18,163054.0,3010.0,19705.0,2874.0,16565.0,9585.0,2198.0,1758.8,2442.0,1451.5,264.0,906.0
2023-12-19,114327.0,2418.0,21353.5,5263.5,17333.5,10364.0,2770.0,2078.0,3122.0,1568.0,308.0,868.5
2023-12-20,65600.0,1826.0,23002.0,7653.0,18102.0,9617.285714285714,3318.0,2979.0,3929.0,2519.0,291.0,831.0
2023-12-21,76290.8,2106.2,27330.8,6470.4,17901.4,8870.57142857143,3668.6,3118.0,4736.0,3470.0,436.16666666666663,1175.0
2023-12-22,86981.6,2386.4,31659.6,5287.8,17700.8,8123.857142857143,4019.2,3009.8333333333335,4310.0,3327.6666666666665,581.3333333333333,1519.0
2023-12-23,97672.4,2666.6,35988.4,4105.2,17500.2,7377.142857142857,4369.8,2901.6666666666665,3884.0,3185.3333333333335,726.5,1863.0
2023-12-24,108363.2,2946.8,40317.2,2922.6,17299.6,6630.428571428572,4720.4,2793.5,3458.0,3043.0,871.6666666666666,2207.0
2023-12-25,119054.0,3227.0,44646.0,1740.0,17099.0,5883.714285714286,5071.0,2685.3333333333335,3032.0,2723.5,1016.8333333333333,1909.0
2023-12-26,130425.5,2673.5,37330.5,3758.0,20504.0,5137.0,5982.0,2577.1666666666665,2606.0,2404.0,1162.0,1748.5
2023-12-27,141797.0,2120.0,30015.0,5776.0,23909.0,7200.0,8812.0,2469.0,1692.0,2705.5,808.0,1588.0
2023-12-28,144332.2,2483.0,36152.0,6263.4,24594.0,8392.8,9441.4,1082.0,778.0,3007.0,912.0,2220.0
2023-12-29,146867.4,2846.0,42289.0,6750.8,25279.0,9585.6,10070.8,1420.2,1899.25,4148.666666666667,1029.75,2852.0
2023-12-30,149402.6,3209.0,48426.0,7238.2,25964.0,10778.4,10700.2,1758.4,3020.5,5290.333333333334,1147.5,3484.0
2023-12-31,151937.8,3572.0,54563.0,7725.6,26649.0,11971.2,11329.6,2096.6,4141.75,6432.0,1265.25,4116.0
2024-01-01,154473.0,3935.0,60700.0,8213.0,27334.0,13164.0,11959.0,2434.8,5263.0,5921.0,1383.0,2796.0
2024-01-02,167755.0,3560.5,48130.0,5518.5,29894.5,16565.0,8774.0,2773.0,4331.0,5410.0,1752.0,2579.0
2024-01-03,181037.0,3186.0,35560.0,2824.0,32455.0,15187.333333333334,8704.0,2843.0,3803.0,6167.5,1175.0,2362.0
2024-01-04,173346.3333,2754.666667,38399.33333,3068.666667,29028.0,13809.666666666666,7747.0,290.0,3275.0,6925.0,1077.4,2123.0
2024-01-05,165655.6667,2323.333333,41238.66667,3313.333333,25601.0,12432.0,6790.0,1013.6,3299.75,7695.0,979.8,1884.0
2024-01-06,157965.0,1892.0,44078.0,3558.0,22174.0,11054.333333333332,5833.0,1737.2,3324.5,8465.0,882.2,1645.0
2024-01-07,179367.0,3537.5,62117.0,6183.0,24624.0,9676.666666666666,4876.0,2460.8,3349.25,9235.0,784.6,1406.0
2024-01-08,200769.0,5183.0,80156.0,8808.0,27074.0,8299.0,3919.0,3184.4,3374.0,6889.0,687.0,1196.0
2024-01-09,139172.5,3954.0,54215.0,6400.0,24582.5,8096.0,9963.0,3908.0,4805.0,4543.0,1556.0,1194.1666666666667
2024-01-10,77576.0,2725.0,28274.0,3992.0,22091.0,10117.2,5391.0,2366.0,3769.5,3674.5,414.0,1192.3333333333333
2024-01-11,92875.0,2518.333333,29906.0,4014.0,20931.66667,12138.4,5536.0,2579.0,2734.0,2806.0,371.8333333333333,1190.5
2024-01-12,108174.0,2311.666667,31538.0,4036.0,19772.33333,14159.6,5681.0,2296.4,2862.75,2969.6666666666665,329.6666666666667,1188.6666666666667
2024-01-13,123473.0,2105.0,33170.0,4058.0,18613.0,16180.8,5826.0,2013.8,2991.5,3133.3333333333335,287.5,1186.8333333333333
2024-01-14,98674.5,2012.0,24785.5,3416.5,16570.5,18202.0,5971.0,1731.1999999999998,3120.25,3297.0,245.33333333333334,1185.0
2024-01-15,73876.0,1919.0,16401.0,2775.0,14528.0,12458.0,6116.0,1448.6,3249.0,4164.0,203.16666666666669,1190.0
2024-01-16,91187.0,2211.0,22166.0,3258.5,16327.5,9915.0,5848.0,1166.0,2690.0,5031.0,161.0,1195.0
2024-01-17,108498.0,2503.0,27931.0,3742.0,18127.0,9784.0,5361.0,1819.0,3042.0,4870.5,814.0,1200.0
2024-01-18,113562.6667,2640.0,30976.66667,3929.333333,18232.66667,9653.0,5470.0,1330.0,3394.0,4710.0,819.4,1181.0
2024-01-19,118627.3333,2777.0,34022.33333,4116.666667,18338.33333,9522.0,5579.0,1302.0,3057.75,3771.3333333333335,824.8,1162.0
2024-01-20,123692.0,2914.0,37068.0,4304.0,18444.0,9391.0,5688.0,1274.0,2721.5,2832.666666666667,830.2,1143.0
2024-01-21,122121.0,2554.0,44276.0,6223.0,18054.0,9260.0,5797.0,1246.0,2385.25,1894.0,835.6,1124.0
2024-01-22,120550.0,2194.0,51484.0,8142.0,17664.0,10018.0,5906.0,1218.0,2049.0,3929.5,841.0,1658.0
2024-01-23,118264.5,2160.5,44614.5,7875.5,18188.5,10347.5,3106.0,1190.0,2082.0,5965.0,657.0,1840.0
2024-01-24,115979.0,2127.0,37745.0,7609.0,18713.0,10677.0,3419.0,2382.0,2264.0,7918.0,871.0,2021.9999999999998
2024-01-25,114087.0,2884.0,36417.0,10407.33333,18465.66667,10627.25,3297.0,2180.0,2446.0,9871.0,759.2,2066.75
2024-01-26,112195.0,3641.0,35089.0,13205.66667,18218.33333,10577.5,3175.0,2281.8,2322.5,7437.0,647.4,2111.5
2024-01-27,110303.0,4398.0,33761.0,16004.0,17971.0,10527.75,3053.0,2383.6,2199.0,5003.0,535.6,2156.25
2024-01-28,120694.0,3553.0,44731.0,14705.0,18458.0,10478.0,2931.0,2485.4,2075.5,2569.0,423.8,2201.0
2024-01-29,131085.0,2708.0,55701.0,13406.0,18945.0,15706.0,2809.0,2587.2,1952.0,3455.5,312.0,2331.0
2024-01-30,112198.0,1980.0,54281.5,10610.0,18243.5,8943.0,2988.0,2689.0,2528.0,4342.0,1092.0,1843.5
2024-01-31,93311.0,1252.0,52862.0,7814.0,17542.0,9933.8,5225.0,2563.0,3382.5,5125.5,674.0,1356.0
2024-02-01,123610.3333,2260.666667,54887.33333,8071.333333,17771.33333,10924.6,5666.2,3834.0,4237.0,5909.0,843.6,1728.25
2024-02-02,153909.6667,3269.333333,56912.66667,8328.666667,18000.66667,11915.4,6107.4,3653.0,4128.5,5377.666666666667,1013.2,2100.5
2024-02-03,184209.0,4278.0,58938.0,8586.0,18230.0,12906.2,6548.6,3472.0,4020.0,4846.333333333333,1182.8,2472.75
2024-02-04,145083.0,3398.0,42729.5,6950.5,16739.0,13897.0,6989.8,3291.0,3911.5,4315.0,1352.4,2845.0
2024-02-05,105957.0,2518.0,26521.0,5315.0,15248.0,3884.0,7431.0,3110.0,3803.0,3798.0,1522.0,4242.0
2024-02-06,120225.0,1807.5,23911.5,4653.5,15532.5,17285.0,8459.0,2929.0,5222.0,3281.0,2024.0,4146.0
2024-02-07,134493.0,1097.0,21302.0,3992.0,15817.0,16428.0,9358.0,2853.0,4799.0,3731.0,1975.0,4050.0
2024-02-08,123493.6667,1817.666667,20811.33333,4019.666667,15409.0,15571.0,8686.4,2345.0,4376.0,4181.0,1740.0,3562.5
2024-02-09,112494.3333,2538.333333,20320.66667,4047.333333,15001.0,14714.0,8014.8,2816.0,3957.0,3987.3333333333335,1505.0,3075.0
2024-02-10,101495.0,3259.0,19830.0,4075.0,14593.0,13857.0,7343.2,3287.0,3538.0,3793.6666666666665,1270.0,2587.5
2024-02-11,102725.0,3412.5,33530.0,5288.5,14943.5,13000.0,6671.6,3758.0,3119.0,3600.0,1035.0,2100.0
2024-02-12,103955.0,3566.0,47230.0,6502.0,15294.0,13900.0,6000.0,4229.0,2700.0,3250.0,800.0,2300.0
2024-02-13,111562.5,2669.5,33567.5,7342.0,13603.5,12600.0,7000.0,4700.0,5500.0,2900.0,1100.0,2650.0
2024-02-14,119170.0,1773.0,19905.0,8182.0,11913.0,11300.0,7600.0,5900.0,6500.0,2500.0,600.0,3000.0
2024-02-15,133555.0,1997.333333,21559.33333,8661.333333,12845.33333,12000.0,8240.0,3000.0,7500.0,2100.0,880.0,3160.0
2024-02-16,147940.0,2221.666667,23213.66667,9140.666667,13777.66667,12700.0,8880.0,3120.0,7700.0,3733.333333333333,1160.0,3320.0
2024-02-17,162325.0,2446.0,24868.0,9620.0,14710.0,13400.0,9520.0,3240.0,7900.0,5366.666666666666,1440.0,3480.0
2024-02-18,165655.0,3383.5,33399.5,8852.5,18272.0,14100.0,10160.0,3360.0,8100.0,7000.0,1720.0,3640.0
2024-02-19,168985.0,4321.0,41931.0,8085.0,21834.0,14800.0,10800.0,3480.0,8300.0,6500.0,2000.0,3800.0
2024-02-20,178092.0,3510.5,40573.5,7705.0,19423.0,11300.0,7800.0,3600.0,9900.0,6000.0,1400.0,3100.0
2024-02-21,187199.0,2700.0,39216.0,7325.0,17012.0,9300.0,7200.0,3500.0,7400.0,6050.0,1400.0,3300.0
2024-02-22,179430.3333,2646.0,44246.0,6826.2,19171.33333,10050.0,7160.0,2500.0,4900.0,6100.0,1260.0,3725.0
2024-02-23,171661.6667,2592.0,49276.0,6327.4,21330.66667,10800.0,7120.0,2460.0,4325.0,4833.333333333333,1120.0,4150.0
2024-02-24,163893.0,2538.0,54306.0,5828.6,23490.0,11550.0,7080.0,2420.0,3750.0,3566.6666666666665,980.0,4575.0
2024-02-25,152442.5,2371.5,45480.5,5329.8,17026.5,12300.0,7040.0,2380.0,3175.0,2300.0,840.0,5000.0
2024-02-26,140992.0,2205.0,36655.0,4831.0,10563.0,10200.0,7000.0,2340.0,2600.0,2500.0,700.0,2400.0
2024-02-27,104770.0,1715.5,38826.5,5027.5,10981.0,9900.0,5700.0,2300.0,4300.0,2700.0,700.0,2500.0
2024-02-28,68548.0,1226.0,40998.0,5224.0,11399.0,10116.666666666666,6400.0,2300.0,3750.0,2950.0,900.0,2600.0
2024-02-29,69537.66667,1409.333333,43422.33333,5790.666667,12318.66667,10333.333333333334,6780.0,3200.0,3200.0,3200.0,940.0,2950.0
2024-03-01,70527.33333,1592.666667,45846.66667,6357.333333,13238.33333,10550.0,7160.0,3060.0,3875.0,3000.0,980.0,3300.0
2024-03-02,71517.0,1776.0,48271.0,6924.0,14158.0,10766.666666666666,7540.0,2920.0,4550.0,2800.0,1020.0,3250.0
2024-03-03,79826.0,1520.75,40474.5,4987.0,13106.25,10983.333333333334,7920.0,2780.0,5225.0,2600.0,1060.0,3200.0
2024-03-04,88135.0,1265.5,32678.0,3050.0,12054.5,11200.0,8300.0,2640.0,5900.0,2400.0,1100.0,3033.3333333333335
2024-03-05,72379.5,1010.25,25104.0,4029.0,11002.75,6700.0,7200.0,2500.0,5000.0,2500.0,500.0,2866.6666666666665
2024-03-06,56624.0,755.0,17530.0,5008.0,9951.0,7060.0,6100.0,2100.0,4650.0,1500.0,400.0,2700.0
2024-03-07,70357.33333,1007.666667,19472.0,4450.333333,9348.666667,7420.0,6450.0,1500.0,4300.0,1350.0,420.0,2900.0
2024-03-08,84090.66667,1260.333333,21414.0,3892.666667,8746.333333,7780.0,6800.0,1820.0,4025.0,1200.0,440.0,3100.0
2024-03-09,97824.0,1513.0,23356.0,3335.0,8144.0,8140.0,7150.0,2140.0,3750.0,1050.0,460.0,3300.0
2024-03-10,89803.0,1776.0,32590.0,3137.5,9482.5,8500.0,7500.0,2460.0,3475.0,900.0,480.0,3500.0
2024-03-11,81782.0,2039.0,41824.0,2940.0,10821.0,10100.0,9400.0,2780.0,3200.0,1450.0,500.0,5000.0
2024-03-12,58051.5,1487.5,25025.5,2857.0,9402.0,9150.0,11300.0,3100.0,3100.0,2000.0,700.0,3700.0
2024-03-13,34321.0,1211.75,8227.0,2774.0,7983.0,8200.0,12600.0,2200.0,2800.0,1350.0,400.0,2400.0
2024-03-14,43447.33333,936.0,8484.666667,2616.0,8722.0,8100.0,11460.0,1800.0,2500.0,700.0,400.0,2550.0
2024-03-15,52573.66667,858.0,8742.333333,2458.0,9461.0,8000.0,10320.0,1700.0,2575.0,1100.0,400.0,2700.0
2024-03-16,61659.0,780.0,8957.0,2307.0,10154.0,7900.0,9180.0,1600.0,2650.0,1500.0,400.0,2850.0
2024-03-17,65605.5,800.5,12369.5,3351.0,9448.5,7800.0,8040.0,1500.0,2725.0,1900.0,400.0,3000.0
2024-03-18,69552.0,821.0,15782.0,4395.0,8743.0,6500.0,6900.0,1400.0,2800.0,1450.0,400.0,2500.0
2024-03-19,52782.5,551.0,11830.5,2823.0,7213.0,5200.0,8700.0,1300.0,2700.0,1000.0,500.0,2800.0
2024-03-20,36013.0,281.0,7879.0,1251.0,5683.0,3900.0,6500.0,1100.0,3300.0,1500.0,500.0,3100.0
2024-03-21,37076.33333,415.3333333,14929.0,1536.0,6110.0,4550.0,6440.0,1600.0,3900.0,2000.0,480.0,3050.0
2024-03-22,38139.66667,549.6666667,21979.0,1821.0,6537.0,5200.0,6380.0,1840.0,3300.0,2133.3333333333335,460.0,3000.0
2024-03-23,39203.0,684.0,29029.0,2106.0,6964.0,5850.0,6320.0,2080.0,2700.0,2266.6666666666665,440.0,2950.0
2024-03-24,50820.5,684.0,24666.0,2502.5,6426.5,6500.0,6260.0,2320.0,2100.0,2400.0,420.0,2900.0
2024-03-25,62438.0,684.0,20303.0,2899.0,5889.0,5000.0,6200.0,2560.0,1500.0,600.0,400.0,2800.0
2024-03-26,57991.0,667.0,18484.2,2960.4,5932.4,2600.0,5600.0,2800.0,2200.0,666.6666666666666,300.0,2400.0
2024-03-27,53544.0,650.0,16665.4,3021.8,5975.8,3150.0,6400.0,2900.0,2100.0,733.3333333333334,100.0,2000.0
2024-03-28,49097.0,633.0,14846.6,3083.2,6019.2,3700.0,6080.0,2533.3333333333335,2000.0,800.0,120.0,2150.0
2024-03-29,44650.0,616.0,13027.8,3144.6,6062.6,4250.0,5760.0,2166.6666666666665,1900.0,866.6666666666667,140.0,2300.0
2024-03-30,40203.0,599.0,11209.0,3206.0,6106.0,4800.0,5440.0,1800.0,1800.0,933.3333333333334,160.0,2450.0
2024-03-31,55054.0,768.5,11333.75,3559.0,8530.5,5350.0,5120.0,1433.3333333333333,1700.0,1000.0,180.0,2600.0
2024-04-01,69905.0,938.0,11458.5,3912.0,10955.0,5900.0,4800.0,1066.6666666666665,1600.0,1300.0,200.0,3900.0
2024-04-02,51035.0,610.5,11583.25,2944.5,8331.0,6000.0,3700.0,700.0,2200.0,1600.0,300.0,3550.0
2024-04-03,32165.0,283.0,11708.0,1977.0,5707.0,5560.0,2700.0,1500.0,1700.0,1900.0,316.6666666666667,3200.0
2024-04-04,30652.66667,257.3333333,11135.66667,1988.333333,5120.666667,5120.0,2620.0,400.0,1200.0,2200.0,333.3333333333333,2850.0
2024-04-05,29140.33333,231.6666667,10563.33333,1999.666667,4534.333333,4680.0,2540.0,560.0,1150.0,1633.3333333333335,350.0,2500.0
2024-04-06,27628.0,206.0,9991.0,2011.0,3948.0,4240.0,2460.0,720.0,1100.0,1066.6666666666667,366.6666666666667,2150.0
2024-04-07,42845.5,910.0,16225.0,2154.5,5331.5,3800.0,2380.0,880.0,1050.0,500.0,383.33333333333337,1800.0
2024-04-08,58063.0,1614.0,22459.0,2298.0,6715.0,6700.0,2300.0,1040.0,1000.0,850.0,400.0,1900.0
2024-04-09,43107.5,977.0,16208.0,2213.0,6135.0,5500.0,2700.0,1200.0,1500.0,1200.0,200.0,1650.0
2024-04-10,28152.0,340.0,9957.0,2128.0,5555.0,5280.0,1900.0,800.0,1150.0,900.0,200.0,1400.0
2024-04-11,31394.66667,361.3333333,9687.333333,1831.333333,4704.333333,5060.0,2000.0,1100.0,800.0,600.0,240.0,1475.0
2024-04-12,34637.33333,382.6666667,9417.666667,1534.666667,3853.666667,4840.0,2100.0,1200.0,775.0,633.3333333333334,280.0,1550.0
2024-04-13,37880.0,404.0,9148.0,1238.0,3003.0,4620.0,2200.0,1300.0,750.0,666.6666666666666,320.0,1625.0
2024-04-14,43213.5,666.0,10893.5,2155.0,4564.5,4400.0,2300.0,1400.0,725.0,700.0,360.0,1700.0
2024-04-15,48547.0,928.0,12639.0,3072.0,6126.0,2600.0,2400.0,1500.0,700.0,950.0,400.0,1200.0
2024-04-16,44406.0,678.0,14148.5,2453.5,5554.0,6100.0,4200.0,1600.0,1600.0,1200.0,400.0,1500.0
2024-04-17,40265.0,428.0,15658.0,1835.0,4982.0,6460.0,3200.0,700.0,1350.0,1050.0,400.0,1800.0
2024-04-18,45227.66667,513.0,14848.66667,2198.666667,5003.666667,6820.0,3350.0,600.0,1100.0,900.0,360.0,1800.0
2024-04-19,50190.33333,598.0,14039.33333,2562.333333,5025.333333,7180.0,3500.0,840.0,1325.0,866.6666666666666,320.0,1800.0
2024-04-20,55153.0,683.0,13230.0,2926.0,5047.0,7540.0,3650.0,1080.0,1550.0,833.3333333333334,280.0,1800.0
2024-04-21,57799.0,856.0,17096.0,2906.5,8724.5,7900.0,3800.0,1320.0,1775.0,800.0,240.0,1800.0
2024-04-22,60445.0,1029.0,20962.0,2887.0,12402.0,7500.0,3950.0,1560.0,2000.0,1050.0,200.0,2100.0
2024-04-23,59273.0,856.5,22312.0,2479.5,8929.0,9800.0,4100.0,1800.0,1400.0,1300.0,500.0,2200.0
2024-04-24,58101.0,684.0,23662.0,2072.0,5456.0,9760.0,4100.0,1200.0,1550.0,1150.0,200.0,2300.0
2024-04-25,60781.33333,1281.333333,23434.66667,2108.0,6022.333333,9720.0,4400.0,300.0,1700.0,1000.0,200.0,2100.0
2024-04-26,63461.66667,1878.666667,23207.33333,2144.0,6588.666667,9680.0,4475.0,280.0,1575.0,1325.0,200.0,1900.0
2024-04-27,66142.0,2476.0,22980.0,2180.0,7155.0,9640.0,4550.0,260.0,1450.0,1650.0,200.0,1700.0
2024-04-28,78713.0,1869.0,21114.5,1656.5,7499.0,9600.0,4625.0,240.0,1325.0,1975.0,200.0,1500.0
2024-04-29,91284.0,1262.0,19249.0,1133.0,7843.0,6800.0,4700.0,220.0,1200.0,2300.0,200.0,1500.0
2024-04-30,72058.0,874.5,15189.5,782.5,6844.0,7000.0,700.0,200.0,1700.0,600.0,1700.0,1800.0
2024-05-01,52832.0,487.0,11130.0,432.0,5845.0,7476.666666666667,3900.0,400.0,1800.0,1150.0,1000.0,2100.0
2024-05-02,66709.66667,727.3333333,12868.33333,478.3333333,8742.333333,7953.333333333333,3903.6,1600.0,1900.0,1700.0,300.0,1975.0
2024-05-03,80587.33333,967.6666667,14606.66667,524.6666667,11639.66667,8430.0,3907.2,1690.2,1812.0,1515.3333333333333,291.75,1850.0
2024-05-04,94465.0,1208.0,16345.0,571.0,14537.0,8906.666666666666,3910.8,1780.4,1724.0,1330.6666666666667,283.5,1725.0
2024-05-05,100158.5,1284.5,21706.0,566.5,14840.0,9383.333333333334,3914.4,1870.6,1636.0,1146.0,275.25,1600.0
2024-05-06,105852.0,1361.0,27067.0,562.0,15143.0,9860.0,3918.0,1960.8,1548.0,926.0,267.0,3592.0
2024-05-07,83593.0,952.0,20979.0,557.5,13970.5,10649.0,6118.0,2051.0,1388.0,706.0,372.0,2528.0
2024-05-08,61334.0,543.0,14891.0,553.0,12798.0,11438.0,5675.0,1622.0,1176.0,1102.5,350.1666666666667,1464.0
2024-05-09,75092.33333,807.3333333,21530.0,807.0,15330.0,6800.0,4984.6,182.0,964.0,1499.0,328.3333333333333,1735.0
2024-05-10,88850.66667,1071.666667,28169.0,1061.0,17862.0,5802.666666666667,4294.2,383.8,918.75,1566.0,306.5,2006.0
2024-05-11,102609.0,1336.0,34808.0,1315.0,20394.0,4805.333333333333,3603.8,585.6,873.5,1633.0,284.6666666666667,2277.0
2024-05-12,97677.5,1097.5,34816.5,1860.5,16795.0,3808.0,2913.4,787.4000000000001,828.25,1700.0,262.83333333333337,2548.0
2024-05-13,92746.0,859.0,34825.0,2406.0,13196.0,11627.0,2223.0,989.2,783.0,1761.0,241.0,2400.0
2024-05-14,90248.0,659.0,24343.0,2862.0,14003.0,3971.0,3156.0,1191.0,1713.0,1822.0,327.0,1598.5
2024-05-15,87750.0,459.0,13861.0,3318.0,14810.0,4888.5,3251.0,206.0,2553.5,1505.5,122.0,797.0
2024-05-16,94432.33333,927.6666667,32986.33333,3612.666667,16234.66667,5806.0,3076.0,565.0,3394.0,1189.0,364.0,1026.25
2024-05-17,101114.6667,1396.333333,52111.66667,3907.333333,17659.33333,6723.5,2901.0,851.8,3647.0,1473.0,606.0,1255.5
2024-05-18,107797.0,1865.0,71237.0,4202.0,19084.0,7641.0,2726.0,1138.6,3900.0,1757.0,848.0,1484.75
2024-05-19,124859.5,2105.0,55632.0,3579.5,17993.5,8558.5,2551.0,1425.4,4153.0,2041.0,1090.0,1714.0
2024-05-20,141922.0,2345.0,40027.0,2957.0,16903.0,9476.0,2376.0,1712.2,4406.0,2237.0,1332.0,1553.0
2024-05-21,111349.5,1575.5,28135.5,2745.5,14633.0,9873.0,4298.0,1999.0,1758.0,2433.0,1383.0,1336.0
2024-05-22,80777.0,806.0,16244.0,2534.0,12363.0,9060.0,4025.0000000000005,1915.0,1750.2222222222222,2369.0,711.0,1119.0
2024-05-23,81153.66667,980.6666667,22522.0,3575.333333,14303.33333,9144.75,4164.400000000001,3047.0,1742.4444444444443,2305.0,814.6,1313.25
2024-05-24,81530.33333,1155.333333,28800.0,4616.666667,16243.66667,9229.5,4303.8,2613.2,1734.6666666666667,1613.6666666666665,918.2,1507.5
2024-05-25,81907.0,1330.0,35078.0,5658.0,18184.0,9314.25,4443.2,2179.4,1726.888888888889,922.3333333333333,1021.8,1701.75
2024-05-26,89356.0,1116.5,28905.0,4460.0,16254.0,9399.0,4582.6,1745.6,1719.111111111111,231.0,1125.4,1896.0
2024-05-27,96805.0,903.0,22732.0,3262.0,14324.0,9933.0,4722.0,1311.8,1711.3333333333333,683.0,1229.0,1526.0
2024-05-28,108135.0,950.0,27312.0,4316.0,15769.5,3492.0,5062.0,878.0,1703.5555555555557,1135.0,2335.0,1058.5
2024-05-29,119465.0,997.0,31892.0,5370.0,17215.0,4154.2,3650.0,309.0,1695.7777777777778,847.5,648.0,591.0
2024-05-30,107970.6667,922.0,26232.66667,4533.0,15667.66667,4816.4,3498.2,454.0,1688.0,560.0,588.0,537.0
2024-05-31,96476.33333,847.0,20573.33333,3696.0,14120.33333,5478.6,3346.4,477.8,1489.25,558.6666666666666,528.0,483.0
2024-06-01,84982.0,772.0,14914.0,2859.0,12573.0,6140.8,3194.6,501.6,1290.5,557.3333333333334,468.0,429.0
2024-06-02,111750.0,1264.5,43156.5,6668.0,15363.0,6803.0,3042.8,525.4,1091.75,556.0,408.0,375.0
2024-06-03,138518.0,1757.0,71399.0,10477.0,18153.0,12241.0,2891.0,549.2,893.0,2811.5,348.0,1524.0
2024-06-04,100934.5,1322.5,50918.0,5528.0,19546.0,15935.0,6542.0,573.0,2352.0,5067.0,1480.0,1321.0
2024-06-05,63351.0,888.0,30437.0,579.0,20939.0,15935.0,4577.0,339.5,2469.5,3203.0,564.0,1118.0
2024-06-06,63351.0,888.0,30437.0,579.0,20939.0,15935.0,4577.0,106.0,2587.0,1339.0,564.0,1118.0
